CodigoOC,FechaEnvio,Region,Proveedor,Producto,EspecificacionComprador,CategoriaONU,CodigoProductoONU,Cantidad,Unidad,PrecioNeto,TotalLinea,Moneda
2674-830-AG26,2026-10-01T17:26:02.12,Región Metropolitana de Santiago,SOCIEDAD DE INVERSIONES CRISTIAN BARRAZA SPA,Materiales para guarniciones exteriores,Materiales de construcción conforme a especificaciones técnicas adjuntas,"Artículos para estructuras, obras y construcciones / Materiales para terminaciones exteriores / Materiales para acabado",30151902,1.0,,3033606.0,0.0,CLP
1663-1175-SE26,2026-08-21T09:43:06.607,Región de los Lagos,SOCIEDAD COMERCIAL ELECTRIMAQ LIMITADA,Grapas de ferretería,"AGOSTO 2025 $2.597.170
SEPTIEMBRE 2025 $2.064.240
OCTUBRE 2025 $1.350.980
NOVIEMBRE 2025 $1.183.410
DICIEMBRE 2025 $1.023.950
ENERO 2026 $1.601.300
FEBRERO 2026 $1.600.450",Artículos de fabricación y producción / Artículos de ferretería / Cerrojos,31162404,1.0,,9597899.0,9597899.0,CLP
3616-133-AG26,2026-10-01T12:18:30.233,Región de Coquimbo,DIPRO MEDICAL DEVICE SPA,Fluoruros de sodio,"Barniz de flúor, sabor guinda. Caja de 100 unidades.",Medicamentos y productos farmacéuticos / Medicamentos varios / Fármacos herbales,51212101,1.0,,92600.0,0.0,CLP
3616-133-AG26,2026-10-01T12:18:30.233,Región de Coquimbo,DIPRO MEDICAL DEVICE SPA,Fluoruros de sodio,"Barniz de flúor, sabor melón. Caja de 100 unidades.",Medicamentos y productos farmacéuticos / Medicamentos varios / Fármacos herbales,51212101,1.0,,92600.0,0.0,CLP
3616-133-AG26,2026-10-01T12:18:30.233,Región de Coquimbo,DIPRO MEDICAL DEVICE SPA,Fluoruros de sodio,"Barniz de flúor, sabor chicle. Caja de 100 unidades.",Medicamentos y productos farmacéuticos / Medicamentos varios / Fármacos herbales,51212101,1.0,,92600.0,0.0,CLP
3947-699-AG26,2026-10-02T11:42:11.13,Región del Biobío,CONSTRUCTORA Y COMERCIALIZADORA MOSIL LIMITADA,Focos cialiticos,PROYECTOR LED 200W,"Artículos eléctricos y de iluminación / Artículos de iluminación / Ampolletas, focos y lámparas",39101608,4.0,,23933.0,0.0,CLP
3947-699-AG26,2026-10-02T11:42:11.13,Región del Biobío,CONSTRUCTORA Y COMERCIALIZADORA MOSIL LIMITADA,Focos cialiticos,FOCO TORTUGA ,"Artículos eléctricos y de iluminación / Artículos de iluminación / Ampolletas, focos y lámparas",39101608,6.0,,7410.0,0.0,CLP
3947-699-AG26,2026-10-02T11:42:11.13,Región del Biobío,CONSTRUCTORA Y COMERCIALIZADORA MOSIL LIMITADA,Focos cialiticos,AMPOLLETA LED 9W,"Artículos eléctricos y de iluminación / Artículos de iluminación / Ampolletas, focos y lámparas",39101608,6.0,,652.0,0.0,CLP
3947-699-AG26,2026-10-02T11:42:11.13,Región del Biobío,CONSTRUCTORA Y COMERCIALIZADORA MOSIL LIMITADA,Lubricantes anticorrosivos,ANTICORROSIVO NEGRO,"Combustibles, lubricantes y anticorrosivos / Lubricantes y anticorrosivos / Anticorrosivos",15121802,3.0,,19265.0,0.0,CLP
3947-699-AG26,2026-10-02T11:42:11.13,Región del Biobío,CONSTRUCTORA Y COMERCIALIZADORA MOSIL LIMITADA,Tubos de bajada,BAJADA DE AGUA CANALETA,"Artículos para estructuras, obras y construcciones / Materiales para terminaciones exteriores / Canales para techumbre y accesorios",30151701,1.0,,2341.0,0.0,CLP
3947-699-AG26,2026-10-02T11:42:11.13,Región del Biobío,CONSTRUCTORA Y COMERCIALIZADORA MOSIL LIMITADA,Tubos de bajada,BAJADA CANALETA PVC,"Artículos para estructuras, obras y construcciones / Materiales para terminaciones exteriores / Canales para techumbre y accesorios",30151701,1.0,,2519.0,0.0,CLP
3947-699-AG26,2026-10-02T11:42:11.13,Región del Biobío,CONSTRUCTORA Y COMERCIALIZADORA MOSIL LIMITADA,Tubos de bajada,TAPA CANALETA UNIVERSAL ,"Artículos para estructuras, obras y construcciones / Materiales para terminaciones exteriores / Canales para techumbre y accesorios",30151701,2.0,,860.0,0.0,CLP
3947-699-AG26,2026-10-02T11:42:11.13,Región del Biobío,CONSTRUCTORA Y COMERCIALIZADORA MOSIL LIMITADA,Tubos de bajada,TUBO BAJADA CANALETA,"Artículos para estructuras, obras y construcciones / Materiales para terminaciones exteriores / Canales para techumbre y accesorios",30151701,1.0,,10284.0,0.0,CLP
3947-699-AG26,2026-10-02T11:42:11.13,Región del Biobío,CONSTRUCTORA Y COMERCIALIZADORA MOSIL LIMITADA,Tubos de bajada,ABRAZADERA TUBO BAJADA,"Artículos para estructuras, obras y construcciones / Materiales para terminaciones exteriores / Canales para techumbre y accesorios",30151701,2.0,,938.0,0.0,CLP
3947-699-AG26,2026-10-02T11:42:11.13,Región del Biobío,CONSTRUCTORA Y COMERCIALIZADORA MOSIL LIMITADA,Tubos de bajada,GANCHO TRADICIONAL CANALETA,"Artículos para estructuras, obras y construcciones / Materiales para terminaciones exteriores / Canales para techumbre y accesorios",30151701,2.0,,785.0,0.0,CLP
3947-699-AG26,2026-10-02T11:42:11.13,Región del Biobío,CONSTRUCTORA Y COMERCIALIZADORA MOSIL LIMITADA,Codo de tubería,CODO CANALETA MARRON,"Equipamiento para el acondicionamiento, distribución y filtrado de fluidos / Control y distribución de líquidos y gases / Accesorios para tuberías",40142317,2.0,,2579.0,0.0,CLP
3947-699-AG26,2026-10-02T11:42:11.13,Región del Biobío,CONSTRUCTORA Y COMERCIALIZADORA MOSIL LIMITADA,Interruptor de lámpara,INTERRUPTOR DIFERENCIAL 25A,Artículos eléctricos y de iluminación / Artefactos y accesorios de iluminación / Accesorios para iluminación,39111810,1.0,,11855.0,0.0,CLP
3947-699-AG26,2026-10-02T11:42:11.13,Región del Biobío,CONSTRUCTORA Y COMERCIALIZADORA MOSIL LIMITADA,Tarjetas de tablero de conectadores de circuitos,TABLERO SOBREPUESTO 6 MODULOS,Artículos de electrónica / Circuitos electrónicos / Conjuntos de circuitos y componentes de radiofrecuencia (RF),32101507,1.0,,9632.0,0.0,CLP
3947-699-AG26,2026-10-02T11:42:11.13,Región del Biobío,CONSTRUCTORA Y COMERCIALIZADORA MOSIL LIMITADA,Pinturas al esmalte,CERESTAIN CASTAÑO,"Artículos de fabricación y producción / Pinturas, diluyentes y accesorios para pintado / Pinturas",31211501,3.0,,37048.0,0.0,CLP
3947-699-AG26,2026-10-02T11:42:11.13,Región del Biobío,CONSTRUCTORA Y COMERCIALIZADORA MOSIL LIMITADA,Bases de tubo,TUBO LED 18W,Artículos de electrónica / Válvulas electrónicas / Piezas y accesorios para tubos electrónicos,32141106,4.0,,1778.0,0.0,CLP
3947-699-AG26,2026-10-02T11:42:11.13,Región del Biobío,CONSTRUCTORA Y COMERCIALIZADORA MOSIL LIMITADA,Rodillos de pintar,RODILLO DE FIBRA O ESPUMA,"Artículos de fabricación y producción / Pinturas, diluyentes y accesorios para pintado / Accesorios para pintar",31211906,5.0,,3260.0,0.0,CLP
2380-1748-AG26,2026-10-02T15:37:55.463,Región de Atacama,JOHANNA ANDREA AROS NORAMBUENA,Plancha de acero inoxidable,18 PLANCHAS AC 03X851X3660 AZM 150.,"Artículos para estructuras, obras y construcciones / Materiales estructurales básicos / Plancha",30102205,18.0,,12500.0,0.0,CLP
2380-1748-AG26,2026-10-02T15:37:55.463,Región de Atacama,JOHANNA ANDREA AROS NORAMBUENA,Maderas duras,36 PINO DIMENSIONADO VERDE 2X2 3.2 M.,"Productos derivados de minerales, plantas y animales / Productos no comestibles de origen vegetal / Madera",11121610,36.0,,2450.0,0.0,CLP
2380-1748-AG26,2026-10-02T15:37:55.463,Región de Atacama,JOHANNA ANDREA AROS NORAMBUENA,Maderas duras,18 PINO TAPAS CANTEADA 1X4 3.2M.,"Productos derivados de minerales, plantas y animales / Productos no comestibles de origen vegetal / Madera",11121610,18.0,,1890.0,0.0,CLP
2380-1752-AG26,2026-10-02T15:40:36.25,Región de Atacama,JOHANNA ANDREA AROS NORAMBUENA,Tablero de partículas,10 OSB MULTIECO 9MM 122X244 CM.,"Productos derivados de minerales, plantas y animales / Productos no comestibles de origen vegetal / Madera",11121611,10.0,,13490.0,0.0,CLP
2380-1752-AG26,2026-10-02T15:40:36.25,Región de Atacama,JOHANNA ANDREA AROS NORAMBUENA,Maderas duras,36 PINO DIMENSIONADO VERDE 2X2 3.2M.,"Productos derivados de minerales, plantas y animales / Productos no comestibles de origen vegetal / Madera",11121610,36.0,,2880.0,0.0,CLP
3179-326-AG26,2026-10-02T12:26:51.013,Región Metropolitana de Santiago,SOCIEDAD DE INVERSIONES CRISTIAN BARRAZA SPA,Grapas de ferretería,"04 CARRO AÉREO PARA PORTÓN COLGADOR. CONFORME A ANEXO N°1 REQUERIMIENTOS TECNICOS
",Artículos de fabricación y producción / Artículos de ferretería / Cerrojos,31162404,4.0,,50592.0,0.0,CLP
3179-326-AG26,2026-10-02T12:26:51.013,Región Metropolitana de Santiago,SOCIEDAD DE INVERSIONES CRISTIAN BARRAZA SPA,Grapas de ferretería,"02 RIEL CORREDERO METÁLICO DE 6 METROS PARA PORTÓN. CONFORME A ANEXO N°1 REQUERIMIENTOS TECNICOS
",Artículos de fabricación y producción / Artículos de ferretería / Cerrojos,31162404,2.0,,22581.0,0.0,CLP
3333-348-SE26,2026-09-29T17:04:13.087,Región de Valparaíso,Ferreteria Mi Casa - Casa matriz,Cemento,"ADQUISICIÓN MATERIALES DE FERRETERIA DPTO SOCIAL, SEGÚN MEMORÁNDUM  254 Y LISTADO N°7 ADJUNTO A LA OC","Artículos para estructuras, obras y construcciones / Hormigón, cemento y yeso / Cemento y cal",30111601,1.0,,177640.0,177640.0,CLP
2318-804-SE26,2026-09-30T11:16:42.453,Región del Maule,Sociedad Vibrados Chile Ltda.-,Puerta de vaivén,ADQUISICION DE MATERIALES SERVICIO HIGIENICO POSTA EL AROMO.,"Artículos para estructuras, obras y construcciones / Puertas, ventanas y vidrios / Puertas",30171511,1.0,,218807.0,218807.0,CLP
2594-925-AG26,2026-10-02T15:49:47.817,Región de Valparaíso,SOCIEDAD COMERCIAL HERMANOS BIJIT LIMITADA,Malla,"MALLA DE BIZCOCHO 6014, DE 1.80 METROS DE ALTO, ROLLO DE 25 METROS. SEGUN DETALLE EN ESPECIFICACION TECNICA ADJUNTO.","Productos derivados de minerales, plantas y animales / Tejidos y materiales de cuero / Tejidos especiales",11162111,1.0,,70000.0,0.0,CLP
2594-925-AG26,2026-10-02T15:49:47.817,Región de Valparaíso,SOCIEDAD COMERCIAL HERMANOS BIJIT LIMITADA,Maderas duras,"ROLLIZOS O POLINES DE PINO IMPREGNADO DE 4 PULGADAS, DE 2.44 METROS. SEGUN DETALLE EN ESPECIFICACION TECNICA ADJUNTO.","Productos derivados de minerales, plantas y animales / Productos no comestibles de origen vegetal / Madera",11121610,10.0,,5000.0,0.0,CLP
3608-538-AG26,2026-10-02T15:42:21.64,Región de la Araucanía,FERRETERIA LA CONSTRUCTORA SPA,Cemento,cemento de 25 kg cada uno,"Artículos para estructuras, obras y construcciones / Hormigón, cemento y yeso / Cemento y cal",30111601,120.0,,3830.0,0.0,CLP
4474-944-SE26,2026-09-30T16:28:27.88,Región del Biobío,GARDY HUGO AGUAYO TAPIA,Plancha de cinc,- 10 PLANCHA DE ZINC ACANALADO 0.30MM X 3.66,"Artículos para estructuras, obras y construcciones / Materiales estructurales básicos / Plancha",30102212,10.0,,8613.445,86134.45,CLP
4157-948-AG26,2026-10-01T16:49:22.783,Región del Ñuble,FERRETERÍA WALTER SPA,Tablas de madera,PIEZAS DE PINO 2*2,"Artículos para estructuras, obras y construcciones / Materiales estructurales básicos / Productos estructurales",30103605,15.0,,1261.0,0.0,CLP
4157-948-AG26,2026-10-01T16:49:22.783,Región del Ñuble,FERRETERÍA WALTER SPA,Madera de encuadre,"CLAVOS DE 4""","Artículos para estructuras, obras y construcciones / Materiales estructurales básicos / Productos estructurales",30103603,6.0,,1513.0,0.0,CLP
4157-948-AG26,2026-10-01T16:49:22.783,Región del Ñuble,FERRETERÍA WALTER SPA,Madera de encuadre,ESQUINEROS LATA GALVANIZADA,"Artículos para estructuras, obras y construcciones / Materiales estructurales básicos / Productos estructurales",30103603,2.0,,3025.0,0.0,CLP
4157-948-AG26,2026-10-01T16:49:22.783,Región del Ñuble,FERRETERÍA WALTER SPA,Madera de encuadre,GALON PINTURA OLEO BLANCO,"Artículos para estructuras, obras y construcciones / Materiales estructurales básicos / Productos estructurales",30103603,1.0,,18487.0,0.0,CLP
4157-948-AG26,2026-10-01T16:49:22.783,Región del Ñuble,FERRETERÍA WALTER SPA,Madera de encuadre,AGUARRAS LITRO,"Artículos para estructuras, obras y construcciones / Materiales estructurales básicos / Productos estructurales",30103603,1.0,,2521.0,0.0,CLP
4157-948-AG26,2026-10-01T16:49:22.783,Región del Ñuble,FERRETERÍA WALTER SPA,Madera de encuadre,CAJA TORNILLOS 1 5/8,"Artículos para estructuras, obras y construcciones / Materiales estructurales básicos / Productos estructurales",30103603,1.0,,840.0,0.0,CLP
4157-948-AG26,2026-10-01T16:49:22.783,Región del Ñuble,FERRETERÍA WALTER SPA,Madera de encuadre,PALMETAS DE SIDING EXTERIOR,"Artículos para estructuras, obras y construcciones / Materiales estructurales básicos / Productos estructurales",30103603,62.0,,2941.0,0.0,CLP
4157-948-AG26,2026-10-01T16:49:22.783,Región del Ñuble,FERRETERÍA WALTER SPA,Madera de encuadre,PLANCHAS INTERNIT 5MM,"Artículos para estructuras, obras y construcciones / Materiales estructurales básicos / Productos estructurales",30103603,5.0,,7983.0,0.0,CLP
4157-948-AG26,2026-10-01T16:49:22.783,Región del Ñuble,FERRETERÍA WALTER SPA,Madera de encuadre,ROLLOS DE MEMBRANA HIDRÓFUGA,"Artículos para estructuras, obras y construcciones / Materiales estructurales básicos / Productos estructurales",30103603,4.0,,18487.0,0.0,CLP
4157-948-AG26,2026-10-01T16:49:22.783,Región del Ñuble,FERRETERÍA WALTER SPA,Madera de encuadre,CAJAS TORNILLOS LENTEJAS 1 1/4,"Artículos para estructuras, obras y construcciones / Materiales estructurales básicos / Productos estructurales",30103603,4.0,,1681.0,0.0,CLP
4157-948-AG26,2026-10-01T16:49:22.783,Región del Ñuble,FERRETERÍA WALTER SPA,Madera de encuadre,LIMA MOTOSIERRA,"Artículos para estructuras, obras y construcciones / Materiales estructurales básicos / Productos estructurales",30103603,1.0,,1261.0,0.0,CLP
4157-948-AG26,2026-10-01T16:49:22.783,Región del Ñuble,FERRETERÍA WALTER SPA,Madera de encuadre,1/2 CAÑAS PINO,"Artículos para estructuras, obras y construcciones / Materiales estructurales básicos / Productos estructurales",30103603,10.0,,2521.0,0.0,CLP
4157-948-AG26,2026-10-01T16:49:22.783,Región del Ñuble,FERRETERÍA WALTER SPA,Madera de encuadre,CLAVOS VOLCANITA,"Artículos para estructuras, obras y construcciones / Materiales estructurales básicos / Productos estructurales",30103603,1.0,,2521.0,0.0,CLP
4157-948-AG26,2026-10-01T16:49:22.783,Región del Ñuble,FERRETERÍA WALTER SPA,Madera de encuadre,CAJA TORNILLOS POLICARBONATO,"Artículos para estructuras, obras y construcciones / Materiales estructurales básicos / Productos estructurales",30103603,1.0,,8319.0,0.0,CLP
4157-948-AG26,2026-10-01T16:49:22.783,Región del Ñuble,FERRETERÍA WALTER SPA,Madera de encuadre,"CLAVOS DE 2 1/2""","Artículos para estructuras, obras y construcciones / Materiales estructurales básicos / Productos estructurales",30103603,2.0,,1261.0,0.0,CLP
4157-948-AG26,2026-10-01T16:49:22.783,Región del Ñuble,FERRETERÍA WALTER SPA,Madera de encuadre,"BROCHA DE 4""","Artículos para estructuras, obras y construcciones / Materiales estructurales básicos / Productos estructurales",30103603,1.0,,1681.0,0.0,CLP
4157-948-AG26,2026-10-01T16:49:22.783,Región del Ñuble,FERRETERÍA WALTER SPA,Madera de encuadre,RODILLO DE ESPONJA,"Artículos para estructuras, obras y construcciones / Materiales estructurales básicos / Productos estructurales",30103603,1.0,,3782.0,0.0,CLP
4157-948-AG26,2026-10-01T16:49:22.783,Región del Ñuble,FERRETERÍA WALTER SPA,Madera de encuadre,BROCA METAL DE 5MM,"Artículos para estructuras, obras y construcciones / Materiales estructurales básicos / Productos estructurales",30103603,1.0,,1008.0,0.0,CLP
4157-948-AG26,2026-10-01T16:49:22.783,Región del Ñuble,FERRETERÍA WALTER SPA,Madera de encuadre,GANCHO CANALETA PVC ,"Artículos para estructuras, obras y construcciones / Materiales estructurales básicos / Productos estructurales",30103603,28.0,,840.0,0.0,CLP
4157-948-AG26,2026-10-01T16:49:22.783,Región del Ñuble,FERRETERÍA WALTER SPA,Madera de encuadre,SEMICODOS PVC DE 75MM,"Artículos para estructuras, obras y construcciones / Materiales estructurales básicos / Productos estructurales",30103603,8.0,,1681.0,0.0,CLP
4157-948-AG26,2026-10-01T16:49:22.783,Región del Ñuble,FERRETERÍA WALTER SPA,Madera de encuadre,ABRAZADERAS PVC,"Artículos para estructuras, obras y construcciones / Materiales estructurales básicos / Productos estructurales",30103603,8.0,,840.0,0.0,CLP
4157-948-AG26,2026-10-01T16:49:22.783,Región del Ñuble,FERRETERÍA WALTER SPA,Madera de encuadre,TUBOS PVC 75MM,"Artículos para estructuras, obras y construcciones / Materiales estructurales básicos / Productos estructurales",30103603,4.0,,5882.0,0.0,CLP
4157-948-AG26,2026-10-01T16:49:22.783,Región del Ñuble,FERRETERÍA WALTER SPA,Madera de encuadre,TAPA CANALETA ,"Artículos para estructuras, obras y construcciones / Materiales estructurales básicos / Productos estructurales",30103603,4.0,,840.0,0.0,CLP
4157-948-AG26,2026-10-01T16:49:22.783,Región del Ñuble,FERRETERÍA WALTER SPA,Tablas de madera,BAJADA CANALETAS PVC ,"Artículos para estructuras, obras y construcciones / Materiales estructurales básicos / Productos estructurales",30103605,4.0,,3361.0,0.0,CLP
4157-948-AG26,2026-10-01T16:49:22.783,Región del Ñuble,FERRETERÍA WALTER SPA,Tablas de madera,CANALETAS PVC 4 MTS ,"Artículos para estructuras, obras y construcciones / Materiales estructurales básicos / Productos estructurales",30103605,6.0,,4842.0,0.0,CLP
4157-948-AG26,2026-10-01T16:49:22.783,Región del Ñuble,FERRETERÍA WALTER SPA,Tablas de madera,VINILIT PVC,"Artículos para estructuras, obras y construcciones / Materiales estructurales básicos / Productos estructurales",30103605,1.0,,3782.0,0.0,CLP
3333-352-SE26,2026-09-30T12:41:12.687,Región de Valparaíso,Ferreteria Mi Casa - Casa matriz,Cemento,"ADQUISICIÓN MATERIALES DE FERRETERIA DPTO SOCIAL, SEGÚN MEMORÁNDUM  256 Y LISTADO N°8 ADJUNTO A LA OC","Artículos para estructuras, obras y construcciones / Hormigón, cemento y yeso / Cemento y cal",30111601,1.0,,425108.0,425108.0,CLP
1070-212-AG26,2026-10-02T16:28:03.78,Región de Magallanes y de la Antártica,FERRETERIA Y COMERCIO BERNARDO VERA SALDIVIA EMPRESA INDIVIDUAL DE RESPONSABILIDAD LIMITADA,Cemento,"Sacos de cemento en formato de 25 Kg.

UNIDAD DE PAGO: 1556","Artículos para estructuras, obras y construcciones / Hormigón, cemento y yeso / Cemento y cal",30111601,20.0,,5966.0,0.0,CLP
4474-951-SE26,2026-10-02T15:26:01.76,Región del Biobío,GARDY HUGO AGUAYO TAPIA,Plancha de cinc,"MATERIALES DE CONSTRUCCIÓN, SEGÚN COTIZACIÓN ADJUNTA.","Artículos para estructuras, obras y construcciones / Materiales estructurales básicos / Plancha",30102212,1.0,,1617504.2016,1617504.2016,CLP
4474-946-SE26,2026-09-30T16:28:54.133,Región del Biobío,GARDY HUGO AGUAYO TAPIA,Plancha de cinc,- 10 PLANCHAS DE ZINC ACANALADO 0.30 MM X 3.66,"Artículos para estructuras, obras y construcciones / Materiales estructurales básicos / Plancha",30102212,10.0,,8613.445,86134.45,CLP
4474-947-SE26,2026-09-30T16:29:17.87,Región del Biobío,GARDY HUGO AGUAYO TAPIA,Plancha de cinc,07 PLANCHA DE ZINC ACANALADO 0.30 MM X 3.66,"Artículos para estructuras, obras y construcciones / Materiales estructurales básicos / Plancha",30102212,7.0,,8613.445,60294.115,CLP
4474-947-SE26,2026-09-30T16:29:17.87,Región del Biobío,GARDY HUGO AGUAYO TAPIA,Aislamiento de tabla rígida,07 PLANCHA INTERNIT 4MM,"Artículos para estructuras, obras y construcciones / Aislantes / Aislamiento térmico",30141507,7.0,,7142.857,49999.998999999996,CLP
1214102-2109-AG26,2026-10-02T10:21:24.86,Región Metropolitana de Santiago,COMERCIAL IDEA SPA,Piedras abrasivas,Gravilla de canto redondo,Artículos de fabricación y producción / Materiales para prensar y abrasivos / Productos abrasivos,31191510,1.0,,168068.0,0.0,CLP
1214102-2109-AG26,2026-10-02T10:21:24.86,Región Metropolitana de Santiago,COMERCIAL IDEA SPA,Malla,"Geotextil 110 x 4 metros, debe tener más de 200gms de densidad, material textil permeable de fibras de polipropileno no tejido, funciones principales. Separación (evita mezcla de suelos), filtración (","Productos derivados de minerales, plantas y animales / Tejidos y materiales de cuero / Tejidos especiales",11162111,1.0,,336134.0,0.0,CLP
1057429-2428-AG26,2026-10-01T16:54:32.853,Región del Biobío,SERVICIOS INDUSTRIALES GEOVECTORES LIMITADA,Instalación o reparación de techos,RETIRO Y DISPOSICICION FINAL DE PIZARREÑO EN USP ((SEGUN REQUERIMIENTO ADJUNTO),"Servicios de construcción y mantenimiento / Servicios de atención, mantenimiento y reparaciones de edificios / Revestimientos de techos, paredes o metalistería",72101601,1.0,,2654000.0,0.0,CLP
1057429-2428-AG26,2026-10-01T16:54:32.853,Región del Biobío,SERVICIOS INDUSTRIALES GEOVECTORES LIMITADA,Instalación o reparación de techos,"INSTALACION DE TECHUMBRE PLANCHA ONDULADA ZINCALUM (SEGUN REQUERIMIENTO ADJUNTO)
","Servicios de construcción y mantenimiento / Servicios de atención, mantenimiento y reparaciones de edificios / Revestimientos de techos, paredes o metalistería",72101601,1.0,,2060167.0,0.0,CLP
1057049-17765-SE26,2026-09-30T09:09:49.923,Región Metropolitana de Santiago,FERRETERIA MANQUEHUE SPA,Niples de tubería,"890-0232	NIPLE UNION DE BRONCE HE DE 1/8"" NPT X 1/8"" NPT","Equipamiento para el acondicionamiento, distribución y filtrado de fluidos / Control y distribución de líquidos y gases / Accesorios para tuberías",40142318,20.0,,1510.0,30200.0,CLP
1057049-17765-SE26,2026-09-30T09:09:49.923,Región Metropolitana de Santiago,FERRETERIA MANQUEHUE SPA,Tubería de cobre,"890-0128	TIRA CAÑERIA 3/4"" CU TIPO L CON CERTIFICACION PARA USO MEDICINAL","Equipamiento para el acondicionamiento, distribución y filtrado de fluidos / Control y distribución de líquidos y gases / Tuberías",40142110,14.0,,32000.0,448000.0,CLP
1057049-17765-SE26,2026-09-30T09:09:49.923,Región Metropolitana de Santiago,FERRETERIA MANQUEHUE SPA,Tubería de cobre,"890-0125	TIRA CAÑERIA 1"" CU TIPO L CON CERTIFICACION PARA USO MEDICINAL","Equipamiento para el acondicionamiento, distribución y filtrado de fluidos / Control y distribución de líquidos y gases / Tuberías",40142110,12.0,,53000.0,636000.0,CLP
1057049-17765-SE26,2026-09-30T09:09:49.923,Región Metropolitana de Santiago,FERRETERIA MANQUEHUE SPA,Tubería de cobre,"890-0124	TIRA CAÑERIA 1 1/4"" CU TIPO L CON CERTIFICACION PARA USO MEDICINAL","Equipamiento para el acondicionamiento, distribución y filtrado de fluidos / Control y distribución de líquidos y gases / Tuberías",40142110,8.0,,70000.0,560000.0,CLP
1057049-17765-SE26,2026-09-30T09:09:49.923,Región Metropolitana de Santiago,FERRETERIA MANQUEHUE SPA,Discos,"838-0044	DISCO DE CORTE METAL 4 1/2""","Maquinaria para agricultura, pesca y silvicultura / Maquinaria para agricultura, silvicultura y paisaje / Maquinaria agrícola para preparación del suelo",21101513,35.0,,300.0,10500.0,CLP
1057049-17765-SE26,2026-09-30T09:09:49.923,Región Metropolitana de Santiago,FERRETERIA MANQUEHUE SPA,Tornillos para metales,"890-0100	TORNILLO AUTOPERFORANTE 6 X 2"" (100 UN)",Artículos de fabricación y producción / Artículos de ferretería / Tornillos,31161504,8.0,,1500.0,12000.0,CLP
1050283-536-SE26,2026-10-02T08:46:01.107,Región del Libertador General Bernardo O´Higgins,GARCIA RIO SPA,Sets de construcción,"ADQUISICIÓN DE MATERIAL DE CONSTRUCCIÓN PARA REPARACIÓN E INSTALCIÓN DE VEREDAS Y ARMADO DE STAND, ACTIVIDADES MUNICIPALES.
SEGÚN DETALLE ADJUNTO","Instrumentos musicales, juegos, juguetes, artesanías y materiales educativos / Juguetes y juegos / Sistemas de construcción y bloques infantiles",60141302,1.0,,1348358.0,1348358.0,CLP
2448-1129-SE26,2026-10-01T14:21:42.397,Región de Coquimbo,EL VALLE COQUIMBO,Kits de montaje,"PORTA FILTRO HILADO  10X40	



",Artículos de fabricación y producción / Artículos de ferretería / Accesorios de Ferretería,31162313,1.0,,70368.0,70368.0,CLP
2448-1130-SE26,2026-10-01T14:23:54.547,Región de Coquimbo,EL VALLE COQUIMBO,Kits de montaje,"EXTRACTOR DE  AIRE 25  WATTS CAUDAL  295 m3/h	




",Artículos de fabricación y producción / Artículos de ferretería / Accesorios de Ferretería,31162313,16.0,,44550.0,712800.0,CLP
2448-1130-SE26,2026-10-01T14:23:54.547,Región de Coquimbo,EL VALLE COQUIMBO,Kits de montaje,"CERRADURA DE  MANILLA DORMITORIO OFICINA   INOX	
",Artículos de fabricación y producción / Artículos de ferretería / Accesorios de Ferretería,31162313,40.0,,8562.0,342480.0,CLP
2448-1130-SE26,2026-10-01T14:23:54.547,Región de Coquimbo,EL VALLE COQUIMBO,Kits de montaje,"DILUYENTE  SINDETICO  5 LITROS	
",Artículos de fabricación y producción / Artículos de ferretería / Accesorios de Ferretería,31162313,4.0,,12750.0,51000.0,CLP
2546-930-SE26,2026-10-01T16:34:17.693,Región de la Araucanía,ARIDOS JEP SPA,Grava,"BASE CHANCADA DE 1 1/2"" SEGÚN CONTRATO SUMINISTRO DE ARIDOS","Productos derivados de minerales, plantas y animales / Tierra y piedra / Piedras",11111611,450.0,,17647.0588235,7941176.470575,CLP
2994-408-SE26,2026-10-02T09:05:59.167,Región de los Lagos,MAURICIO OMAR MUÑOZ PACHECO,Aceite de motor,SEGUN FACTURA N°61574,"Combustibles, lubricantes y anticorrosivos / Lubricantes y anticorrosivos / Lubricantes",15121501,1.0,,1631092.0,1631092.0,CLP
1079967-543-AG26,2026-09-29T11:37:02.28,Región de Tarapacá,INÉS DEL TRÁNSITO CABRERA ALFARO,Tornillos para madera,CONFORME AL ANEXO N°1 ADJUNTO,Artículos de fabricación y producción / Artículos de ferretería / Tornillos,31161508,1.0,,271776.0,0.0,CLP
4364-533-AG26,2026-09-30T13:36:47.35,Región del Ñuble,HECTOR MUÑOZ 2,Grapas de ferretería,SACOS DE CEMENTOS 25 KG,Artículos de fabricación y producción / Artículos de ferretería / Cerrojos,31162404,20.0,,4850.0,0.0,CLP
4364-533-AG26,2026-09-30T13:36:47.35,Región del Ñuble,HECTOR MUÑOZ 2,Grapas de ferretería,TABLAS DE 1X4 VERDE,Artículos de fabricación y producción / Artículos de ferretería / Cerrojos,31162404,12.0,,2000.0,0.0,CLP
4364-533-AG26,2026-09-30T13:36:47.35,Región del Ñuble,HECTOR MUÑOZ 2,Grapas de ferretería,CAJA DE TORNILLO DE 2 1/2,Artículos de fabricación y producción / Artículos de ferretería / Cerrojos,31162404,2.0,,4500.0,0.0,CLP
4364-533-AG26,2026-09-30T13:36:47.35,Región del Ñuble,HECTOR MUÑOZ 2,Grapas de ferretería,MALLA ACMA DE 2.60 X 5 MTS,Artículos de fabricación y producción / Artículos de ferretería / Cerrojos,31162404,1.0,,28000.0,0.0,CLP
4414-1388-AG26,2026-10-01T13:21:25.533,Región del Biobío,ESTIBALIZ DEL CARMEN IBANEZ FAUNDEZ,Clavo-tornillo,"Clavo terrano Clavos Acero Corriente 3 Kg. Clavos Acero Corriente 4 Kg. Codo pres 20mm CODO SANITARIO 75MM Cortina Baño Ducha movil Fibrocemento de 2,42m. x 1,2m. x 5 mm. Guardapolvo pino 0,75"" x 2""2 ",Artículos de fabricación y producción / Artículos de ferretería / Tornillos,31161503,1.0,,846200.0,0.0,CLP
4414-1388-AG26,2026-10-01T13:21:25.533,Región del Biobío,ESTIBALIZ DEL CARMEN IBANEZ FAUNDEZ,ampolletas halógenas,"Ampolleta 25 w Automático PVC Unipolar 15 Amp. Automático PVC Unipolar 16 Amp. Cable 2,5mm Blanco Cable 2,5mm rojo Cable 2,5mm verde Caja de distribución PVC rectangular sobrepuesta Canaleta 40x16 mm ","Artículos eléctricos y de iluminación / Artículos de iluminación / Ampolletas, focos y lámparas",39101601,1.0,,343602.0,0.0,CLP
4768-324-SE26,2026-10-01T17:24:40.677,Región del Libertador General Bernardo O´Higgins,SOCIEDAD COMERCIAL J Y R SPA,Perfiles de montaje,QUINTO REQUERIMIENTO SEGUN CONVENIO DE SUMINISTRO Y COTIZACION.,Artículos de fabricación y producción / Artículos de ferretería / Accesorios de Ferretería,31162301,1.0,,957515.0,957515.0,CLP
4965-508-SE26,2026-10-01T17:05:27.613,Región del Libertador General Bernardo O´Higgins,SOCIEDAD COMERCIAL J Y R SPA,Cloruro de polivinilo (PVC),PVC HD 20MM X6 MTS.,"Resinas, cauchos, espumas y elastómeros / Caucho y elastómeros / Plásticos termoplásticos",13102030,8.0,,2730.0,21840.0,CLP
4965-508-SE26,2026-10-01T17:05:27.613,Región del Libertador General Bernardo O´Higgins,SOCIEDAD COMERCIAL J Y R SPA,Uniones Hidráulicas,TEE PVC 20MM,Herramientas y maquinaria en general / Maquinaria hidráulica / Accesorios para circuitos hidráulicos,27121704,20.0,,210.0,4200.0,CLP
4965-508-SE26,2026-10-01T17:05:27.613,Región del Libertador General Bernardo O´Higgins,SOCIEDAD COMERCIAL J Y R SPA,Tubería de plástico,CODO PVC 20MM X 90,"Equipamiento para el acondicionamiento, distribución y filtrado de fluidos / Control y distribución de líquidos y gases / Tuberías",40142115,20.0,,140.0,2800.0,CLP
4965-508-SE26,2026-10-01T17:05:27.613,Región del Libertador General Bernardo O´Higgins,SOCIEDAD COMERCIAL J Y R SPA,Cinta autoadhesiva aislante eléctrica,HUINCHA AISLADORA ENGOMADA 19MMX15 MT.,Artículos de fabricación y producción / Cintas adhesivas y selladores / Cinta adhesiva,31201502,1.0,,2580.0,2580.0,CLP
4965-508-SE26,2026-10-01T17:05:27.613,Región del Libertador General Bernardo O´Higgins,SOCIEDAD COMERCIAL J Y R SPA,Pegamento de purpurina,VINILIT 60 CC,"Instrumentos musicales, juegos, juguetes, artesanías y materiales educativos / Equipos de arte y manualidades, accesorios y suministros / Purpurina",60123601,1.0,,1790.0,1790.0,CLP
4965-508-SE26,2026-10-01T17:05:27.613,Región del Libertador General Bernardo O´Higgins,SOCIEDAD COMERCIAL J Y R SPA,Tornillos de anclaje,TORNILLO VOLCANITA 6X2X100 UN.,Artículos de fabricación y producción / Artículos de ferretería / Tornillos,31161502,1.0,,1600.0,1600.0,CLP
4965-508-SE26,2026-10-01T17:05:27.613,Región del Libertador General Bernardo O´Higgins,SOCIEDAD COMERCIAL J Y R SPA,Tornillos de anclaje,TORNILLO VOLCANITA 8X3X100 UN.,Artículos de fabricación y producción / Artículos de ferretería / Tornillos,31161502,1.0,,3050.0,3050.0,CLP
4965-508-SE26,2026-10-01T17:05:27.613,Región del Libertador General Bernardo O´Higgins,SOCIEDAD COMERCIAL J Y R SPA,Nylon - Poliamida (PA),NYLON INVERNADERO 2 MTS. UV DOBLE T ,"Resinas, cauchos, espumas y elastómeros / Caucho y elastómeros / Plásticos termoplásticos",13102011,1.0,,6250.0,6250.0,CLP
4965-508-SE26,2026-10-01T17:05:27.613,Región del Libertador General Bernardo O´Higgins,SOCIEDAD COMERCIAL J Y R SPA,Tornillos de anclaje,TORNILLO VOLCANITA 8X4X100 UN.,Artículos de fabricación y producción / Artículos de ferretería / Tornillos,31161502,1.0,,4200.0,4200.0,CLP
4965-508-SE26,2026-10-01T17:05:27.613,Región del Libertador General Bernardo O´Higgins,SOCIEDAD COMERCIAL J Y R SPA,Tapa de tubería,TAPA PVC 20 SO-SO,"Equipamiento para el acondicionamiento, distribución y filtrado de fluidos / Control y distribución de líquidos y gases / Accesorios para tuberías",40142310,5.0,,120.0,600.0,CLP
4965-508-SE26,2026-10-01T17:05:27.613,Región del Libertador General Bernardo O´Higgins,SOCIEDAD COMERCIAL J Y R SPA,Abrazaderas,ABRAZADERAS SINCADA 20MM,Herramientas y maquinaria en general / Herramientas manuales / Prensas y herramientas especiales,27112103,30.0,,100.0,3000.0,CLP
4965-508-SE26,2026-10-01T17:05:27.613,Región del Libertador General Bernardo O´Higgins,SOCIEDAD COMERCIAL J Y R SPA,Tablero de partículas,TERCIADO ESTRUCTURAL 18MM,"Productos derivados de minerales, plantas y animales / Productos no comestibles de origen vegetal / Madera",11121611,1.0,,27720.0,27720.0,CLP
4965-508-SE26,2026-10-01T17:05:27.613,Región del Libertador General Bernardo O´Higgins,SOCIEDAD COMERCIAL J Y R SPA,Extractor de tornillos,EXTRACTOR DE AIRE PARA BAÑO 100MM,"Herramientas y maquinaria en general / Herramientas manuales / Llaves, destornilladores y guías",27111709,1.0,,19800.0,19800.0,CLP
4965-508-SE26,2026-10-01T17:05:27.613,Región del Libertador General Bernardo O´Higgins,SOCIEDAD COMERCIAL J Y R SPA,Cuerda de nilon,CUERDA TRENZADA 3MM BLANCO ,"Artículos de fabricación y producción / Cuerdas, cadenas, cables, alambres y correas / Cuerdas y cables",31151504,5.0,,110.0,550.0,CLP
4965-508-SE26,2026-10-01T17:05:27.613,Región del Libertador General Bernardo O´Higgins,SOCIEDAD COMERCIAL J Y R SPA,Escuadras,ESCUADRA SILLA 1 1/2 X 1 1/2 '',Herramientas y maquinaria en general / Herramientas manuales / Herramientas de medición y trazado,27111803,6.0,,210.0,1260.0,CLP
4965-508-SE26,2026-10-01T17:05:27.613,Región del Libertador General Bernardo O´Higgins,SOCIEDAD COMERCIAL J Y R SPA,Cuchillos cartoneros,CARTONEROS PRO SK5 18X100MM PULSADOR PLANO,"Equipos, accesorios y suministros de oficina / Suministros de oficina / Suministros de escritorio",44121612,2.0,,1750.0,3500.0,CLP
4965-508-SE26,2026-10-01T17:05:27.613,Región del Libertador General Bernardo O´Higgins,SOCIEDAD COMERCIAL J Y R SPA,Cinta adhesiva de doble cara,CINTA DOBLE CONTACTO TRANSPARENTE 12MMX1.5,Artículos de fabricación y producción / Cintas adhesivas y selladores / Cinta adhesiva,31201505,1.0,,2470.0,2470.0,CLP
4965-508-SE26,2026-10-01T17:05:27.613,Región del Libertador General Bernardo O´Higgins,SOCIEDAD COMERCIAL J Y R SPA,Pintura,LATEX 1 LITRO BLANCO PRAGA,"Educación, formación, entrenamiento y capacitación / Servicios educativos especializados / Bellas artes",86131502,1.0,,4100.0,4100.0,CLP
5434-351-AG26,2026-10-01T09:41:25.5,Región Metropolitana de Santiago,Alfombras Checoeslovaquia SpA,Azulejos o baldosas de cerámica,piso vinilico adhesivo de alto trafico de 5m2,"Artículos para estructuras, obras y construcciones / Productos de construcción estructurales / Azulejos y baldosas",30131704,22.0,,21750.0,0.0,CLP
551029-81-AG26,2026-10-02T09:10:53.467,Región del Maule,SOLANGELA ,Tablas de madera,"Se requiere cotizar materiales de construcción, PROGRAMA ORASMI. Ver antecedentes en archivo adjunto.","Artículos para estructuras, obras y construcciones / Materiales estructurales básicos / Productos estructurales",30103605,1.0,,293300.0,0.0,CLP
838104-890-CM26,2026-09-30T12:41:27.22,Región Metropolitana de Santiago,SOCIEDAD DE INVERSIONES DASSEN SPA,"TABLERO OSB IMPERIAL LISO 11MM 1,2X2,4MT UNIDAD REGIÓN RM","(2202524) TABLERO OSB IMPERIAL LISO 11MM 1,2X2,4MT UNIDAD REGIÓN RM",,0,8.0,,15130.0,121040.0,CLP
838104-890-CM26,2026-09-30T12:41:27.22,Región Metropolitana de Santiago,SOCIEDAD DE INVERSIONES DASSEN SPA,"MADERA SECA - BRUTO 2""X10""X3,2 M UNIDAD REGIÓN RM","(2157525) MADERA SECA - BRUTO 2""X10""X3,2 M UNIDAD REGIÓN RM",,0,40.0,,7967.0,318680.0,CLP
838104-890-CM26,2026-09-30T12:41:27.22,Región Metropolitana de Santiago,SOCIEDAD DE INVERSIONES DASSEN SPA,ANTICORROSIVO MARBELLA NEGRO OPACO 1 GL UNIDAD REGIÓN RM,(2068921) ANTICORROSIVO MARBELLA NEGRO OPACO 1 GL UNIDAD REGIÓN RM,,0,3.0,,24752.0,74256.0,CLP
838104-890-CM26,2026-09-30T12:41:27.22,Región Metropolitana de Santiago,SOCIEDAD DE INVERSIONES DASSEN SPA,"BROCHA FERRETOOLS MULTIPROPÓSITO 2"" UNIDAD REGIÓN RM","(2077387) BROCHA FERRETOOLS MULTIPROPÓSITO 2"" UNIDAD REGIÓN RM",,0,5.0,,1026.0,5130.0,CLP
838104-890-CM26,2026-09-30T12:41:27.22,Región Metropolitana de Santiago,SOCIEDAD DE INVERSIONES DASSEN SPA,"BROCHA FERRETOOLS MULTIPROPÓSITO 3"" UNIDAD REGIÓN RM","(2077404) BROCHA FERRETOOLS MULTIPROPÓSITO 3"" UNIDAD REGIÓN RM",,0,5.0,,1601.0,8005.0,CLP
838104-890-CM26,2026-09-30T12:41:27.22,Región Metropolitana de Santiago,SOCIEDAD DE INVERSIONES DASSEN SPA,BARNIZ SOQUINA GALON TARRO ALERCE UNIDAD REGIÓN RM,(2071165) BARNIZ SOQUINA GALON TARRO ALERCE UNIDAD REGIÓN RM,,0,4.0,,30570.0,122280.0,CLP
838104-890-CM26,2026-09-30T12:41:27.22,Región Metropolitana de Santiago,SOCIEDAD DE INVERSIONES DASSEN SPA,RODILLO INBOMED CHIPORRO 5X18CM UNIDAD REGIÓN RM,(2193446) RODILLO INBOMED CHIPORRO 5X18CM UNIDAD REGIÓN RM,,0,10.0,,4837.0,48370.0,CLP
838104-890-CM26,2026-09-30T12:41:27.22,Región Metropolitana de Santiago,SOCIEDAD DE INVERSIONES DASSEN SPA,"TORNILLO AUTOPERFORANTE MAMUT HEXAGONAL CON GOLILLA 12MMX2"" 100 UNIDADES REGIÓN RM","(2210072) TORNILLO AUTOPERFORANTE MAMUT HEXAGONAL CON GOLILLA 12MMX2"" 100 UNIDADES REGIÓN RM",,0,2.0,,4820.0,9640.0,CLP
2380-1753-AG26,2026-10-02T15:40:54.727,Región de Atacama,ALEJANDRO MAURICIO,Accesorios para baños o tanques de hidroterapia,"02 KIT ACCESORIOS PARA BAÑO 3 PIEZAS (PERCHERO, PORTA TOALLA, PORTA PAPEL HIGIÉNICO).

SE ADJUNTA IMAGEN COMO REFERENCIA.",Equipamiento y suministros médicos / Suministros y productos clínicos / Productos de hidroterapia,42142203,2.0,,12000.0,0.0,CLP
2380-1753-AG26,2026-10-02T15:40:54.727,Región de Atacama,ALEJANDRO MAURICIO,Grifos,"02 LLAVES DE LAVAMANOS TIPO GRIFO.

SE ADJUNTA IMAGEN COMO RFERENCIA.","Equipamiento para el acondicionamiento, distribución y filtrado de fluidos / Control y distribución de líquidos y gases / Materiales y accesorios de gasfitería",40141702,2.0,,21000.0,0.0,CLP
2467-1200-SE26,2026-09-28T12:18:34.49,Región del Ñuble,FERNANDO ALBERTO VELOSO OLIVA,Semillas o frutos secos con cáscara,"SEMILLA RYE GRASS PHD X 22.68 KG
","Alimentos, bebidas y tabaco / Frutas, verduras y frutos secos / Frutos secos",50101716,4.0,,198131.0,792524.0,CLP
2467-1200-SE26,2026-09-28T12:18:34.49,Región del Ñuble,FERNANDO ALBERTO VELOSO OLIVA,Semillas o frutos secos con cáscara,"SEM PRADO SN CARLOS APQ ANASAC SACO 25 KG
","Alimentos, bebidas y tabaco / Frutas, verduras y frutos secos / Frutos secos",50101716,3.0,,198115.0,594345.0,CLP
2467-1200-SE26,2026-09-28T12:18:34.49,Región del Ñuble,FERNANDO ALBERTO VELOSO OLIVA,Semillas o frutos secos con cáscara,SEMILLA MEZCLA SUPER POLO SACO 25 KG,"Alimentos, bebidas y tabaco / Frutas, verduras y frutos secos / Frutos secos",50101716,2.0,,236748.0,473496.0,CLP
2728-57-AG26,2026-09-29T16:11:07.973,Región del Ñuble,SOC. EXP E IMP M&M LTDA,Perfiles de montaje,Perfil Cuadrado acero 50x50x2x6 mt  ,Artículos de fabricación y producción / Artículos de ferretería / Accesorios de Ferretería,31162301,20.0,,17000.0,0.0,CLP
2728-57-AG26,2026-09-29T16:11:07.973,Región del Ñuble,SOC. EXP E IMP M&M LTDA,Perfiles de montaje,"Angulo acero 20x20x1,5x6mt ",Artículos de fabricación y producción / Artículos de ferretería / Accesorios de Ferretería,31162301,5.0,,4000.0,0.0,CLP
2728-57-AG26,2026-09-29T16:11:07.973,Región del Ñuble,SOC. EXP E IMP M&M LTDA,Brochas,"Brochas 2""                                                   ","Artículos de fabricación y producción / Pinturas, diluyentes y accesorios para pintado / Accesorios para pintar",31211904,4.0,,1100.0,0.0,CLP
2728-57-AG26,2026-09-29T16:11:07.973,Región del Ñuble,SOC. EXP E IMP M&M LTDA,Pinturas al esmalte,Esmalte sintético Verde Trébol ,"Artículos de fabricación y producción / Pinturas, diluyentes y accesorios para pintado / Pinturas",31211501,3.0,,28000.0,0.0,CLP
2728-57-AG26,2026-09-29T16:11:07.973,Región del Ñuble,SOC. EXP E IMP M&M LTDA,Electrodos para soldar,Soldadura arco E 3/32 P.A.,Maquinaria para fabricación y transformación industrial / Maquinaria y suministros para talleres / Maquinaria para soldadura directa o indirecta,23171515,3.0,,4500.0,0.0,CLP
2728-57-AG26,2026-09-29T16:11:07.973,Región del Ñuble,SOC. EXP E IMP M&M LTDA,Discos de acabado o pulido,"Disco de corte 4""",Equipamiento y suministros médicos / Equipos y suministros odontológicos / Rellenos y acabados dentales y suministros para pulir,42151805,25.0,,500.0,0.0,CLP
2728-57-AG26,2026-09-29T16:11:07.973,Región del Ñuble,SOC. EXP E IMP M&M LTDA,Brocas,Brocas cobalto 8mm      ,Herramientas y maquinaria en general / Herramientas manuales / Accesorios para herramientas,27112801,6.0,,2500.0,0.0,CLP
2728-57-AG26,2026-09-29T16:11:07.973,Región del Ñuble,SOC. EXP E IMP M&M LTDA,Pernos de cabeza hexagonal,"Perno cocina cincado 1/4x21/2"" con tuerca y golilla ",Artículos de fabricación y producción / Artículos de ferretería / Pernos,31161620,100.0,,200.0,0.0,CLP
2728-57-AG26,2026-09-29T16:11:07.973,Región del Ñuble,SOC. EXP E IMP M&M LTDA,Plancha de cinc,"Plancha zinc galvanizado liso 1,0 MM 1000X3000   ","Artículos para estructuras, obras y construcciones / Materiales estructurales básicos / Plancha",30102212,5.0,,23000.0,0.0,CLP
2728-57-AG26,2026-09-29T16:11:07.973,Región del Ñuble,SOC. EXP E IMP M&M LTDA,Pinturas al esmalte,"Esmalte al agua, color blanco                     ","Artículos de fabricación y producción / Pinturas, diluyentes y accesorios para pintado / Pinturas",31211501,6.0,,53000.0,0.0,CLP
2728-57-AG26,2026-09-29T16:11:07.973,Región del Ñuble,SOC. EXP E IMP M&M LTDA,Brochas,"Brocha 3"" ","Artículos de fabricación y producción / Pinturas, diluyentes y accesorios para pintado / Accesorios para pintar",31211904,4.0,,2000.0,0.0,CLP
2728-57-AG26,2026-09-29T16:11:07.973,Región del Ñuble,SOC. EXP E IMP M&M LTDA,Arena silícea,Arena gruesa   ,"Productos derivados de minerales, plantas y animales / Tierra y piedra / Arena",11111701,3.0,,27000.0,0.0,CLP
2728-57-AG26,2026-09-29T16:11:07.973,Región del Ñuble,SOC. EXP E IMP M&M LTDA,Grava,Gravilla       ,"Productos derivados de minerales, plantas y animales / Tierra y piedra / Piedras",11111611,1.0,,31700.0,0.0,CLP
2728-57-AG26,2026-09-29T16:11:07.973,Región del Ñuble,SOC. EXP E IMP M&M LTDA,Cemento,Cemento                           ,"Artículos para estructuras, obras y construcciones / Hormigón, cemento y yeso / Cemento y cal",30111601,16.0,,3900.0,0.0,CLP
2728-57-AG26,2026-09-29T16:11:07.973,Región del Ñuble,SOC. EXP E IMP M&M LTDA,Pinturas aceitosas,Anticorrosivo color Ocre,"Artículos de fabricación y producción / Pinturas, diluyentes y accesorios para pintado / Pinturas",31211505,3.0,,19000.0,0.0,CLP
2728-57-AG26,2026-09-29T16:11:07.973,Región del Ñuble,SOC. EXP E IMP M&M LTDA,Brochas,"Rodillo 23"" chiporro ","Artículos de fabricación y producción / Pinturas, diluyentes y accesorios para pintado / Accesorios para pintar",31211904,8.0,,6000.0,0.0,CLP
2728-57-AG26,2026-09-29T16:11:07.973,Región del Ñuble,SOC. EXP E IMP M&M LTDA,Motores de corriente alterna (CA),"Motor Eléctrico Monofásico 2HP, entre 1400 y 1500 RPM.",Maquinaria para generación y distribución de energía / Generación de energía / Motores,26101602,1.0,,140000.0,0.0,CLP
2728-57-AG26,2026-09-29T16:11:07.973,Región del Ñuble,SOC. EXP E IMP M&M LTDA,Segadora de césped,Cabezal de Engranaje compatible con Husqvarna 143R II,Herramientas y maquinaria en general / Herramientas manuales / Herramientas de jardinería,27112014,1.0,,25000.0,0.0,CLP
2728-57-AG26,2026-09-29T16:11:07.973,Región del Ñuble,SOC. EXP E IMP M&M LTDA,Segadora de césped,"Nylon Orilladora 3 mm, 350 metros.",Herramientas y maquinaria en general / Herramientas manuales / Herramientas de jardinería,27112014,1.0,,33000.0,0.0,CLP
2785-706-AG26,2026-10-01T16:08:43.307,Región del Biobío,ARIDOS SAN JOSE DE PALCO SPA,Malla,"Geotextil permeable (240 metros lineales x 2 metros de ancho), PUESTA Y DESCARGADA EN OBRA.EL MATERIAL SERÁ ENTREGADO DONDE LO REQUIERA EL MANDATE ","Productos derivados de minerales, plantas y animales / Tejidos y materiales de cuero / Tejidos especiales",11162111,240.0,,2625.0,0.0,CLP
2785-706-AG26,2026-10-01T16:08:43.307,Región del Biobío,ARIDOS SAN JOSE DE PALCO SPA,Distribuidoras de áridos,"Gravilla chancada 3/8, PUESTA Y DESCARGADA EN OBRA.",Maquinaria para construcción y edificación / Maquinaria pesada de construcción / Equipos de pavimentación,22101610,32.0,,32495.0,0.0,CLP
3143-163-AG26,2026-10-01T15:42:05.537,Región de Los Ríos,COMERCIALIZADORA FERRETERA PROFER LIMITADA,Colchas aislantes,"Lana de vidirio de 1,2 x 24 mts.","Artículos para estructuras, obras y construcciones / Aislantes / Aislamiento térmico",30141502,4.0,,68485.0,0.0,CLP
3143-163-AG26,2026-10-01T15:42:05.537,Región de Los Ríos,COMERCIALIZADORA FERRETERA PROFER LIMITADA,Revestimiento o láminas de madera,"Planchas de OSB de 1,22 x 2,44 mts, 9,5 mm","Artículos para estructuras, obras y construcciones / Materiales estructurales básicos / Productos estructurales",30103604,30.0,,9160.0,0.0,CLP
3143-163-AG26,2026-10-01T15:42:05.537,Región de Los Ríos,COMERCIALIZADORA FERRETERA PROFER LIMITADA,Plancha de cinc,"Planchas de Zinc 5V de 0,895 x 2,5 mts.","Artículos para estructuras, obras y construcciones / Materiales estructurales básicos / Plancha",30102212,19.0,,7143.0,0.0,CLP
3143-163-AG26,2026-10-01T15:42:05.537,Región de Los Ríos,COMERCIALIZADORA FERRETERA PROFER LIMITADA,Plancha de cinc,"Planchas de Zinc 5V de 0,895 x 3,5 mts.","Artículos para estructuras, obras y construcciones / Materiales estructurales básicos / Plancha",30102212,19.0,,10084.0,0.0,CLP
3143-163-AG26,2026-10-01T15:42:05.537,Región de Los Ríos,COMERCIALIZADORA FERRETERA PROFER LIMITADA,Tornillos para madera,Tornillos para madera (500 unidades c/u),Artículos de fabricación y producción / Artículos de ferretería / Tornillos,31161508,2.0,,5042.0,0.0,CLP
3143-163-AG26,2026-10-01T15:42:05.537,Región de Los Ríos,COMERCIALIZADORA FERRETERA PROFER LIMITADA,Tornillos de apriete,Tornillo autoperforantes con goma (100 unidades c/u),Artículos de fabricación y producción / Artículos de ferretería / Tornillos,31161511,6.0,,3529.0,0.0,CLP
3143-163-AG26,2026-10-01T15:42:05.537,Región de Los Ríos,COMERCIALIZADORA FERRETERA PROFER LIMITADA,Pinturas al esmalte,Galones de pintura para zinc,"Artículos de fabricación y producción / Pinturas, diluyentes y accesorios para pintado / Pinturas",31211501,5.0,,24790.0,0.0,CLP
3143-163-AG26,2026-10-01T15:42:05.537,Región de Los Ríos,COMERCIALIZADORA FERRETERA PROFER LIMITADA,Rodillos de pintar,"Rodillos de pelo corto de 10 a 12 mm, en microfibra o poliamida","Artículos de fabricación y producción / Pinturas, diluyentes y accesorios para pintado / Accesorios para pintar",31211906,6.0,,2185.0,0.0,CLP
539819-376-AG26,2026-09-30T16:59:12.87,Región Metropolitana de Santiago,FERRETERIA LA BENDICION SPA,Tornillos para muros en seco,"SE REQUIERE COMPRAR 7 CAJAS DE TORNILLOS PUNTA BROCA AUTOPERFORANTE YESO-CARTÓN 1-1/4"" 6 MM (1000 UNIDADES POR CAJA). SE ADJUNTAN ESPECIFICACIONES TÉCNICAS.",Artículos de fabricación y producción / Artículos de ferretería / Tornillos,31161509,7.0,,9900.0,0.0,CLP
539819-376-AG26,2026-09-30T16:59:12.87,Región Metropolitana de Santiago,FERRETERIA LA BENDICION SPA,Tornillos para metales,"SE REQUIERE COMPRAR 6 CAJAS DE 30 UNIDADES DE TORNILLOS AUTOPERFORANTES METAL 3"" 8 MM. SE ADJUNTAN ESPECIFICACIONES TÉCNICAS.",Artículos de fabricación y producción / Artículos de ferretería / Tornillos,31161504,16.0,,1270.0,0.0,CLP
539819-376-AG26,2026-09-30T16:59:12.87,Región Metropolitana de Santiago,FERRETERIA LA BENDICION SPA,Tornillos para muros en seco,"SE REQUIERE COMPRAR 17 CAJAS DE 100 UNIDADES DE TORNILLOS AUTOPERFORANTES YESO-CARTÓN 2"" 6 MM. SE ADJUNTAN ESPECIFICACIONES TÉCNICAS.",Artículos de fabricación y producción / Artículos de ferretería / Tornillos,31161509,17.0,,1320.0,0.0,CLP
539819-376-AG26,2026-09-30T16:59:12.87,Región Metropolitana de Santiago,FERRETERIA LA BENDICION SPA,Cintas de papel,SE REQUIERE COMPRAR 14 UNIDADES DE CINTAS DE ENMASCARAR 48 MM X 40 M. SE ADJUNTAN ESPECIFICACIONES TÉCNICAS. MARCA DE REFERENCIA TESA O IGUAL CALIDAD.,Artículos de fabricación y producción / Cintas adhesivas y selladores / Cinta adhesiva,31201515,14.0,,1623.0,0.0,CLP
539819-376-AG26,2026-09-30T16:59:12.87,Región Metropolitana de Santiago,FERRETERIA LA BENDICION SPA,Tornillos para muros en seco,"SE REQUIERE COMPRAR 22 CAJAS DE 100 UNIDADES DE TORNILLOS CABEZA DE LENTEJA 8 X 1/2"" PUNTA BROCA. SE ADJUNTAN ESPECIFICACIONES TÉCNICAS.",Artículos de fabricación y producción / Artículos de ferretería / Tornillos,31161509,22.0,,870.0,0.0,CLP
539819-376-AG26,2026-09-30T16:59:12.87,Región Metropolitana de Santiago,FERRETERIA LA BENDICION SPA,Bolsas de basura,SE REQUIERE COMPRAR 2 EMPAQUES DE 100 UNIDADES DE SACOS PARA ESCOMBROS 50 X 80 CM. SE ADJUNTAN ESPECIFICACIONES TÉCNICAS.,Equipos y suministros de limpieza / Equipo de limpieza / Envases y accesorios para residuos,47121701,2.0,,23800.0,0.0,CLP
539819-376-AG26,2026-09-30T16:59:12.87,Región Metropolitana de Santiago,FERRETERIA LA BENDICION SPA,Hojas de sierra,"SE REQUIERE COMPRAR 1 PACK DE 50 DISCOS DE CORTE METAL EXTRAFINO 4 1/2"" X 1 MM.",Herramientas y maquinaria en general / Herramientas manuales / Accesorios para herramientas,27112802,1.0,,20025.0,0.0,CLP
739-108-AG26,2026-10-02T14:47:00.857,Región de Valparaíso,COMERCIAL ISA LIMITADA,Pinturas al esmalte,"-	Esmalte al Agua Blanco
-	Formato de Tineta
-	Rendimiento de 140-180 m2 por mano
-	Secado al tacto: 30 minutos
-	Tiempo de repintado: 6 horas
-	Uso: Interior y Exterior
-	Protección contra hong","Artículos de fabricación y producción / Pinturas, diluyentes y accesorios para pintado / Pinturas",31211501,3.0,,30600.0,0.0,CLP
739-108-AG26,2026-10-02T14:47:00.857,Región de Valparaíso,COMERCIAL ISA LIMITADA,Rodillos de pintar,rodillos chiporro pelo largo de 18 cms,"Artículos de fabricación y producción / Pinturas, diluyentes y accesorios para pintado / Accesorios para pintar",31211906,2.0,,2800.0,0.0,CLP
739-108-AG26,2026-10-02T14:47:00.857,Región de Valparaíso,COMERCIAL ISA LIMITADA,Brochas,brocha de 3 pulgadas mango madera,"Artículos de fabricación y producción / Pinturas, diluyentes y accesorios para pintado / Accesorios para pintar",31211904,1.0,,1600.0,0.0,CLP
739-108-AG26,2026-10-02T14:47:00.857,Región de Valparaíso,COMERCIAL ISA LIMITADA,Brochas,brocha de 1 ½ pulgada mango madera,"Artículos de fabricación y producción / Pinturas, diluyentes y accesorios para pintado / Accesorios para pintar",31211904,1.0,,1200.0,0.0,CLP
1947-4542-SE26,2026-10-02T11:03:14.85,Región Metropolitana de Santiago,CONSTRUCTORA DE PROYECTOS ANDREA CAMUS EIRL,Levantamiento o reparación de techos,Suministro e instalación de estructura acero galvanizado,"Servicios de construcción y mantenimiento / Servicios de atención, mantenimiento y reparaciones de edificios / Revestimientos de techos, paredes o metalistería",72101605,1.0,,1328400.0,1328400.0,CLP
2403-447-AG26,2026-10-02T12:52:25.94,Región Metropolitana de Santiago,INGENIERIA Y CONSTRUCCION INGEMAC LIMITADA,Conjuntos generales de herramientas,DETALLE DE LOS 103 ITEMS EN DOCUMENTO ADJUNTO,Herramientas y maquinaria en general / Herramientas manuales / Juegos de herramientas,27113201,1.0,,3875201.0,0.0,CLP
2481-94-SE26,2026-09-30T09:09:10.18,Región del Ñuble,FERRETERIA MULTICOMERCIAL LTDA,Pintura,Galón esmalte sintético tricolor negro ,"Educación, formación, entrenamiento y capacitación / Servicios educativos especializados / Bellas artes",86131502,4.0,,50150.0,200600.0,CLP
2481-94-SE26,2026-09-30T09:09:10.18,Región del Ñuble,FERRETERIA MULTICOMERCIAL LTDA,Pintura,Pintura antióxido tricolor negro ,"Educación, formación, entrenamiento y capacitación / Servicios educativos especializados / Bellas artes",86131502,1.0,,46370.0,46370.0,CLP
2481-94-SE26,2026-09-30T09:09:10.18,Región del Ñuble,FERRETERIA MULTICOMERCIAL LTDA,Diluyentes para pinturas,"Diluyente duco
","Artículos de fabricación y producción / Pinturas, diluyentes y accesorios para pintado / Aditivos para pinturas",31211604,5.0,,2520.0,12600.0,CLP
2481-94-SE26,2026-09-30T09:09:10.18,Región del Ñuble,FERRETERIA MULTICOMERCIAL LTDA,Brochas,"Brocha 4""","Artículos de fabricación y producción / Pinturas, diluyentes y accesorios para pintado / Accesorios para pintar",31211904,5.0,,1910.0,9550.0,CLP
2481-94-SE26,2026-09-30T09:09:10.18,Región del Ñuble,FERRETERIA MULTICOMERCIAL LTDA,Brochas,"Brocha 2""","Artículos de fabricación y producción / Pinturas, diluyentes y accesorios para pintado / Accesorios para pintar",31211904,5.0,,940.0,4700.0,CLP
2481-94-SE26,2026-09-30T09:09:10.18,Región del Ñuble,FERRETERIA MULTICOMERCIAL LTDA,Brochas,"Brocha 1""","Artículos de fabricación y producción / Pinturas, diluyentes y accesorios para pintado / Accesorios para pintar",31211904,5.0,,630.0,3150.0,CLP
2481-94-SE26,2026-09-30T09:09:10.18,Región del Ñuble,FERRETERIA MULTICOMERCIAL LTDA,Tela para lijar,Lija metal ,"Maquinaria para fabricación y transformación industrial / Maquinaria y equipos de pulido / Equipo de trituración, lijado y pulido",23131507,5.0,,280.0,1400.0,CLP
2994-400-SE26,2026-09-30T12:39:30.267,Región de los Lagos,MAURICIO OMAR MUÑOZ PACHECO,ampolletas halógenas,SEGUN FACTURA N°61428,"Artículos eléctricos y de iluminación / Artículos de iluminación / Ampolletas, focos y lámparas",39101601,1.0,,106773.0,106773.0,CLP
2994-400-SE26,2026-09-30T12:39:30.267,Región de los Lagos,MAURICIO OMAR MUÑOZ PACHECO,Perfiles de hierro,SEGUN FACTURA N°61496,"Artículos para estructuras, obras y construcciones / Materiales estructurales básicos / Perfiles",30102303,1.0,,38487.0,38487.0,CLP
3442-371-AG26,2026-09-30T14:53:59.16,Región del Maule,FERRETERIA LAS RASTRAS SPA,Vigas de hierro,"Barra fierro perfil cuadrado 30x30x2mm x 6 mts
Para cambio  cortina desinfección en Ptas Vichuquén.","Artículos para estructuras, obras y construcciones / Materiales estructurales básicos / Vigas",30101703,3.0,,19900.0,0.0,CLP
3442-371-AG26,2026-09-30T14:53:59.16,Región del Maule,FERRETERIA LAS RASTRAS SPA,Tornillos de anclaje,"Tornillo autoperforante 1""
Para cambio  cortina desinfección en Ptas Vichuquén.",Artículos de fabricación y producción / Artículos de ferretería / Tornillos,31161502,100.0,,100.0,0.0,CLP
3442-371-AG26,2026-09-30T14:53:59.16,Región del Maule,FERRETERIA LAS RASTRAS SPA,Tornillos de anclaje,"Perno de anclaje 4x3/8
Para cambio  cortina desinfección en Ptas Vichuquén.",Artículos de fabricación y producción / Artículos de ferretería / Tornillos,31161502,8.0,,2500.0,0.0,CLP
3442-371-AG26,2026-09-30T14:53:59.16,Región del Maule,FERRETERIA LAS RASTRAS SPA,Placas de montaje,"Plancha policarbonato 10mmx2.10x4.5 mts
Para cambio  cortina desinfección en Ptas Vichuquén.",Artículos de fabricación y producción / Artículos de ferretería / Accesorios de Ferretería,31162307,1.0,,200000.0,0.0,CLP
3442-371-AG26,2026-09-30T14:53:59.16,Región del Maule,FERRETERIA LAS RASTRAS SPA,Discos abrasivos,"Disco corte metal 4 1/2""
Para cambio  cortina desinfección en Ptas Vichuquén.",Artículos de fabricación y producción / Materiales para prensar y abrasivos / Productos abrasivos,31191506,5.0,,1000.0,0.0,CLP
3442-371-AG26,2026-09-30T14:53:59.16,Región del Maule,FERRETERIA LAS RASTRAS SPA,Soldadura,"soldadura 60/11 punto azul (kilo)
Para cambio  cortina desinfección en Ptas Vichuquén.",Maquinaria para fabricación y transformación industrial / Maquinaria y suministros para talleres / Maquinaria para soldadura directa o indirecta,23171509,1.0,,5000.0,0.0,CLP
3442-371-AG26,2026-09-30T14:53:59.16,Región del Maule,FERRETERIA LAS RASTRAS SPA,Brocas,"Broca para concreto 3/8""
Para cambio  cortina desinfección en Ptas Vichuquén.",Herramientas y maquinaria en general / Herramientas manuales / Accesorios para herramientas,27112801,1.0,,5000.0,0.0,CLP
3560-242-AG26,2026-10-02T14:00:35.233,Región de Valparaíso,RAÚL ENRIQUE MOLINA TORREALBA,Plancha de cinc,Se requiere material de ferretería para Escuela El Libertador según solicitud de compra adjunta. Adjuntar cotización formal con despacho incluido.,"Artículos para estructuras, obras y construcciones / Materiales estructurales básicos / Plancha",30102212,1.0,,326128.0,0.0,CLP
4085-642-SE26,2026-09-30T16:44:00.067,Región del Maule,JOSÉ VÍCTOR SANTANDER KRAMM,Membranas para techos,TECHUMBRE (SIMILAR O EQUIVALENTE A LA MARCA INDICADA),"Artículos para estructuras, obras y construcciones / Materiales para terminaciones exteriores / Materiales para techumbres",30151505,1.0,,544697.0,544697.0,CLP
4085-642-SE26,2026-09-30T16:44:00.067,Región del Maule,JOSÉ VÍCTOR SANTANDER KRAMM,Tabiques de aseos,TABIQUE Y AISLACION (SIMILAR O EQUIVALENTE A LA MARCA INDICADA),"Artículos para estructuras, obras y construcciones / Artefactos sanitarios / Loza sanitaria",30181508,1.0,,400219.0,400219.0,CLP
4085-642-SE26,2026-09-30T16:44:00.067,Región del Maule,JOSÉ VÍCTOR SANTANDER KRAMM,Arcilla cocida en horno seco,CERAMICAS (SIMILAR O EQUIVALENTE A LA MARCA INDICADA),"Instrumentos musicales, juegos, juguetes, artesanías y materiales educativos / Equipos de arte y manualidades, accesorios y suministros / Compuestos de modelado y arcilla, equipos de cerámica y accesorios",60124302,1.0,,606092.0,606092.0,CLP
4085-642-SE26,2026-09-30T16:44:00.067,Región del Maule,JOSÉ VÍCTOR SANTANDER KRAMM,Yeso,CEMENTO - YESO - PINTACAL  (SIMILAR O EQUIVALENTE A LA MARCA INDICADA),"Productos derivados de minerales, plantas y animales / Minerales y metales / Minerales",11101506,1.0,,314749.0,314749.0,CLP
4085-642-SE26,2026-09-30T16:44:00.067,Región del Maule,JOSÉ VÍCTOR SANTANDER KRAMM,Pegamentos o cementos para moldes auriculares,ADHESIVOS  (SIMILAR O EQUIVALENTE A LA MARCA INDICADA),Equipamiento y suministros médicos / Suministros y productos clínicos / Productos y accesorios de otorrinolaringología,42143509,1.0,,353824.0,353824.0,CLP
4085-642-SE26,2026-09-30T16:44:00.067,Región del Maule,JOSÉ VÍCTOR SANTANDER KRAMM,Medio acoplamiento de tubería,PLANZAS (SIMILAR O EQUIVALENTE A LA MARCA INDICADA),"Equipamiento para el acondicionamiento, distribución y filtrado de fluidos / Control y distribución de líquidos y gases / Accesorios para tuberías",40142311,1.0,,18445.0,18445.0,CLP
4085-642-SE26,2026-09-30T16:44:00.067,Región del Maule,JOSÉ VÍCTOR SANTANDER KRAMM,Accesorios para baños o tanques de hidroterapia,SANITARIO (SIMILAR O EQUIVALENTE A LA MARCA INDICADA),Equipamiento y suministros médicos / Suministros y productos clínicos / Productos de hidroterapia,42142203,1.0,,353681.0,353681.0,CLP
4085-642-SE26,2026-09-30T16:44:00.067,Región del Maule,JOSÉ VÍCTOR SANTANDER KRAMM,Piezas forjadas de matriz abierta de cobre,MATERIALES EN COBRE (SIMILAR O EQUIVALENTE A LA MARCA INDICADA),Artículos de fabricación y producción / Piezas forjadas mecanizadas / Piezas forjadas mecanizadas de matriz abierta,31301110,1.0,,491756.0,491756.0,CLP
4085-642-SE26,2026-09-30T16:44:00.067,Región del Maule,JOSÉ VÍCTOR SANTANDER KRAMM,Servicios de cocina o preparación de comidas, BAÑO Y COCINA (SIMILAR O EQUIVALENTE A LA MARCA INDICADA),Servicios de cuidado personal y domésticos / Servicio doméstico y de cuidados / Asistencia y cuidado doméstico,91111603,1.0,,2191891.0,2191891.0,CLP
4085-642-SE26,2026-09-30T16:44:00.067,Región del Maule,JOSÉ VÍCTOR SANTANDER KRAMM,Pinturas aceitosas,"PINTURAS, SPRAY / OLEO (SIMILAR O EQUIVALENTE A LA MARCA INDICADA)","Artículos de fabricación y producción / Pinturas, diluyentes y accesorios para pintado / Pinturas",31211505,1.0,,1817395.0,1817395.0,CLP
4085-642-SE26,2026-09-30T16:44:00.067,Región del Maule,JOSÉ VÍCTOR SANTANDER KRAMM,Empalmes de herramientas del tubo de taladrar,HERRAMIENTAS (SIMILAR O EQUIVALENTE A LA MARCA INDICADA),Maquinaria para minería y perforación / Equipo para perforación y exploración para petróleo / Herramientas de perforación,20121507,1.0,,2604328.0,2604328.0,CLP
4085-642-SE26,2026-09-30T16:44:00.067,Región del Maule,JOSÉ VÍCTOR SANTANDER KRAMM,Enrejado de acero,MALLAS Y ALAMBRES (SIMILAR O EQUIVALENTE A LA MARCA INDICADA),"Artículos para estructuras, obras y construcciones / Materiales estructurales básicos / Rejas",30103201,1.0,,1338924.0,1338924.0,CLP
4085-642-SE26,2026-09-30T16:44:00.067,Región del Maule,JOSÉ VÍCTOR SANTANDER KRAMM,Bombas de vacío,ELECTROBOMBAS E INSUMOS (SIMILAR O EQUIVALENTE A LA MARCA INDICADA),"Equipamiento para el acondicionamiento, distribución y filtrado de fluidos / Bombas y compresores industriales / Bombas",40151502,1.0,,724454.0,724454.0,CLP
4085-642-SE26,2026-09-30T16:44:00.067,Región del Maule,JOSÉ VÍCTOR SANTANDER KRAMM,Kits de herramientas para baterías,ACEITES Y BATERIAS (SIMILAR O EQUIVALENTE A LA MARCA INDICADA),"Maquinaria para generación y distribución de energía / Transmisión de energía eléctrica, mecánica y cinética / Baterías, pilas y accesorios",26111724,1.0,,1402354.0,1402354.0,CLP
4085-642-SE26,2026-09-30T16:44:00.067,Región del Maule,JOSÉ VÍCTOR SANTANDER KRAMM,Juegos de cerraduras,CERRADURAS (SIMILAR O EQUIVALENTE A LA MARCA INDICADA),"Equipos y suministros de defensa, orden público, protección y seguridad / Seguridad, vigilancia y detección / Cerraduras, elementos de seguridad y accesorios",46171503,1.0,,661092.0,661092.0,CLP
4085-642-SE26,2026-09-30T16:44:00.067,Región del Maule,JOSÉ VÍCTOR SANTANDER KRAMM,Perno estriado,PERNOS Y TORNILLOS (SIMILAR O EQUIVALENTE A LA MARCA INDICADA),Artículos de fabricación y producción / Artículos de ferretería / Accesorios de retención,31163215,1.0,,209798.0,209798.0,CLP
4085-642-SE26,2026-09-30T16:44:00.067,Región del Maule,JOSÉ VÍCTOR SANTANDER KRAMM,Cristal de seguridad,BROCAS (SIMILAR O EQUIVALENTE A LA MARCA INDICADA),"Artículos para estructuras, obras y construcciones / Puertas, ventanas y vidrios / Productos de vidrio y cristal",30171707,1.0,,28824.0,28824.0,CLP
4085-642-SE26,2026-09-30T16:44:00.067,Región del Maule,JOSÉ VÍCTOR SANTANDER KRAMM,Mitones,BROCAS (SIMILAR O EQUIVALENTE A LA MARCA INDICADA),"Artículos de fabricación y producción / Pinturas, diluyentes y accesorios para pintado / Accesorios para pintar",31211910,1.0,,225504.0,225504.0,CLP
4085-642-SE26,2026-09-30T16:44:00.067,Región del Maule,JOSÉ VÍCTOR SANTANDER KRAMM,Indicadores de nivel de líquido nucleónico industrial,MANGUERAS (SIMILAR O EQUIVALENTE A LA MARCA INDICADA),Maquinaria para generación y distribución de energía / Equipamiento para energía nuclear / Instrumentos nucleónicos industriales,26141904,1.0,,5084.0,5084.0,CLP
4085-642-SE26,2026-09-30T16:44:00.067,Región del Maule,JOSÉ VÍCTOR SANTANDER KRAMM,Zapatos de niña,NIVELES (SIMILAR O EQUIVALENTE A LA MARCA INDICADA),"Ropa, maletas y productos de aseo personal / Calzado / Zapatos",53111604,1.0,,17731.0,17731.0,CLP
4965-488-SE26,2026-09-22T13:29:44.097,Región del Libertador General Bernardo O´Higgins,SOCIEDAD COMERCIAL J Y R SPA,Cinta para reparar tubería o manguito,TEFLON 3/4 X 50 MTS,Artículos de fabricación y producción / Cintas adhesivas y selladores / Cinta adhesiva,31201519,1.0,,1370.0,1370.0,CLP
4965-488-SE26,2026-09-22T13:29:44.097,Región del Libertador General Bernardo O´Higgins,SOCIEDAD COMERCIAL J Y R SPA,Llaves para tubos,LLAVE TEMPORIZADA URINARIOS STANDARD,"Herramientas y maquinaria en general / Herramientas manuales / Llaves, destornilladores y guías",27111708,2.0,,16790.0,33580.0,CLP
4965-488-SE26,2026-09-22T13:29:44.097,Región del Libertador General Bernardo O´Higgins,SOCIEDAD COMERCIAL J Y R SPA,Llaves para tubos,LLAVE TEMPORIZADA URINARIO NIAGARA,"Herramientas y maquinaria en general / Herramientas manuales / Llaves, destornilladores y guías",27111708,1.0,,14990.0,14990.0,CLP
4965-488-SE26,2026-09-22T13:29:44.097,Región del Libertador General Bernardo O´Higgins,SOCIEDAD COMERCIAL J Y R SPA,Adhesivos de espuma,ESPUMA EXPANSIVA POLIUTERANO 500ML,Artículos de fabricación y producción / Cintas adhesivas y selladores / Adhesivos y selladores,31201608,3.0,,4450.0,13350.0,CLP
4965-488-SE26,2026-09-22T13:29:44.097,Región del Libertador General Bernardo O´Higgins,SOCIEDAD COMERCIAL J Y R SPA,Grifos,LLAVE JARDIN 1/2 HE HE,"Equipamiento para el acondicionamiento, distribución y filtrado de fluidos / Control y distribución de líquidos y gases / Materiales y accesorios de gasfitería",40141702,6.0,,4200.0,25200.0,CLP
4965-488-SE26,2026-09-22T13:29:44.097,Región del Libertador General Bernardo O´Higgins,SOCIEDAD COMERCIAL J Y R SPA,Cinta para reparar tubería o manguito,TEFLON 3/4 X 50 METROS,Artículos de fabricación y producción / Cintas adhesivas y selladores / Cinta adhesiva,31201519,1.0,,1380.0,1380.0,CLP
5042-40-CM26,2026-09-30T18:01:38.91,Región de Arica y Parinacota,EASY RETAIL S.A. .-,"TABLERO TERCIADO ARAUCOPLY ESTRUCTURAL 18 MM 1,22X2,44M UNIDAD REGIÓN XV","(2203094) TABLERO TERCIADO ARAUCOPLY ESTRUCTURAL 18 MM 1,22X2,44M UNIDAD REGIÓN XV",,0,110.0,,22198.0,2441780.0,CLP
5042-40-CM26,2026-09-30T18:01:38.91,Región de Arica y Parinacota,EASY RETAIL S.A. .-,PERFIL ACERO ACEROS COX REDONDO 8 MMX6 M UNIDAD REGIÓN XV,(2170029) PERFIL ACERO ACEROS COX REDONDO 8 MMX6 M UNIDAD REGIÓN XV,,0,1400.0,,3021.0,4229400.0,CLP
5042-40-CM26,2026-09-30T18:01:38.91,Región de Arica y Parinacota,EASY RETAIL S.A. .-,ESMALTE AL AGUA SIPA MATE 4 GL BLANCO UNIDAD REGIÓN XV,(2113980) ESMALTE AL AGUA SIPA MATE 4 GL BLANCO UNIDAD REGIÓN XV,,0,10.0,,81343.0,813430.0,CLP
5042-40-CM26,2026-09-30T18:01:38.91,Región de Arica y Parinacota,EASY RETAIL S.A. .-,DILUYENTE DIDEVAL SINTÉTICO 5 LITROS UNIDAD REGIÓN XV,(2101978) DILUYENTE DIDEVAL SINTÉTICO 5 LITROS UNIDAD REGIÓN XV,,0,12.0,,14853.0,178236.0,CLP
5042-40-CM26,2026-09-30T18:01:38.91,Región de Arica y Parinacota,EASY RETAIL S.A. .-,"BROCHA W WESSER MULTIPROPÓSITO 2"" UNIDAD REGIÓN XV","(2078671) BROCHA W WESSER MULTIPROPÓSITO 2"" UNIDAD REGIÓN XV",,0,15.0,,3492.0,52380.0,CLP
5042-40-CM26,2026-09-30T18:01:38.91,Región de Arica y Parinacota,EASY RETAIL S.A. .-,"BROCHA W WESSER MULTIPROPÓSITO 3"" UNIDAD REGIÓN XV","(2078688) BROCHA W WESSER MULTIPROPÓSITO 3"" UNIDAD REGIÓN XV",,0,15.0,,4118.0,61770.0,CLP
5042-40-CM26,2026-09-30T18:01:38.91,Región de Arica y Parinacota,EASY RETAIL S.A. .-,"BROCHA W WESSER MULTIPROPÓSITO 4"" UNIDAD REGIÓN XV","(2078705) BROCHA W WESSER MULTIPROPÓSITO 4"" UNIDAD REGIÓN XV",,0,30.0,,5510.0,165300.0,CLP
5042-40-CM26,2026-09-30T18:01:38.91,Región de Arica y Parinacota,EASY RETAIL S.A. .-,AGUARRAS DIDEVAL BIDÓN 5 LITROS UNIDAD REGIÓN XV,(2063558) AGUARRAS DIDEVAL BIDÓN 5 LITROS UNIDAD REGIÓN XV,,0,12.0,,10152.0,121824.0,CLP
5042-40-CM26,2026-09-30T18:01:38.91,Región de Arica y Parinacota,EASY RETAIL S.A. .-,HUINCHA DE MEDIR STANLEY METÁLICA 5M UNIDAD REGIÓN XV,(2148235) HUINCHA DE MEDIR STANLEY METÁLICA 5M UNIDAD REGIÓN XV,,0,10.0,,12396.0,123960.0,CLP
1079516-1036-AG26,2026-10-01T12:07:52.247,Región de Valparaíso,SOC COM. DE SERV. PROF. INTELCOM LTDA.,Cordones de seguridad,ADQUISICIÓN DE MATERIALES DE FERRETERIA PARA LA 7MA. COM. COP VALPARAISO. DETALLE Y CARACTERISTICAS EN ARCHIVO ADJUNTO. SE DEBE REMITIR COTIZACIÓN DETALLADA Y CONSIDERAR DESPACHO A DOMICILIO.,"Equipos y suministros de defensa, orden público, protección y seguridad / Equipos para orden público / Equipo de seguridad y control",46151607,1.0,,282520.0,0.0,CLP
1057439-6290-AG26,2026-10-01T15:28:59.37,Región de Coquimbo,ASIA PUBLICIDAD SPA,Campanas,"Campanilla de Acero Inoxidable de Servicio de Mesa, Revisar ficha técnica adjunta, Cotización debe indicar especificaciones técnicas e imagen referencial del producto. Despacho incluido.","Instrumentos musicales, juegos, juguetes, artesanías y materiales educativos / Instrumentos musicales, piezas y accesorios / Instrumentos de percusión",60131402,50.0,,2290.0,0.0,CLP
2817-580-SE26,2026-09-30T17:07:54.073,Región del Libertador General Bernardo O´Higgins,COMERCIAL CASTRO Y CASTRO LIMITADA,Cloruro de polivinilo (PVC),FITTINGS SANITARIO TEE 110MM,"Resinas, cauchos, espumas y elastómeros / Caucho y elastómeros / Plásticos termoplásticos",13102030,30.0,,1596.638,47899.14,CLP
2817-580-SE26,2026-09-30T17:07:54.073,Región del Libertador General Bernardo O´Higgins,COMERCIAL CASTRO Y CASTRO LIMITADA,Cloruro de polivinilo (PVC),FITTINGS SANITARIO CODO 110*90°,"Resinas, cauchos, espumas y elastómeros / Caucho y elastómeros / Plásticos termoplásticos",13102030,17.0,,1091.596,18557.132,CLP
2817-580-SE26,2026-09-30T17:07:54.073,Región del Libertador General Bernardo O´Higgins,COMERCIAL CASTRO Y CASTRO LIMITADA,Cloruro de polivinilo (PVC),TUBO PVC SANITARIO 110 MM X 6MTS,"Resinas, cauchos, espumas y elastómeros / Caucho y elastómeros / Plásticos termoplásticos",13102030,12.0,,9463.025,113556.29999999999,CLP
2817-580-SE26,2026-09-30T17:07:54.073,Región del Libertador General Bernardo O´Higgins,COMERCIAL CASTRO Y CASTRO LIMITADA,"Llave ""T"" para grifos",LLAVE LAVAPLATO,"Herramientas y maquinaria en general / Herramientas manuales / Llaves, destornilladores y guías",27111720,6.0,,14833.613,89001.678,CLP
2817-580-SE26,2026-09-30T17:07:54.073,Región del Libertador General Bernardo O´Higgins,COMERCIAL CASTRO Y CASTRO LIMITADA,Tubería de plástico,CAÑERIA PVC 20 MM X 6MTS,"Artículos de fabricación y producción / Materia prima en planchas, barras o tubos / Tubos y cañerías",31231313,35.0,,1590.0,55650.0,CLP
2817-580-SE26,2026-09-30T17:07:54.073,Región del Libertador General Bernardo O´Higgins,COMERCIAL CASTRO Y CASTRO LIMITADA,Tubería de plástico,CAÑERIA PVC 32 MM X 6MTS,"Artículos de fabricación y producción / Materia prima en planchas, barras o tubos / Tubos y cañerías",31231313,25.0,,2651.0,66275.0,CLP
2817-580-SE26,2026-09-30T17:07:54.073,Región del Libertador General Bernardo O´Higgins,COMERCIAL CASTRO Y CASTRO LIMITADA,Siliconas,SILICONAS MULTIUSO 280 ML,Productos químicos industriales / Compuestos y mezclas / Compuestos inorgánicos,12352310,7.0,,2099.0,14693.0,CLP
2817-580-SE26,2026-09-30T17:07:54.073,Región del Libertador General Bernardo O´Higgins,COMERCIAL CASTRO Y CASTRO LIMITADA,Cloruro de polivinilo (PVC),FITTINGS PVC HIDRAULICO CODO 40MM,"Resinas, cauchos, espumas y elastómeros / Caucho y elastómeros / Plásticos termoplásticos",13102030,30.0,,270.0,8100.0,CLP
2817-580-SE26,2026-09-30T17:07:54.073,Región del Libertador General Bernardo O´Higgins,COMERCIAL CASTRO Y CASTRO LIMITADA,Cloruro de polivinilo (PVC),FITTINGS PVC HIDRAULICO COPLA 90MM,"Resinas, cauchos, espumas y elastómeros / Caucho y elastómeros / Plásticos termoplásticos",13102030,20.0,,1750.0,35000.0,CLP
2817-580-SE26,2026-09-30T17:07:54.073,Región del Libertador General Bernardo O´Higgins,COMERCIAL CASTRO Y CASTRO LIMITADA,Tubería de cobre,"CAÑERIA COBRE 1/2"" L X 6MTS","Artículos de fabricación y producción / Materia prima en planchas, barras o tubos / Tubos y cañerías",31231302,15.0,,36157.0,542355.0,CLP
2817-580-SE26,2026-09-30T17:07:54.073,Región del Libertador General Bernardo O´Higgins,COMERCIAL CASTRO Y CASTRO LIMITADA,Electrodos para soldar,"TERMINAL HI 1/2"" SOLDAR",Maquinaria para fabricación y transformación industrial / Maquinaria y suministros para talleres / Maquinaria para soldadura directa o indirecta,23171515,6.0,,898.0,5388.0,CLP
2817-580-SE26,2026-09-30T17:07:54.073,Región del Libertador General Bernardo O´Higgins,COMERCIAL CASTRO Y CASTRO LIMITADA,Electrodos para soldar,"TERMINAL HE 1/2"" SOLDAR",Maquinaria para fabricación y transformación industrial / Maquinaria y suministros para talleres / Maquinaria para soldadura directa o indirecta,23171515,3.0,,707.0,2121.0,CLP
2817-580-SE26,2026-09-30T17:07:54.073,Región del Libertador General Bernardo O´Higgins,COMERCIAL CASTRO Y CASTRO LIMITADA,Electrodos para soldar,"TEE 1/2"" SOLDAR",Maquinaria para fabricación y transformación industrial / Maquinaria y suministros para talleres / Maquinaria para soldadura directa o indirecta,23171515,2.0,,858.0,1716.0,CLP
2817-580-SE26,2026-09-30T17:07:54.073,Región del Libertador General Bernardo O´Higgins,COMERCIAL CASTRO Y CASTRO LIMITADA,Electrodos para soldar,"CODO 1/2"" SOLDAR",Maquinaria para fabricación y transformación industrial / Maquinaria y suministros para talleres / Maquinaria para soldadura directa o indirecta,23171515,4.0,,593.0,2372.0,CLP
2817-580-SE26,2026-09-30T17:07:54.073,Región del Libertador General Bernardo O´Higgins,COMERCIAL CASTRO Y CASTRO LIMITADA,Papeles de lija,LIJAS PARA METAL,Artículos de fabricación y producción / Materiales para prensar y abrasivos / Productos abrasivos,31191501,30.0,,390.0,11700.0,CLP
2817-580-SE26,2026-09-30T17:07:54.073,Región del Libertador General Bernardo O´Higgins,COMERCIAL CASTRO Y CASTRO LIMITADA,Módulos con fregadero o lavatorio,LLAVE LAVATORIO,"Muebles y mobiliario / Mobiliario y accesorios institucional, escolar y educativo / Muebles de laboratorio",56122004,10.0,,13622.0,136220.0,CLP
2817-580-SE26,2026-09-30T17:07:54.073,Región del Libertador General Bernardo O´Higgins,COMERCIAL CASTRO Y CASTRO LIMITADA,Soldadura,SOLDADURA ESTAÑO AL 50% 500GR,Maquinaria para fabricación y transformación industrial / Maquinaria y suministros para talleres / Maquinaria para soldadura directa o indirecta,23171509,3.0,,19290.0,57870.0,CLP
2817-580-SE26,2026-09-30T17:07:54.073,Región del Libertador General Bernardo O´Higgins,COMERCIAL CASTRO Y CASTRO LIMITADA,Máquinas de soldar,PASTA SOLDAR 100 gramos,Maquinaria para fabricación y transformación industrial / Maquinaria y suministros para talleres / Maquinaria para soldadura directa o indirecta,23171508,3.0,,1100.0,3300.0,CLP
2817-580-SE26,2026-09-30T17:07:54.073,Región del Libertador General Bernardo O´Higgins,COMERCIAL CASTRO Y CASTRO LIMITADA,Sistemas de aplicación de cola o adhesivo,BEKRON 25K,Maquinaria para fabricación y transformación industrial / Maquinaria y suministros de procesos industriales / Ensambladoras,23153401,45.0,,2229.0,100305.0,CLP
2817-580-SE26,2026-09-30T17:07:54.073,Región del Libertador General Bernardo O´Higgins,COMERCIAL CASTRO Y CASTRO LIMITADA,Sistemas de aplicación de cola o adhesivo,BEKRON AC 25K,Maquinaria para fabricación y transformación industrial / Maquinaria y suministros de procesos industriales / Ensambladoras,23153401,40.0,,18326.05,733042.0,CLP
3793-229-AG26,2026-09-30T08:45:34.413,Región del Libertador General Bernardo O´Higgins,LICITACIONES SBA SPA,Cemento,VINILIT TARRO TRANSPARENTE,"Artículos para estructuras, obras y construcciones / Hormigón, cemento y yeso / Cemento y cal",30111601,1.0,,3990.0,0.0,CLP
3793-229-AG26,2026-09-30T08:45:34.413,Región del Libertador General Bernardo O´Higgins,LICITACIONES SBA SPA,Cemento,SACOS DE CEMENTO,"Artículos para estructuras, obras y construcciones / Hormigón, cemento y yeso / Cemento y cal",30111601,30.0,,5200.0,0.0,CLP
3793-229-AG26,2026-09-30T08:45:34.413,Región del Libertador General Bernardo O´Higgins,LICITACIONES SBA SPA,Cemento,CARGAS DE TAPA,"Artículos para estructuras, obras y construcciones / Hormigón, cemento y yeso / Cemento y cal",30111601,2.0,,11990.0,0.0,CLP
3793-229-AG26,2026-09-30T08:45:34.413,Región del Libertador General Bernardo O´Higgins,LICITACIONES SBA SPA,Cemento,"TORNILLOS DE 2""","Artículos para estructuras, obras y construcciones / Hormigón, cemento y yeso / Cemento y cal",30111601,4.0,,8990.0,0.0,CLP
3793-229-AG26,2026-09-30T08:45:34.413,Región del Libertador General Bernardo O´Higgins,LICITACIONES SBA SPA,Cemento,MALLA ACMA C-92 15X15,"Artículos para estructuras, obras y construcciones / Hormigón, cemento y yeso / Cemento y cal",30111601,1.0,,26990.0,0.0,CLP
3793-229-AG26,2026-09-30T08:45:34.413,Región del Libertador General Bernardo O´Higgins,LICITACIONES SBA SPA,Cemento,CUBOS DE REVUELTO,"Artículos para estructuras, obras y construcciones / Hormigón, cemento y yeso / Cemento y cal",30111601,4.0,,35000.0,0.0,CLP
3793-229-AG26,2026-09-30T08:45:34.413,Región del Libertador General Bernardo O´Higgins,LICITACIONES SBA SPA,Cemento,"CADENAS DE CONSTRUCCION DE  15X25X4,50","Artículos para estructuras, obras y construcciones / Hormigón, cemento y yeso / Cemento y cal",30111601,3.0,,21990.0,0.0,CLP
3793-229-AG26,2026-09-30T08:45:34.413,Región del Libertador General Bernardo O´Higgins,LICITACIONES SBA SPA,Cemento,CANALETA DE PISO REJILLA GALVANIZADA DE 1 MTR.,"Artículos para estructuras, obras y construcciones / Hormigón, cemento y yeso / Cemento y cal",30111601,10.0,,12490.0,0.0,CLP
3793-229-AG26,2026-09-30T08:45:34.413,Región del Libertador General Bernardo O´Higgins,LICITACIONES SBA SPA,Cemento,CAÑERIAS DE PVC DE 1/2,"Artículos para estructuras, obras y construcciones / Hormigón, cemento y yeso / Cemento y cal",30111601,5.0,,10990.0,0.0,CLP
3793-229-AG26,2026-09-30T08:45:34.413,Región del Libertador General Bernardo O´Higgins,LICITACIONES SBA SPA,Cemento,CAÑERIA DE 75 SANITARIA,"Artículos para estructuras, obras y construcciones / Hormigón, cemento y yeso / Cemento y cal",30111601,1.0,,29990.0,0.0,CLP
3793-229-AG26,2026-09-30T08:45:34.413,Región del Libertador General Bernardo O´Higgins,LICITACIONES SBA SPA,Cemento,UNIONES DE PVC DE 1/2,"Artículos para estructuras, obras y construcciones / Hormigón, cemento y yeso / Cemento y cal",30111601,8.0,,2990.0,0.0,CLP
3793-229-AG26,2026-09-30T08:45:34.413,Región del Libertador General Bernardo O´Higgins,LICITACIONES SBA SPA,Cemento,CODOS DE PVC DE 1/2,"Artículos para estructuras, obras y construcciones / Hormigón, cemento y yeso / Cemento y cal",30111601,6.0,,390.0,0.0,CLP
3793-229-AG26,2026-09-30T08:45:34.413,Región del Libertador General Bernardo O´Higgins,LICITACIONES SBA SPA,Cemento,CODOS DE 75 EN 90° SANITARIO,"Artículos para estructuras, obras y construcciones / Hormigón, cemento y yeso / Cemento y cal",30111601,3.0,,4500.0,0.0,CLP
3793-229-AG26,2026-09-30T08:45:34.413,Región del Libertador General Bernardo O´Higgins,LICITACIONES SBA SPA,Cemento,LLAVE DE JARDIN DE 1/2,"Artículos para estructuras, obras y construcciones / Hormigón, cemento y yeso / Cemento y cal",30111601,2.0,,4500.0,0.0,CLP
3793-229-AG26,2026-09-30T08:45:34.413,Región del Libertador General Bernardo O´Higgins,LICITACIONES SBA SPA,Cemento,TEFLON GRANDE,"Artículos para estructuras, obras y construcciones / Hormigón, cemento y yeso / Cemento y cal",30111601,1.0,,1990.0,0.0,CLP
3793-229-AG26,2026-09-30T08:45:34.413,Región del Libertador General Bernardo O´Higgins,LICITACIONES SBA SPA,Cemento,T DE PVC 1/2,"Artículos para estructuras, obras y construcciones / Hormigón, cemento y yeso / Cemento y cal",30111601,4.0,,490.0,0.0,CLP
3793-229-AG26,2026-09-30T08:45:34.413,Región del Libertador General Bernardo O´Higgins,LICITACIONES SBA SPA,Cemento,LIJAS PARA FIERRO N° 100,"Artículos para estructuras, obras y construcciones / Hormigón, cemento y yeso / Cemento y cal",30111601,2.0,,490.0,0.0,CLP
3793-229-AG26,2026-09-30T08:45:34.413,Región del Libertador General Bernardo O´Higgins,LICITACIONES SBA SPA,Cemento,GALONES DE PINTURA BLANCA ESMALTE AL AGUA,"Artículos para estructuras, obras y construcciones / Hormigón, cemento y yeso / Cemento y cal",30111601,2.0,,35000.0,0.0,CLP
3793-229-AG26,2026-09-30T08:45:34.413,Región del Libertador General Bernardo O´Higgins,LICITACIONES SBA SPA,Cemento,GALON PASTA MURO INTERIOR,"Artículos para estructuras, obras y construcciones / Hormigón, cemento y yeso / Cemento y cal",30111601,1.0,,5400.0,0.0,CLP
3793-229-AG26,2026-09-30T08:45:34.413,Región del Libertador General Bernardo O´Higgins,LICITACIONES SBA SPA,Cemento,RODILLO DE CHIPORRO,"Artículos para estructuras, obras y construcciones / Hormigón, cemento y yeso / Cemento y cal",30111601,3.0,,7990.0,0.0,CLP
3793-229-AG26,2026-09-30T08:45:34.413,Región del Libertador General Bernardo O´Higgins,LICITACIONES SBA SPA,Cemento,BROCHAS DE 2 PULGADAS,"Artículos para estructuras, obras y construcciones / Hormigón, cemento y yeso / Cemento y cal",30111601,2.0,,2990.0,0.0,CLP
3793-229-AG26,2026-09-30T08:45:34.413,Región del Libertador General Bernardo O´Higgins,LICITACIONES SBA SPA,Cemento,MEDIA CAÑA DE 20X20 EN 3 MTRS,"Artículos para estructuras, obras y construcciones / Hormigón, cemento y yeso / Cemento y cal",30111601,2.0,,2990.0,0.0,CLP
3793-229-AG26,2026-09-30T08:45:34.413,Región del Libertador General Bernardo O´Higgins,LICITACIONES SBA SPA,Cemento,LIJAS DE MADERA N°80,"Artículos para estructuras, obras y construcciones / Hormigón, cemento y yeso / Cemento y cal",30111601,4.0,,350.0,0.0,CLP
3793-229-AG26,2026-09-30T08:45:34.413,Región del Libertador General Bernardo O´Higgins,LICITACIONES SBA SPA,Cemento,SILICONA PINTABLE BLANCA,"Artículos para estructuras, obras y construcciones / Hormigón, cemento y yeso / Cemento y cal",30111601,2.0,,7990.0,0.0,CLP
3888-690-AG26,2026-09-30T11:02:06.777,Región de los Lagos,OSCAR EDUARDO GOYE CASTILLO,Puertas de madera,materiales de construccion segun documento.,"Artículos para estructuras, obras y construcciones / Puertas, ventanas y vidrios / Puertas",30171504,1.0,,425820.0,0.0,CLP
3899-298-SE26,2026-10-01T09:02:00.043,Región de los Lagos,COMERCIAL LAGUNA ESPEJO SPA,Tablero de partículas,TERCIADO ESTRUCTURAL 1RA. 18 MM,"Productos derivados de minerales, plantas y animales / Productos no comestibles de origen vegetal / Madera",11121611,3.0,,27311.0,81933.0,CLP
3899-298-SE26,2026-10-01T09:02:00.043,Región de los Lagos,COMERCIAL LAGUNA ESPEJO SPA,Tablero de partículas,TERCIADO ESTRUCTURAL 9 MM,"Productos derivados de minerales, plantas y animales / Productos no comestibles de origen vegetal / Madera",11121611,1.0,,17647.0,17647.0,CLP
3899-298-SE26,2026-10-01T09:02:00.043,Región de los Lagos,COMERCIAL LAGUNA ESPEJO SPA,Tornillos para madera,TORNILLOS DRYWALL ZINC 6X2,Artículos de fabricación y producción / Artículos de ferretería / Tornillos,31161508,1.0,,1933.0,1933.0,CLP
4414-1391-SE26,2026-10-01T13:21:15.857,Región del Biobío,PABLO ,Distribuidoras de áridos,BASE ESTABILIZADA CBR-80%-,Maquinaria para construcción y edificación / Maquinaria pesada de construcción / Equipos de pavimentación,22101610,500.0,,16490.0,8245000.0,CLP
2298-917-SE26,2026-10-02T08:49:40.98,Región del Maule,Sergio Rodrigo,Distribuidoras de áridos,BASE ESTABILIZADA,Maquinaria para construcción y edificación / Maquinaria pesada de construcción / Equipos de pavimentación,22101610,107.0,,16807.0,1798349.0,CLP
2453-751-AG26,2026-10-02T09:11:46.31,Región Metropolitana de Santiago,Woody´s Limitada,Grapas de ferretería,"COMPRA DE MATERIALES DE CONSTRUCCION, PROGRAMA SOMOS BARRIO SEGURIDAD CIUDADANA",Artículos de fabricación y producción / Artículos de ferretería / Cerrojos,31162404,1.0,,165720.0,0.0,CLP
2920-206-AG26,2026-10-02T11:19:22.363,Región de Valparaíso,Compañía Maderera Chacabuco Ltda.,Cemento,SACOS DE CEMENTO ESPECIAL DE 25 KG.,"Artículos para estructuras, obras y construcciones / Hormigón, cemento y yeso / Cemento y cal",30111601,10.0,,5990.0,0.0,CLP
2920-206-AG26,2026-10-02T11:19:22.363,Región de Valparaíso,Compañía Maderera Chacabuco Ltda.,Hormigón aireado,Sacos de hormigón preparado de 25 kg.,"Artículos para estructuras, obras y construcciones / Hormigón, cemento y yeso / Hormigón y morteros",30111501,30.0,,3410.0,0.0,CLP
2994-405-SE26,2026-09-30T12:36:18.13,Región de los Lagos,MAURICIO OMAR MUÑOZ PACHECO,Madera de coníferas,SEGUN FACTURA N°61754,"Productos derivados de minerales, plantas y animales / Productos no comestibles de origen vegetal / Madera",11121604,1.0,,915042.0,915042.0,CLP
1393-450-SE26,2026-09-28T15:25:53.85,Región del Ñuble,Jorge Esteban,Cemento,"CEMENTO, SEGUN SR-257.","Artículos para estructuras, obras y construcciones / Hormigón, cemento y yeso / Cemento y cal",30111601,40.0,,3529.0,141160.0,CLP
3810-976-CM26,2026-09-30T09:04:00.933,Región del Libertador General Bernardo O´Higgins,MAXVAL SPA,PERFIL ACERO CINTAC ÁNGULO 50X50X5 MM 6 M UNIDAD REGIÓN VI,(2170515) PERFIL ACERO CINTAC ÁNGULO 50X50X5 MM 6 M UNIDAD REGIÓN VI,,0,35.0,,25404.0,889140.0,CLP
3810-976-CM26,2026-09-30T09:04:00.933,Región del Libertador General Bernardo O´Higgins,MAXVAL SPA,PERFIL ACERO CINTAC PLETINA 100X3 MM 6 M UNIDAD REGIÓN VI,(2170600) PERFIL ACERO CINTAC PLETINA 100X3 MM 6 M UNIDAD REGIÓN VI,,0,50.0,,30248.0,1512400.0,CLP
3810-976-CM26,2026-09-30T09:04:00.933,Región del Libertador General Bernardo O´Higgins,MAXVAL SPA,PERFIL ACERO VH CUADRADO 100X100X2 MM 6 M UNIDAD REGIÓN VI,(2174255) PERFIL ACERO VH CUADRADO 100X100X2 MM 6 M UNIDAD REGIÓN VI,,0,80.0,,40646.0,3251680.0,CLP
1638-502-AG26,2026-09-28T15:12:47.117,Región de Atacama,OSOVA SPA,"Cofres, cajas o armarios para herramientas",CAJAS DE HERRAMIENTAS TIPO CHALUPA GRANDE,"Equipamiento para manejo y estiba de materiales / Recipientes para almacenamiento / Cofres, armarios y baúles para almacenaje",24112401,2.0,,24690.0,0.0,CLP
1638-502-AG26,2026-09-28T15:12:47.117,Región de Atacama,OSOVA SPA,"Cofres, cajas o armarios para herramientas",JUEGOS DE ALICATES ELECTRICOS 1000 V (UNIVERSAL CONRTANTE PUNTA),"Equipamiento para manejo y estiba de materiales / Recipientes para almacenamiento / Cofres, armarios y baúles para almacenaje",24112401,2.0,,24443.0,0.0,CLP
1638-502-AG26,2026-09-28T15:12:47.117,Región de Atacama,OSOVA SPA,"Cofres, cajas o armarios para herramientas",JUEGOS DE DESATORNILLADORES ELECTRICOS 1000 V (PUNTAS - PALETAS),"Equipamiento para manejo y estiba de materiales / Recipientes para almacenamiento / Cofres, armarios y baúles para almacenaje",24112401,2.0,,8052.0,0.0,CLP
1638-502-AG26,2026-09-28T15:12:47.117,Región de Atacama,OSOVA SPA,Taladro de mano o empuje,TALADRO INALAMBRICO 48V CON 2 BATERIAS Y CARGADOR,"Herramientas y maquinaria en general / Herramientas manuales / Herramientas de corte, estaje y punzones",27111515,2.0,,25835.0,0.0,CLP
1638-502-AG26,2026-09-28T15:12:47.117,Región de Atacama,OSOVA SPA,Conjuntos generales de herramientas,PISTOLA DE IMPACTO 48V CON 2 BATERIAS Y CARGADOR,Herramientas y maquinaria en general / Herramientas manuales / Juegos de herramientas,27113201,1.0,,75748.0,0.0,CLP
1638-502-AG26,2026-09-28T15:12:47.117,Región de Atacama,OSOVA SPA,Conjuntos generales de herramientas,JUEGO DE DADOS DE 05M A 32 MM,Herramientas y maquinaria en general / Herramientas manuales / Juegos de herramientas,27113201,2.0,,25447.0,0.0,CLP
1638-502-AG26,2026-09-28T15:12:47.117,Región de Atacama,OSOVA SPA,Conjuntos generales de herramientas,JUEGOS DE LLAVES ALIEN CON CAJA,Herramientas y maquinaria en general / Herramientas manuales / Juegos de herramientas,27113201,2.0,,16442.0,0.0,CLP
1638-502-AG26,2026-09-28T15:12:47.117,Región de Atacama,OSOVA SPA,Conjuntos generales de herramientas,JUEGOS DE LLAVES ESTRELLA CON CAJA,Herramientas y maquinaria en general / Herramientas manuales / Juegos de herramientas,27113201,2.0,,8218.0,0.0,CLP
1638-502-AG26,2026-09-28T15:12:47.117,Región de Atacama,OSOVA SPA,Conjuntos generales de herramientas,LLAVES CRECENT ELECTRICAS 1000 V MEDIANAS,Herramientas y maquinaria en general / Herramientas manuales / Juegos de herramientas,27113201,2.0,,41097.0,0.0,CLP
1638-502-AG26,2026-09-28T15:12:47.117,Región de Atacama,OSOVA SPA,Conjuntos generales de herramientas,CUCHILLOS ELECTRICOS FORRADO 1000 V,Herramientas y maquinaria en general / Herramientas manuales / Juegos de herramientas,27113201,2.0,,17277.0,0.0,CLP
1638-502-AG26,2026-09-28T15:12:47.117,Región de Atacama,OSOVA SPA,Conjuntos generales de herramientas,INSTRUMENTOS VOLTIMETRO Y AMPERIMETRO,Herramientas y maquinaria en general / Herramientas manuales / Juegos de herramientas,27113201,2.0,,11529.0,0.0,CLP
1638-502-AG26,2026-09-28T15:12:47.117,Región de Atacama,OSOVA SPA,Guantes protectores,PARES GUANTES CABRITILLA,"Equipos y suministros de defensa, orden público, protección y seguridad / Seguridad y protección personal / Ropa protectora de seguridad contra materias peligrosas",46181504,10.0,,1940.0,0.0,CLP
1638-502-AG26,2026-09-28T15:12:47.117,Región de Atacama,OSOVA SPA,Guantes protectores,PARES GUANTES MULTIUSO,"Equipos y suministros de defensa, orden público, protección y seguridad / Seguridad y protección personal / Ropa protectora de seguridad contra materias peligrosas",46181504,10.0,,808.0,0.0,CLP
1638-502-AG26,2026-09-28T15:12:47.117,Región de Atacama,OSOVA SPA,Cascos de protección,CASCOS CON PROTECCION FACIAL,"Equipos y suministros de defensa, orden público, protección y seguridad / Seguridad y protección personal / Equipos y accesorios para protección de cara y cabeza",46181704,2.0,,71736.0,0.0,CLP
1638-502-AG26,2026-09-28T15:12:47.117,Región de Atacama,OSOVA SPA,Cascos de protección,NUQUERAS PARA CASCOS (SOL),"Equipos y suministros de defensa, orden público, protección y seguridad / Seguridad y protección personal / Equipos y accesorios para protección de cara y cabeza",46181704,2.0,,1137.0,0.0,CLP
1638-502-AG26,2026-09-28T15:12:47.117,Región de Atacama,OSOVA SPA,Arneses o accesorios,BARBIQUEJOS ,Artículos para plantas y animales / Artículos de talabartería y arreos / Arneses,10141608,2.0,,494.0,0.0,CLP
1638-502-AG26,2026-09-28T15:12:47.117,Región de Atacama,OSOVA SPA,Chalecos de protección,CHALECOS GEOLOGOS XL-L (AMARILLOS),"Equipos y suministros de defensa, orden público, protección y seguridad / Seguridad y protección personal / Ropa protectora de seguridad contra materias peligrosas",46181507,2.0,,9902.0,0.0,CLP
1638-502-AG26,2026-09-28T15:12:47.117,Región de Atacama,OSOVA SPA,Martillos,MARTILLOS DE PEÑA O CARPINTERO,Herramientas y maquinaria en general / Herramientas manuales / Herramientas para perfilar,27111602,2.0,,5596.0,0.0,CLP
1638-502-AG26,2026-09-28T15:12:47.117,Región de Atacama,OSOVA SPA,Hojas de sierra,MARCO DE SIERRAS CON SIERRAS,Herramientas y maquinaria en general / Herramientas manuales / Accesorios para herramientas,27112802,2.0,,6958.0,0.0,CLP
1638-502-AG26,2026-09-28T15:12:47.117,Región de Atacama,OSOVA SPA,Cintas métricas,HUINCHAS DE MEDIR 10 MTS PLASTICAS,Herramientas y maquinaria en general / Herramientas manuales / Herramientas de medición y trazado,27111801,2.0,,4777.0,0.0,CLP
3945-691-SE26,2026-09-28T17:36:43.01,Región del Biobío,distribuidora sandra araneda Perez EIRL,Cinc,PLANCHAS DE ZINC PV5 DE 2 MTS COLOR NEGRO.,"Productos derivados de minerales, plantas y animales / Minerales y metales / Metales base",11101719,10.0,,16723.0,167230.0,CLP
3945-691-SE26,2026-09-28T17:36:43.01,Región del Biobío,distribuidora sandra araneda Perez EIRL,Clavo-tornillo,"AUTOPERF HEX. G/NEOP 12  X 1.1/2 O EQUIVALENTE.
",Artículos de fabricación y producción / Artículos de ferretería / Tornillos,31161503,200.0,,74.0,14800.0,CLP
3945-691-SE26,2026-09-28T17:36:43.01,Región del Biobío,distribuidora sandra araneda Perez EIRL,Disco de ruptura,"DISCO CORTE   7"" KLINGSPOR 322971 3MM METAL A.INOX O EQUIVALENTE.
","Equipamiento para el acondicionamiento, distribución y filtrado de fluidos / Control y distribución de líquidos y gases / Accesorios para tuberías",40142323,4.0,,2029.0,8116.0,CLP
2736-356-AG26,2026-09-16T12:10:36.31,Región de la Araucanía,SERVICIOS E INGENIERIA ENDEMICA SPA,Marcos de puertas,"Materiales de Construcción Marcos de Puertas, Planchas de Terciado y Otros. Según Anexo de Requerimientos y Característica Adjuntas. Se Adjudicara por Total, Oferta Dentro del Presupuesto Indicado. Pr","Artículos para estructuras, obras y construcciones / Puertas, ventanas y vidrios / Puertas",30171507,1.0,,284286.0,0.0,CLP
5042-41-CM26,2026-09-30T18:10:08.973,Región de Arica y Parinacota,EASY RETAIL S.A. .-,PERFIL ACERO ACEROS COX REDONDO 8 MMX6 M UNIDAD REGIÓN XV,(2170029) PERFIL ACERO ACEROS COX REDONDO 8 MMX6 M UNIDAD REGIÓN XV,,0,1200.0,,3021.0,3625200.0,CLP
5042-41-CM26,2026-09-30T18:10:08.973,Región de Arica y Parinacota,EASY RETAIL S.A. .-,CEMENTO POLPAICO SACO 25 KG UNIDAD REGIÓN XV,(2083108) CEMENTO POLPAICO SACO 25 KG UNIDAD REGIÓN XV,,0,50.0,,3901.0,195050.0,CLP
5042-41-CM26,2026-09-30T18:10:08.973,Región de Arica y Parinacota,EASY RETAIL S.A. .-,"TABLERO TERCIADO ARAUCOPLY ESTRUCTURAL 18 MM 1,22X2,44M UNIDAD REGIÓN XV","(2203094) TABLERO TERCIADO ARAUCOPLY ESTRUCTURAL 18 MM 1,22X2,44M UNIDAD REGIÓN XV",,0,120.0,,22198.0,2663760.0,CLP
2092-70-AG26,2026-10-01T18:25:52.427,Región de Valparaíso,DONNEBAUM S A,Impresión de papelería o formularios comerciales,"impresión de cartilla""herramientas para la implementación de las leyes 21.809,21.801,2.1827. cartillas de la PNCE y cuadernillos Carbajal & Fierro, tapas en papel couche 200 gr, interior 40 paginas pa","Servicios editoriales, de diseño, publicidad, gráficos y artistas / Servicios de impresión y reproducción / Impresión",82121507,150.0,,3749.0,0.0,CLP
2297-1179-AG26,2026-09-09T13:38:44.413,Región de los Lagos,WORK AND VISIÓN SPA,Letreros,"LETRERO DE ACERO INOXIDABLE CON CALADO LASER QUE CONSIDERE 4 SEPARADORES, SEGUN EETT ADJUNTAS.
PROVEEDOR DEBE POSEER GIRO TRIBUTARIO CORRESPONDIENTE A LO LICITADO DE NO TENER GIRO SOLICITADO, NO SERA",Productos impresos y publicaciones / Etiquetado y accesorios / Etiquetado,55121727,1.0,,140000.0,0.0,CLP
2436-1292-AG26,2026-10-01T11:25:56.81,Región del Maule,PLANTA DE ARIDOS BELLAVISTA SPA,Arena silícea,"DOM REQUIERE ADQUISICIÓN DE ARENA GRUESA, AL MOMENTO DE POSTULAR DEBE SUBIR DOCUMENTACION DE EXTRACCIÓN DE DOH Y DOM AL DIA, DE NO SUBIRLA, SU OFERTA QUEDARA INADMISIBLE, SPN°335543.","Productos derivados de minerales, plantas y animales / Tierra y piedra / Arena",11111701,20.0,,18000.0,0.0,CLP
2481-86-SE26,2026-09-30T09:09:21.77,Región del Ñuble,FERRETERIA MULTICOMERCIAL LTDA,Pintura,"Pintura Látex Sipa  (14- color gris pera, 8- color blanco, 5- color rojo colonial y 2- color amarillo)","Educación, formación, entrenamiento y capacitación / Servicios educativos especializados / Bellas artes",86131502,29.0,,106430.0,3086470.0,CLP
2481-86-SE26,2026-09-30T09:09:21.77,Región del Ñuble,FERRETERIA MULTICOMERCIAL LTDA,Pintura,"Galón Látex sipa, color blanco ","Educación, formación, entrenamiento y capacitación / Servicios educativos especializados / Bellas artes",86131502,2.0,,28000.0,56000.0,CLP
2481-86-SE26,2026-09-30T09:09:21.77,Región del Ñuble,FERRETERIA MULTICOMERCIAL LTDA,Pintura,"Esmalte sintético blanco, tricolor  ","Educación, formación, entrenamiento y capacitación / Servicios educativos especializados / Bellas artes",86131502,12.0,,50150.0,601800.0,CLP
2481-86-SE26,2026-09-30T09:09:21.77,Región del Ñuble,FERRETERIA MULTICOMERCIAL LTDA,Brochas,"Brocha 1,1/2""","Artículos de fabricación y producción / Pinturas, diluyentes y accesorios para pintado / Accesorios para pintar",31211904,20.0,,780.0,15600.0,CLP
2481-86-SE26,2026-09-30T09:09:21.77,Región del Ñuble,FERRETERIA MULTICOMERCIAL LTDA,Brochas,"Brocha 3""","Artículos de fabricación y producción / Pinturas, diluyentes y accesorios para pintado / Accesorios para pintar",31211904,20.0,,1360.0,27200.0,CLP
2481-86-SE26,2026-09-30T09:09:21.77,Región del Ñuble,FERRETERIA MULTICOMERCIAL LTDA,Brochas,"Brocha 1""","Artículos de fabricación y producción / Pinturas, diluyentes y accesorios para pintado / Accesorios para pintar",31211904,20.0,,630.0,12600.0,CLP
2481-86-SE26,2026-09-30T09:09:21.77,Región del Ñuble,FERRETERIA MULTICOMERCIAL LTDA,Rodillos de pintar,Rodillo chiporro 18 cm.,"Artículos de fabricación y producción / Pinturas, diluyentes y accesorios para pintado / Accesorios para pintar",31211906,15.0,,4760.0,71400.0,CLP
2481-86-SE26,2026-09-30T09:09:21.77,Región del Ñuble,FERRETERIA MULTICOMERCIAL LTDA,Diluyentes para pinturas,Diluyente duco ,"Artículos de fabricación y producción / Pinturas, diluyentes y accesorios para pintado / Aditivos para pinturas",31211604,10.0,,2520.0,25200.0,CLP
2481-86-SE26,2026-09-30T09:09:21.77,Región del Ñuble,FERRETERIA MULTICOMERCIAL LTDA,Cepillos de limpieza,"Escobilla acero crespa, hella","Equipos y suministros de limpieza / Suministros de limpieza / Escobas, traperos, cepillos y accesorios",47131605,10.0,,7690.0,76900.0,CLP
2481-86-SE26,2026-09-30T09:09:21.77,Región del Ñuble,FERRETERIA MULTICOMERCIAL LTDA,Espátulas,"Espátula 4"" ",Herramientas y maquinaria en general / Herramientas manuales / Herramientas de desbaste y acabado,27111909,10.0,,4550.0,45500.0,CLP
2481-86-SE26,2026-09-30T09:09:21.77,Región del Ñuble,FERRETERIA MULTICOMERCIAL LTDA,Cinta adhesiva de bízmale mida,Cinta demarcación ,Artículos de fabricación y producción / Cintas adhesivas y selladores / Cinta adhesiva,31201506,10.0,,1850.0,18500.0,CLP
2481-86-SE26,2026-09-30T09:09:21.77,Región del Ñuble,FERRETERIA MULTICOMERCIAL LTDA,Pernos de anclaje,"Perno hexagonal 5,1/3x 2,1/2"" tuerca y golilla ",Artículos de fabricación y producción / Artículos de ferretería / Pernos,31161601,50.0,,235.0,11750.0,CLP
2481-86-SE26,2026-09-30T09:09:21.77,Región del Ñuble,FERRETERIA MULTICOMERCIAL LTDA,Pernos de anclaje,"Perno hexagonal 5,1/6x1"", tuerca y golilla",Artículos de fabricación y producción / Artículos de ferretería / Pernos,31161601,50.0,,180.0,9000.0,CLP
2481-86-SE26,2026-09-30T09:09:21.77,Región del Ñuble,FERRETERIA MULTICOMERCIAL LTDA,Llave de tuercas de boca abierta,"Llave bronce 1/2"",","Herramientas y maquinaria en general / Herramientas manuales / Llaves, destornilladores y guías",27111706,50.0,,2100.0,105000.0,CLP
2481-86-SE26,2026-09-30T09:09:21.77,Región del Ñuble,FERRETERIA MULTICOMERCIAL LTDA,Aceite de turbina,"W-D40, 191 ml truper","Combustibles, lubricantes y anticorrosivos / Lubricantes y anticorrosivos / Lubricantes",15121527,3.0,,4500.0,13500.0,CLP
2481-86-SE26,2026-09-30T09:09:21.77,Región del Ñuble,FERRETERIA MULTICOMERCIAL LTDA,Hoja o lámina de latón,Hoja cierra ,"Instrumentos musicales, juegos, juguetes, artesanías y materiales educativos / Equipos de arte y manualidades, accesorios y suministros / Metales para artesanía",60124404,6.0,,1080.0,6480.0,CLP
2481-86-SE26,2026-09-30T09:09:21.77,Región del Ñuble,FERRETERIA MULTICOMERCIAL LTDA,Cal clorada,Pinta cal ,"Artículos para estructuras, obras y construcciones / Hormigón, cemento y yeso / Cemento y cal",30111602,20.0,,9090.0,181800.0,CLP
2481-86-SE26,2026-09-30T09:09:21.77,Región del Ñuble,FERRETERIA MULTICOMERCIAL LTDA,Cámaras de neumáticos para automóviles,"Cámara para carretilla, truper ",Vehículos y equipamiento en general / Componentes para vehículos en general / Neumáticos y cámaras de neumáticos,25172502,50.0,,4250.0,212500.0,CLP
2481-86-SE26,2026-09-30T09:09:21.77,Región del Ñuble,FERRETERIA MULTICOMERCIAL LTDA,Brochas,"Brocha 5""","Artículos de fabricación y producción / Pinturas, diluyentes y accesorios para pintado / Accesorios para pintar",31211904,20.0,,3920.0,78400.0,CLP
2481-86-SE26,2026-09-30T09:09:21.77,Región del Ñuble,FERRETERIA MULTICOMERCIAL LTDA,Cinta para reparar tubería o manguito,"Teflón 1/2""",Artículos de fabricación y producción / Cintas adhesivas y selladores / Cinta adhesiva,31201519,20.0,,170.0,3400.0,CLP
2481-86-SE26,2026-09-30T09:09:21.77,Región del Ñuble,FERRETERIA MULTICOMERCIAL LTDA,Cintas de medir,Huincha medir 8 metros,Equipamiento para laboratorios / Instrumentos de medida y experimentación / Instrumentos de agrimensura,41114201,2.0,,8250.0,16500.0,CLP
2728-56-SE26,2026-09-28T13:30:23.483,Región del Ñuble,FERRETERIA HITEL LTDA,Alambre de espinas,Concertina cuchillo de 50 cm x 10 metros,"Artículos de fabricación y producción / Cuerdas, cadenas, cables, alambres y correas / Cable de seguridad",31152002,6.0,,15500.0,93000.0,CLP
2728-56-SE26,2026-09-28T13:30:23.483,Región del Ñuble,FERRETERIA HITEL LTDA,Electrodos para soldar,"Electrodo 6011 3/32"", punta azul",Maquinaria para fabricación y transformación industrial / Maquinaria y suministros para talleres / Maquinaria para soldadura directa o indirecta,23171515,12.0,,2550.0,30600.0,CLP
2728-56-SE26,2026-09-28T13:30:23.483,Región del Ñuble,FERRETERIA HITEL LTDA,Pinturas al esmalte,"Esmalte al agua, color a definir con el proveedor","Artículos de fabricación y producción / Pinturas, diluyentes y accesorios para pintado / Pinturas",31211501,6.0,,78000.0,468000.0,CLP
2728-56-SE26,2026-09-28T13:30:23.483,Región del Ñuble,FERRETERIA HITEL LTDA,Pinturas al esmalte,"Esmalte sintético, color a definir con el proveedor","Artículos de fabricación y producción / Pinturas, diluyentes y accesorios para pintado / Pinturas",31211501,4.0,,17000.0,68000.0,CLP
2728-56-SE26,2026-09-28T13:30:23.483,Región del Ñuble,FERRETERIA HITEL LTDA,Diluyentes para pinturas y barnices,"Diluyente duco, 5 litros","Artículos de fabricación y producción / Pinturas, diluyentes y accesorios para pintado / Disolventes para pinturas",31211803,3.0,,6500.0,19500.0,CLP
2728-56-SE26,2026-09-28T13:30:23.483,Región del Ñuble,FERRETERIA HITEL LTDA,Pinturas aceitosas,Anticorrosivo,"Artículos de fabricación y producción / Pinturas, diluyentes y accesorios para pintado / Pinturas",31211505,4.0,,9800.0,39200.0,CLP
2728-56-SE26,2026-09-28T13:30:23.483,Región del Ñuble,FERRETERIA HITEL LTDA,Pintura secante,Pintura de alto trafico amarilla,"Artículos de fabricación y producción / Pinturas, diluyentes y accesorios para pintado / Aditivos para pinturas",31211603,2.0,,20000.0,40000.0,CLP
2728-56-SE26,2026-09-28T13:30:23.483,Región del Ñuble,FERRETERIA HITEL LTDA,Brochas,"Brocha 5/8 x 4"" ","Artículos de fabricación y producción / Pinturas, diluyentes y accesorios para pintado / Accesorios para pintar",31211904,10.0,,1350.0,13500.0,CLP
2728-56-SE26,2026-09-28T13:30:23.483,Región del Ñuble,FERRETERIA HITEL LTDA,Espátulas,"Espátula de 3""",Herramientas y maquinaria en general / Herramientas manuales / Herramientas de desbaste y acabado,27111909,4.0,,1500.0,6000.0,CLP
2728-56-SE26,2026-09-28T13:30:23.483,Región del Ñuble,FERRETERIA HITEL LTDA,Espátulas,"Plana de punta de 4""",Herramientas y maquinaria en general / Herramientas manuales / Herramientas de desbaste y acabado,27111909,4.0,,2000.0,8000.0,CLP
2728-56-SE26,2026-09-28T13:30:23.483,Región del Ñuble,FERRETERIA HITEL LTDA,Brochas,Rodillo de chiporro 5x23 cm,"Artículos de fabricación y producción / Pinturas, diluyentes y accesorios para pintado / Accesorios para pintar",31211904,10.0,,3400.0,34000.0,CLP
2728-56-SE26,2026-09-28T13:30:23.483,Región del Ñuble,FERRETERIA HITEL LTDA,"Llave ""T"" para grifos","Llave de jardín de 1/2"" HE Cobre","Herramientas y maquinaria en general / Herramientas manuales / Llaves, destornilladores y guías",27111720,20.0,,2750.0,55000.0,CLP
2728-56-SE26,2026-09-28T13:30:23.483,Región del Ñuble,FERRETERIA HITEL LTDA,Malla,Malla raschel ,"Productos derivados de minerales, plantas y animales / Tejidos y materiales de cuero / Tejidos especiales",11162111,2.0,,99900.0,199800.0,CLP
2728-56-SE26,2026-09-28T13:30:23.483,Región del Ñuble,FERRETERIA HITEL LTDA,Ruedas,Rueda completa para carretilla ,Artículos de fabricación y producción / Artículos de ferretería / Accesorios para rodados,31162702,20.0,,11000.0,220000.0,CLP
3047-536-AG26,2026-10-01T16:56:03.67,Región de Valparaíso,TIPOPIPO SPA,Perfiles de aluminio,"ADQUISICIÓN DE ARTÍCULOS DE FERRETERÍA, SEGÚN COMPRA ÁGIL ID. N° 3047-350-COT26. PLAZO DE ENTREGA 5 DÍAS HÁBILES. EN DEPENDENCIAS DE LA ESCUELA DE INCENDIO DE LA ACADEMIA.","Artículos para estructuras, obras y construcciones / Materiales estructurales básicos / Perfiles",30102306,1.0,,1426466.0,0.0,CLP
3447-2797-SE26,2026-10-02T09:25:16.077,Región de Tarapacá,HÉCTOR MICHEL SILVA ZÚÑIGA,Maderas duras,"ITEM 3,328	ZINC ACANALADO 0.30 X 3.66 MTS 	","Productos derivados de minerales, plantas y animales / Productos no comestibles de origen vegetal / Madera",11121610,30.0,,15042.0,451260.0,CLP
3447-2797-SE26,2026-10-02T09:25:16.077,Región de Tarapacá,HÉCTOR MICHEL SILVA ZÚÑIGA,Grapas de ferretería,"ITEM 1,805	TORNILLO PUNTA BROCA 6X1 5/8""	",Artículos de fabricación y producción / Artículos de ferretería / Cerrojos,31162404,2000.0,,24.0,48000.0,CLP
3447-2797-SE26,2026-10-02T09:25:16.077,Región de Tarapacá,HÉCTOR MICHEL SILVA ZÚÑIGA,Grapas de ferretería,"ITEM 1,800	TORNILLO NEGRO 6X1 5/8""	",Artículos de fabricación y producción / Artículos de ferretería / Cerrojos,31162404,200.0,,24.0,4800.0,CLP
3447-2797-SE26,2026-10-02T09:25:16.077,Región de Tarapacá,HÉCTOR MICHEL SILVA ZÚÑIGA,Grapas de ferretería,"ITEM 1,802	TORNILLO NEGRO 8X2 1/2""		",Artículos de fabricación y producción / Artículos de ferretería / Cerrojos,31162404,200.0,,29.0,5800.0,CLP
3447-2797-SE26,2026-10-02T09:25:16.077,Región de Tarapacá,HÉCTOR MICHEL SILVA ZÚÑIGA,Grapas de ferretería,"ITEM 1,803	TORNILLO NEGRO 8X3""	",Artículos de fabricación y producción / Artículos de ferretería / Cerrojos,31162404,200.0,,32.0,6400.0,CLP
3447-2797-SE26,2026-10-02T09:25:16.077,Región de Tarapacá,HÉCTOR MICHEL SILVA ZÚÑIGA,Grapas de ferretería,"ITEM 1,804	TORNILLO PUNTA BROCA 6X1 1/4""	",Artículos de fabricación y producción / Artículos de ferretería / Cerrojos,31162404,100.0,,21.0,2100.0,CLP
3447-2797-SE26,2026-10-02T09:25:16.077,Región de Tarapacá,HÉCTOR MICHEL SILVA ZÚÑIGA,Grapas de ferretería,"ITEM 1,300	DISCO CORTE METAL DE 41/2	",Artículos de fabricación y producción / Artículos de ferretería / Cerrojos,31162404,10.0,,672.0,6720.0,CLP
3447-2797-SE26,2026-10-02T09:25:16.077,Región de Tarapacá,HÉCTOR MICHEL SILVA ZÚÑIGA,Grapas de ferretería,"ITEM 1,354	GRAMPAS 8MM (1000 UNIDADES)	",Artículos de fabricación y producción / Artículos de ferretería / Cerrojos,31162404,1.0,,2017.0,2017.0,CLP
3447-2797-SE26,2026-10-02T09:25:16.077,Región de Tarapacá,HÉCTOR MICHEL SILVA ZÚÑIGA,Grapas de ferretería,"ITEM 1,426	MALLA RASCHEL 4.20 MTS NEGRA	",Artículos de fabricación y producción / Artículos de ferretería / Cerrojos,31162404,100.0,,1681.0,168100.0,CLP
3447-2797-SE26,2026-10-02T09:25:16.077,Región de Tarapacá,HÉCTOR MICHEL SILVA ZÚÑIGA,Grapas de ferretería,"ITEM 1,28	ALAMBRE GALVANIZADO N° 18",Artículos de fabricación y producción / Artículos de ferretería / Cerrojos,31162404,20.0,,3025.0,60500.0,CLP
3447-2797-SE26,2026-10-02T09:25:16.077,Región de Tarapacá,HÉCTOR MICHEL SILVA ZÚÑIGA,Grapas de ferretería,"ITEM 3,18	AUTOPERFORANTE HEXAGONAL CON GOLILLA, 12 X 3/4""	",Artículos de fabricación y producción / Artículos de ferretería / Cerrojos,31162404,1500.0,,34.0,51000.0,CLP
3447-2797-SE26,2026-10-02T09:25:16.077,Región de Tarapacá,HÉCTOR MICHEL SILVA ZÚÑIGA,Grapas de ferretería,"ITEM 3,274	SECO DIMENSIONADO 1X2X3.20",Artículos de fabricación y producción / Artículos de ferretería / Cerrojos,31162404,9.0,,2252.0,20268.0,CLP
3447-2797-SE26,2026-10-02T09:25:16.077,Región de Tarapacá,HÉCTOR MICHEL SILVA ZÚÑIGA,Grapas de ferretería,"ITEM 3,281	SECO DIMENSIONADO 2X2X3.20	",Artículos de fabricación y producción / Artículos de ferretería / Cerrojos,31162404,15.0,,3529.0,52935.0,CLP
3447-2797-SE26,2026-10-02T09:25:16.077,Región de Tarapacá,HÉCTOR MICHEL SILVA ZÚÑIGA,Grapas de ferretería,"ITEM 3,297	TAPAGOTERAS SELLANTE 300 GR	",Artículos de fabricación y producción / Artículos de ferretería / Cerrojos,31162404,10.0,,3782.0,37820.0,CLP
3447-2797-SE26,2026-10-02T09:25:16.077,Región de Tarapacá,HÉCTOR MICHEL SILVA ZÚÑIGA,Grapas de ferretería,"ITEM 5,46	PISTOLA CALAFATERA METALICA 310 ML	",Artículos de fabricación y producción / Artículos de ferretería / Cerrojos,31162404,1.0,,5462.0,5462.0,CLP
4609-469-SE26,2026-10-02T08:47:03.567,Región Aysén del General Carlos Ibáñez del Campo,TRANSPORTE Y ARRIENDO DE MAQUINARIAS EL SALTO LIMITADA,Codos de tubo,"2000  Terminal pvc hidráulico he 20 mm
100    Tubo pvc hidráulico 20 mm
2000  Boquilla ajustable c/filtro HRN -15- FS
1000  Copla pvc hidráulico 20 mm
1000  Aspersor Orbit profesional Mod. 54457
","Equipamiento para el acondicionamiento, distribución y filtrado de fluidos / Control y distribución de líquidos y gases / Conexiones para tuberías",40142604,1.0,,18191000.0,18191000.0,CLP
4993-644-SE26,2026-10-01T11:07:11.713,Región de la Araucanía,FERREETERIA EL TOQUI SPA,Grapas de ferretería,SEGUN SOLICITUD DE PEDIDO N°377 ADJUNTA.,Artículos de fabricación y producción / Artículos de ferretería / Cerrojos,31162404,1.0,,822900.0,822900.0,CLP
551029-80-AG26,2026-10-02T09:09:24.65,Región del Maule,SOLANGELA ,Cemento,"Se requiere cotizar materiales de construcción, PROGRAMA ORASMI. Ver antecedentes en archivo adjunto.

","Artículos para estructuras, obras y construcciones / Hormigón, cemento y yeso / Cemento y cal",30111601,1.0,,295910.0,0.0,CLP
2358-376-AG26,2026-09-30T08:21:52.597,Región del Biobío,SOC. EXP E IMP M&M LTDA,Clavo-tornillo,"Compra de materiales de construcción, monto máximo disponible: $ 5.000.000.-IVA incluido, considerando despacho. Adjuntar cotización, según cantidades y máximos a gastar; con oferta detallada en pesos",Artículos de fabricación y producción / Artículos de ferretería / Tornillos,31161503,1.0,,924300.0,0.0,CLP
3945-698-SE26,2026-09-30T16:59:29.793,Región del Biobío,distribuidora sandra araneda Perez EIRL,Madera de coníferas,GUARDAPOLVOS 13X68X3 MTS.,"Productos derivados de minerales, plantas y animales / Productos no comestibles de origen vegetal / Madera",11121604,20.0,,3706.0,74120.0,CLP
3945-698-SE26,2026-09-30T16:59:29.793,Región del Biobío,distribuidora sandra araneda Perez EIRL,Madera de coníferas,RODONES 13X68X3 MTS.,"Productos derivados de minerales, plantas y animales / Productos no comestibles de origen vegetal / Madera",11121604,20.0,,3706.0,74120.0,CLP
3945-698-SE26,2026-09-30T16:59:29.793,Región del Biobío,distribuidora sandra araneda Perez EIRL,Caballetes metálicos,CABALLETES 0.50X3 MTS.,"Instrumentos musicales, juegos, juguetes, artesanías y materiales educativos / Equipos de arte y manualidades, accesorios y suministros / Medios, aplicadores y accesorios para artes plásticas y pinturas",60121246,5.0,,11373.0,56865.0,CLP
3945-698-SE26,2026-09-30T16:59:29.793,Región del Biobío,distribuidora sandra araneda Perez EIRL,Juegos de cerraduras,"PICAPORTE CARCELERO 8"".","Equipos y suministros de defensa, orden público, protección y seguridad / Seguridad, vigilancia y detección / Cerraduras, elementos de seguridad y accesorios",46171503,2.0,,6639.0,13278.0,CLP
3945-698-SE26,2026-09-30T16:59:29.793,Región del Biobío,distribuidora sandra araneda Perez EIRL,Juegos de cerraduras,"PICAPORTE GRANDE 6"".","Equipos y suministros de defensa, orden público, protección y seguridad / Seguridad, vigilancia y detección / Cerraduras, elementos de seguridad y accesorios",46171503,1.0,,5798.0,5798.0,CLP
3945-698-SE26,2026-09-30T16:59:29.793,Región del Biobío,distribuidora sandra araneda Perez EIRL,Clavo-tornillo,"CAJA DE TORNILLOS MADERA 2"".",Artículos de fabricación y producción / Artículos de ferretería / Tornillos,31161503,10.0,,4118.0,41180.0,CLP
3945-698-SE26,2026-09-30T16:59:29.793,Región del Biobío,distribuidora sandra araneda Perez EIRL,Timbres para puertas,TIMBRE INALAMBRICO.,"Equipos y suministros de defensa, orden público, protección y seguridad / Seguridad, vigilancia y detección / Equipo de vigilancia y detección",46171605,1.0,,14202.0,14202.0,CLP
4022-490-AG26,2026-09-23T10:09:24.117,Región de Arica y Parinacota,SOC COMERCIAL SAN DIEGO LIMITADA,Puertas de madera,"ADQ. MATERIALES DE CONSTRUCCION P/CASO AYUDA SOCIAL FAM. QUISPE TAPIA, SEGUN DETALLE ADJUNTO

","Artículos para estructuras, obras y construcciones / Puertas, ventanas y vidrios / Puertas",30171504,1.0,,543600.0,0.0,CLP
4022-502-AG26,2026-10-01T08:58:16.403,Región de Arica y Parinacota,CAROLINA IRMA FLORES MARCA,Cemento,"ADQ. MATERIALES DE CONSTRUCCIÓN P/CASO AYUDA SOCIAL MOLLO CONTRERAS, DE ACUERDO AL REQUERIMIENTO ADJUNTO.","Artículos para estructuras, obras y construcciones / Hormigón, cemento y yeso / Cemento y cal",30111601,1.0,,620210.0,0.0,CLP
4965-489-SE26,2026-09-22T13:52:31.53,Región del Libertador General Bernardo O´Higgins,SOCIEDAD COMERCIAL J Y R SPA,Grifos,SIFON LAVAPLATOS LOA 1 1/2 - 1 1/4 PULG S/CURA H,"Equipamiento para el acondicionamiento, distribución y filtrado de fluidos / Control y distribución de líquidos y gases / Materiales y accesorios de gasfitería",40141702,1.0,,4200.0,4200.0,CLP
4965-489-SE26,2026-09-22T13:52:31.53,Región del Libertador General Bernardo O´Higgins,SOCIEDAD COMERCIAL J Y R SPA,Grifos,LLAVE BOLA JARDIN 1/2 X 3/4 PULG,"Equipamiento para el acondicionamiento, distribución y filtrado de fluidos / Control y distribución de líquidos y gases / Materiales y accesorios de gasfitería",40141702,1.0,,3200.0,3200.0,CLP
4965-489-SE26,2026-09-22T13:52:31.53,Región del Libertador General Bernardo O´Higgins,SOCIEDAD COMERCIAL J Y R SPA,Herbicida de malezas,MATAMALEZAS GLIFOSPEC 480 1 LITRO,Artículos para plantas y animales / Abonos y herbicidas / Herbicidas,10171701,4.0,,9980.0,39920.0,CLP
4965-489-SE26,2026-09-22T13:52:31.53,Región del Libertador General Bernardo O´Higgins,SOCIEDAD COMERCIAL J Y R SPA,Desagües,DESAGUE PLASTICO 1 1/2 PULG BORDE CROMADO,"Equipamiento para el acondicionamiento, distribución y filtrado de fluidos / Control y distribución de líquidos y gases / Materiales y accesorios de gasfitería",40141701,1.0,,2050.0,2050.0,CLP
1050283-532-SE26,2026-09-30T15:45:14.713,Región del Libertador General Bernardo O´Higgins,BROWN SANCHEZ ALIRO Y OTRO SPA,Sets de construcción,"ADQUISICIÓN DE MATERIAL DE FERRETERIA , PARA REPARACIÓN E INSTALACIÓN DE AGUA , CASO SOCIAL POR  INCENDIO ESTRUCTURAL SECTOR PENCAHUE , PERDIDA TOTAL.
SEGÚN DETALLE ADJUNTO.","Instrumentos musicales, juegos, juguetes, artesanías y materiales educativos / Juguetes y juegos / Sistemas de construcción y bloques infantiles",60141302,1.0,,135916.0,135916.0,CLP
1113146-48-AG26,2026-09-30T15:50:05.023,Región Aysén del General Carlos Ibáñez del Campo,MOISÉS ALFONSO CALDERÓN SOTO,Arena de fundición,Áridos integral ,Maquinaria para fabricación y transformación industrial / Máquinas y suministros para fundición / Suministros para fundición,23161607,20.0,,10000.0,0.0,CLP
1113146-48-AG26,2026-09-30T15:50:05.023,Región Aysén del General Carlos Ibáñez del Campo,MOISÉS ALFONSO CALDERÓN SOTO,Arena de fundición,Áridos arena,Maquinaria para fabricación y transformación industrial / Máquinas y suministros para fundición / Suministros para fundición,23161607,20.0,,12000.0,0.0,CLP
1002772-9667-AG26,2026-09-29T12:16:51.323,Región Metropolitana de Santiago,INDUMEDICAL SPA,Apósitos secos,"318020010 APOSITO ABS ESPUMA POLIURETANO CON AG 20X20 (TIPO MEPILEX AG O SU EQUIVALENTE TECNICO)
","Equipamiento y suministros médicos / Productos para el cuidado de heridas / Vendas, vendajes y productos relacionados",42311532,50.0,,22044.0,0.0,CLP
1057429-2431-AG26,2026-10-01T15:35:11.277,Región del Biobío,MAYORDENT CHILE LIMITADA,Barniz dental,BARNIZ FLORURO DE SODIO 5% DOSIS UNITARIA (10-500-252-753-00),Equipamiento y suministros médicos / Equipos y suministros odontológicos / Suministros y equipos de odontología cosmética,42151504,2000.0,,950.0,0.0,CLP
1079566-362-AG26,2026-09-29T18:11:56.35,Región del Maule,constructora jm,Material de revestimiento,SEGUN LO REQUERIDO EN ANEXO NRO. 2 DE REQUERIMIENTOS TECNICOS.-,"Artículos para estructuras, obras y construcciones / Materiales para terminaciones de interiores / Carpintería de terminaciones",30161903,1.0,,920117.0,0.0,CLP
1079694-328-AG26,2026-09-28T17:27:12.803,Región de Los Ríos,IMPULSO MARKET SPA,Accesorios para estufas de laboratorio,"Adq. de 08 kit de instalación de cañones para combustiones lentas de cargo de los siguientes destacamentos: Tenencia Liquiñe (F), Tenencia Pirihueico (F), Retén Llifen (F) y el Retén Riñinahue (F) tod",Equipamiento para laboratorios / Equipos e insumos para laboratorio / Hornos de laboratorio y accesorios,41104512,1.0,,880000.0,0.0,CLP
1079694-336-AG26,2026-09-30T09:48:12.623,Región de Los Ríos,DAAM SPA,Enchufes eléctricos,"Adquisición e instalación de materiales de construcción destinados a la Sección Labocar dependiente de la Prefectura Valdivia N°23.

Se solicita a los proveedores ofertar conforme estricto apego a l","Artículos eléctricos y de iluminación / Equipamiento y artículos eléctricos / Conectores, enchufes y terminales",39121402,1.0,,5039500.0,0.0,CLP
1233616-1550-SE26,2026-09-04T13:23:54.72,Región del Ñuble,RODRIGO JORGE RUIZ RODRIGO,Grapas de ferretería,CONVENIO DE FERRETERÍA EE.EE,Artículos de fabricación y producción / Artículos de ferretería / Cerrojos,31162404,1.0,,12605042.0,12605042.0,CLP
1274285-317-SE26,2026-09-03T16:15:50.863,Región Metropolitana de Santiago,FERNANDO ALBERTO VELOSO OLIVA,Perfiles de aleaciones ferrosas,"Tiras de perfil, perfil 70x30x2mm.","Artículos para estructuras, obras y construcciones / Materiales estructurales básicos / Perfiles",30102301,28.0,,17509.0,490252.0,CLP
1274285-317-SE26,2026-09-03T16:15:50.863,Región Metropolitana de Santiago,FERNANDO ALBERTO VELOSO OLIVA,Perfiles de aleaciones ferrosas,"Tiras de perfil, perfil 50x50x3mm.","Artículos para estructuras, obras y construcciones / Materiales estructurales básicos / Perfiles",30102301,8.0,,12528.0,100224.0,CLP
1274285-317-SE26,2026-09-03T16:15:50.863,Región Metropolitana de Santiago,FERNANDO ALBERTO VELOSO OLIVA,Tablero de partículas,"Plancha OSB, plancha 2,44x1,22m.","Productos derivados de minerales, plantas y animales / Productos no comestibles de origen vegetal / Madera",11121611,30.0,,12166.0,364980.0,CLP
1274285-317-SE26,2026-09-03T16:15:50.863,Región Metropolitana de Santiago,FERNANDO ALBERTO VELOSO OLIVA,Fibras de vidrio,"Plancha de fibra de vidrio, 5V (0,5x900x2500mm).","Productos derivados de minerales, plantas y animales / Fibra, hilos e hilados / Fibras",11151512,6.0,,14026.0,84156.0,CLP
1274285-317-SE26,2026-09-03T16:15:50.863,Región Metropolitana de Santiago,FERNANDO ALBERTO VELOSO OLIVA,Cortadores de metal,"Disco de corte 4,5"" para acero.","Herramientas y maquinaria en general / Herramientas manuales / Herramientas de corte, estaje y punzones",27111507,50.0,,370.0,18500.0,CLP
1274285-317-SE26,2026-09-03T16:15:50.863,Región Metropolitana de Santiago,FERNANDO ALBERTO VELOSO OLIVA,Discos de acabado o pulido,"Disco de desbaste 4,5"".",Equipamiento y suministros médicos / Equipos y suministros odontológicos / Rellenos y acabados dentales y suministros para pulir,42151805,5.0,,957.0,4785.0,CLP
1274285-317-SE26,2026-09-03T16:15:50.863,Región Metropolitana de Santiago,FERNANDO ALBERTO VELOSO OLIVA,Soldadura,"Soldadura, 6011/3,32.",Maquinaria para fabricación y transformación industrial / Maquinaria y suministros para talleres / Maquinaria para soldadura directa o indirecta,23171509,11.0,,3000.0,33000.0,CLP
1274285-317-SE26,2026-09-03T16:15:50.863,Región Metropolitana de Santiago,FERNANDO ALBERTO VELOSO OLIVA,Membranas para techos,80 metros papel fieltro asfaltico.,"Artículos para estructuras, obras y construcciones / Materiales para terminaciones exteriores / Materiales para techumbres",30151505,80.0,,206.0,16480.0,CLP
1274285-317-SE26,2026-09-03T16:15:50.863,Región Metropolitana de Santiago,FERNANDO ALBERTO VELOSO OLIVA,Lubricantes anticorrosivos,Anticorrosivo (color: negro).,"Combustibles, lubricantes y anticorrosivos / Lubricantes y anticorrosivos / Anticorrosivos",15121802,4.0,,16800.0,67200.0,CLP
1274285-317-SE26,2026-09-03T16:15:50.863,Región Metropolitana de Santiago,FERNANDO ALBERTO VELOSO OLIVA,Pinturas al esmalte,Esmalte sintético (color: negro).,"Artículos de fabricación y producción / Pinturas, diluyentes y accesorios para pintado / Pinturas",31211501,4.0,,24000.0,96000.0,CLP
1274285-317-SE26,2026-09-03T16:15:50.863,Región Metropolitana de Santiago,FERNANDO ALBERTO VELOSO OLIVA,Cemento,Sacos de cemento.,"Artículos para estructuras, obras y construcciones / Hormigón, cemento y yeso / Cemento y cal",30111601,20.0,,4440.0,88800.0,CLP
1274285-317-SE26,2026-09-03T16:15:50.863,Región Metropolitana de Santiago,FERNANDO ALBERTO VELOSO OLIVA,Distribuidoras de áridos,1m3 de Arena.,Maquinaria para construcción y edificación / Maquinaria pesada de construcción / Equipos de pavimentación,22101610,1.0,,30000.0,30000.0,CLP
1274285-317-SE26,2026-09-03T16:15:50.863,Región Metropolitana de Santiago,FERNANDO ALBERTO VELOSO OLIVA,Distribuidoras de áridos,1m3 de Ripio.,Maquinaria para construcción y edificación / Maquinaria pesada de construcción / Equipos de pavimentación,22101610,1.0,,30000.0,30000.0,CLP
1274285-317-SE26,2026-09-03T16:15:50.863,Región Metropolitana de Santiago,FERNANDO ALBERTO VELOSO OLIVA,Brochas,"Brochas de 2"".","Artículos de fabricación y producción / Pinturas, diluyentes y accesorios para pintado / Accesorios para pintar",31211904,16.0,,1155.0,18480.0,CLP
1274285-317-SE26,2026-09-03T16:15:50.863,Región Metropolitana de Santiago,FERNANDO ALBERTO VELOSO OLIVA,Sets de construcción,"Tornillos, auto perforante cabeza plana.","Instrumentos musicales, juegos, juguetes, artesanías y materiales educativos / Juguetes y juegos / Sistemas de construcción y bloques infantiles",60141302,1000.0,,9.0,9000.0,CLP
1274285-317-SE26,2026-09-03T16:15:50.863,Región Metropolitana de Santiago,FERNANDO ALBERTO VELOSO OLIVA,Sets de construcción,"Tornillo, auto perforante hexagonal.","Instrumentos musicales, juegos, juguetes, artesanías y materiales educativos / Juguetes y juegos / Sistemas de construcción y bloques infantiles",60141302,1000.0,,30.0,30000.0,CLP
1274285-317-SE26,2026-09-03T16:15:50.863,Región Metropolitana de Santiago,FERNANDO ALBERTO VELOSO OLIVA,Tubería de plástico,Tubo ⌀ 30mm.,"Equipamiento para el acondicionamiento, distribución y filtrado de fluidos / Control y distribución de líquidos y gases / Tuberías",40142115,1.0,,10636.0,10636.0,CLP
1274285-317-SE26,2026-09-03T16:15:50.863,Región Metropolitana de Santiago,FERNANDO ALBERTO VELOSO OLIVA,Tubería de plástico,Perfil 50x20mm.,"Equipamiento para el acondicionamiento, distribución y filtrado de fluidos / Control y distribución de líquidos y gases / Tuberías",40142115,10.0,,9142.0,91420.0,CLP
1274285-317-SE26,2026-09-03T16:15:50.863,Región Metropolitana de Santiago,FERNANDO ALBERTO VELOSO OLIVA,Chavetas de dos patas,Chaveta 100x100x3mm.,Artículos de fabricación y producción / Artículos de ferretería / Accesorios de retención,31163204,4.0,,24000.0,96000.0,CLP
1274285-317-SE26,2026-09-03T16:15:50.863,Región Metropolitana de Santiago,FERNANDO ALBERTO VELOSO OLIVA,Discos de acabado o pulido,"Disco de traslape 4,5"".",Equipamiento y suministros médicos / Equipos y suministros odontológicos / Rellenos y acabados dentales y suministros para pulir,42151805,14.0,,957.0,13398.0,CLP
1274285-317-SE26,2026-09-03T16:15:50.863,Región Metropolitana de Santiago,FERNANDO ALBERTO VELOSO OLIVA,Pernos de anclaje,"Perno de anclaje 3/8 o 10mm (2"").",Artículos de fabricación y producción / Artículos de ferretería / Pernos,31161601,26.0,,214.0,5564.0,CLP
1274285-317-SE26,2026-09-03T16:15:50.863,Región Metropolitana de Santiago,FERNANDO ALBERTO VELOSO OLIVA,Barras de madera,"Madera/listón 2"" x 1"" cepillada.","Artículos para estructuras, obras y construcciones / Materiales estructurales básicos / Barras",30101617,10.0,,1407.0,14070.0,CLP
1274285-317-SE26,2026-09-03T16:15:50.863,Región Metropolitana de Santiago,FERNANDO ALBERTO VELOSO OLIVA,Tornillos roscadores,Tornillo auto perforante cabeza plana punta broca.,Artículos de fabricación y producción / Artículos de ferretería / Tornillos,31161507,200.0,,9.0,1800.0,CLP
1274285-317-SE26,2026-09-03T16:15:50.863,Región Metropolitana de Santiago,FERNANDO ALBERTO VELOSO OLIVA,Tablero de yeso,Yeso espuma.,"Artículos para estructuras, obras y construcciones / Materiales para terminaciones de interiores / Materiales para acabados de paredes",30161509,2.0,,5632.0,11264.0,CLP
1274285-317-SE26,2026-09-03T16:15:50.863,Región Metropolitana de Santiago,FERNANDO ALBERTO VELOSO OLIVA,Pastas,Pasta muro tineta.,Artículos de fabricación y producción / Cintas adhesivas y selladores / Adhesivos y selladores,31201602,1.0,,14218.0,14218.0,CLP
1274285-317-SE26,2026-09-03T16:15:50.863,Región Metropolitana de Santiago,FERNANDO ALBERTO VELOSO OLIVA,Tubería de plástico,Tubo PVC 110 (6 metros).,"Equipamiento para el acondicionamiento, distribución y filtrado de fluidos / Control y distribución de líquidos y gases / Tuberías",40142115,1.0,,12675.0,12675.0,CLP
1274285-317-SE26,2026-09-03T16:15:50.863,Región Metropolitana de Santiago,FERNANDO ALBERTO VELOSO OLIVA,Surtidos de adhesivos,Sellador acrílico humedad.,"Instrumentos musicales, juegos, juguetes, artesanías y materiales educativos / Materiales, artículos y suministros didácticos profesionales y para el desarrollo personal / Adhesivos educativos y suministros",60101310,3.0,,11384.0,34152.0,CLP
1274285-317-SE26,2026-09-03T16:15:50.863,Región Metropolitana de Santiago,FERNANDO ALBERTO VELOSO OLIVA,Brochas,"Brochas 3"".","Artículos de fabricación y producción / Pinturas, diluyentes y accesorios para pintado / Accesorios para pintar",31211904,10.0,,1710.0,17100.0,CLP
1274285-317-SE26,2026-09-03T16:15:50.863,Región Metropolitana de Santiago,FERNANDO ALBERTO VELOSO OLIVA,Rodillos de pintar,Rodillo chiporro 5x23cm.,"Artículos de fabricación y producción / Pinturas, diluyentes y accesorios para pintado / Accesorios para pintar",31211906,12.0,,4207.0,50484.0,CLP
1274285-317-SE26,2026-09-03T16:15:50.863,Región Metropolitana de Santiago,FERNANDO ALBERTO VELOSO OLIVA,Pintura al agua,Pintura esmalte al agua blanca.,"Instrumentos musicales, juegos, juguetes, artesanías y materiales educativos / Equipos de arte y manualidades, accesorios y suministros / Medios, aplicadores y accesorios para artes plásticas y pinturas",60121251,5.0,,66600.0,333000.0,CLP
1274285-317-SE26,2026-09-03T16:15:50.863,Región Metropolitana de Santiago,FERNANDO ALBERTO VELOSO OLIVA,Maderas duras,Cuarto rodón (tira 3 metros).,"Productos derivados de minerales, plantas y animales / Productos no comestibles de origen vegetal / Madera",11121610,28.0,,1188.0,33264.0,CLP
1274285-317-SE26,2026-09-03T16:15:50.863,Región Metropolitana de Santiago,FERNANDO ALBERTO VELOSO OLIVA,Clavo-tornillo,Clavo punta 1 1/2.,Artículos de fabricación y producción / Artículos de ferretería / Tornillos,31161503,2.0,,1200.0,2400.0,CLP
1274285-317-SE26,2026-09-03T16:15:50.863,Región Metropolitana de Santiago,FERNANDO ALBERTO VELOSO OLIVA,Cintas decorativas,Cinta de papel 50mm.,"Instrumentos musicales, juegos, juguetes, artesanías y materiales educativos / Equipos de arte y manualidades, accesorios y suministros / Materiales de artesanía de cintas",60123204,5.0,,4225.0,21125.0,CLP
1274285-317-SE26,2026-09-03T16:15:50.863,Región Metropolitana de Santiago,FERNANDO ALBERTO VELOSO OLIVA,Tubería de plástico,Tubo reducción 110 a 50.,"Artículos de fabricación y producción / Materia prima en planchas, barras o tubos / Tubos y cañerías",31231313,1.0,,1674.0,1674.0,CLP
1274285-317-SE26,2026-09-03T16:15:50.863,Región Metropolitana de Santiago,FERNANDO ALBERTO VELOSO OLIVA,Codos de tubo,"""Y"" de 110.","Equipamiento para el acondicionamiento, distribución y filtrado de fluidos / Control y distribución de líquidos y gases / Conexiones para tuberías",40142604,1.0,,2594.0,2594.0,CLP
1274285-317-SE26,2026-09-03T16:15:50.863,Región Metropolitana de Santiago,FERNANDO ALBERTO VELOSO OLIVA,Puntas,Punta Philips PH2.,Artículos de fabricación y producción / Artículos de ferretería / Clavos,31162001,10.0,,612.0,6120.0,CLP
1274285-317-SE26,2026-09-03T16:15:50.863,Región Metropolitana de Santiago,FERNANDO ALBERTO VELOSO OLIVA,Perno estriado,Hilo espárrago 3/4 zincado 1 metro.,Artículos de fabricación y producción / Artículos de ferretería / Accesorios de retención,31163215,2.0,,7713.0,15426.0,CLP
1274285-317-SE26,2026-09-03T16:15:50.863,Región Metropolitana de Santiago,FERNANDO ALBERTO VELOSO OLIVA,Paneles de montaje,Huincha Join cinta para juntas.,Artículos de fabricación y producción / Artículos de ferretería / Accesorios de Ferretería,31162308,5.0,,2340.0,11700.0,CLP
1274285-317-SE26,2026-09-03T16:15:50.863,Región Metropolitana de Santiago,FERNANDO ALBERTO VELOSO OLIVA,Sellador de fugas,Silicona de sellado blanca.,"Combustibles, lubricantes y anticorrosivos / Lubricantes y anticorrosivos / Lubricantes",15121516,50.0,,2400.0,120000.0,CLP
1274285-317-SE26,2026-09-03T16:15:50.863,Región Metropolitana de Santiago,FERNANDO ALBERTO VELOSO OLIVA,Guantes protectores,Guantes cabritilla.,"Equipos y suministros de defensa, orden público, protección y seguridad / Seguridad y protección personal / Ropa protectora de seguridad contra materias peligrosas",46181504,10.0,,1068.0,10680.0,CLP
1274285-317-SE26,2026-09-03T16:15:50.863,Región Metropolitana de Santiago,FERNANDO ALBERTO VELOSO OLIVA,Guantes protectores,Guantes anti corte talla L.,"Equipos y suministros de defensa, orden público, protección y seguridad / Seguridad y protección personal / Ropa protectora de seguridad contra materias peligrosas",46181504,20.0,,1620.0,32400.0,CLP
1274285-317-SE26,2026-09-03T16:15:50.863,Región Metropolitana de Santiago,FERNANDO ALBERTO VELOSO OLIVA,Plancha de acero,"Placa diamantada (Acero A36, e=4mm).","Artículos para estructuras, obras y construcciones / Materiales estructurales básicos / Plancha",30102204,12.0,,25864.0,310368.0,CLP
1274285-317-SE26,2026-09-03T16:15:50.863,Región Metropolitana de Santiago,FERNANDO ALBERTO VELOSO OLIVA,Perfiles de acero,Perfil rectangular 80x40x2mm.,"Artículos para estructuras, obras y construcciones / Materiales estructurales básicos / Perfiles",30102304,10.0,,21273.0,212730.0,CLP
1274285-317-SE26,2026-09-03T16:15:50.863,Región Metropolitana de Santiago,FERNANDO ALBERTO VELOSO OLIVA,Perfiles de aleaciones ferrosas,"Tubo redondo 1 1/4"" x 2mm (6m).","Artículos para estructuras, obras y construcciones / Materiales estructurales básicos / Perfiles",30102301,8.0,,8784.0,70272.0,CLP
1274285-317-SE26,2026-09-03T16:15:50.863,Región Metropolitana de Santiago,FERNANDO ALBERTO VELOSO OLIVA,Pernos de anclaje,"Fijaciones pernos de anclaje 1/2x4"" con golillas de presión.",Artículos de fabricación y producción / Artículos de ferretería / Pernos,31161601,50.0,,633.0,31650.0,CLP
1079694-332-AG26,2026-09-29T12:19:12.513,Región de Los Ríos,FERRETERIA ALTERMATT SPA,Clavo-tornillo,"Adquisición de materiales de construcción para reparar la cocina de la Unidad de Investigaciones de Accidentes de Tránsito dependiente de la Prefectura Valdivia N°23.

Se solicita a los proveedores ",Artículos de fabricación y producción / Artículos de ferretería / Tornillos,31161503,1.0,,161258.0,0.0,CLP
1173418-72-AG26,2026-09-29T11:35:51.657,Región de la Araucanía,FERRETERIA LAS HORTENSIAS SpA,Motores neumáticos,Motor portón corredera DZ Atto 36 Turbo 17m/min de 350 kg,Herramientas y maquinaria en general / Maquinaria neumática / Herramientas neumáticas,27131508,1.0,,157300.0,0.0,CLP
1173418-72-AG26,2026-09-29T11:35:51.657,Región de la Araucanía,FERRETERIA LAS HORTENSIAS SpA,Motores neumáticos,"Pulsador red control rasante verde 22 mm 1 na+ 1 nc 10 Amp, 240 vac",Herramientas y maquinaria en general / Maquinaria neumática / Herramientas neumáticas,27131508,1.0,,3150.0,0.0,CLP
1173418-72-AG26,2026-09-29T11:35:51.657,Región de la Araucanía,FERRETERIA LAS HORTENSIAS SpA,Motores neumáticos,"Pulsador rasante rojo 22 mm 1 na+ 1 nc, 10 Amp 240 vac",Herramientas y maquinaria en general / Maquinaria neumática / Herramientas neumáticas,27131508,1.0,,3150.0,0.0,CLP
1173418-72-AG26,2026-09-29T11:35:51.657,Región de la Araucanía,FERRETERIA LAS HORTENSIAS SpA,Terminales eléctricos,Terminal EMT caja corrugado 20 mm,"Artículos eléctricos y de iluminación / Equipamiento y artículos eléctricos / Conectores, enchufes y terminales",39121432,9.0,,610.0,0.0,CLP
1173418-72-AG26,2026-09-29T11:35:51.657,Región de la Araucanía,FERRETERIA LAS HORTENSIAS SpA,Cajas eléctricas,Caja estanca 100 x 100 x 65 galvanizada,Artículos eléctricos y de iluminación / Equipamiento y artículos eléctricos / Cajas y accesorios eléctricos,39121303,7.0,,1260.0,0.0,CLP
1173418-72-AG26,2026-09-29T11:35:51.657,Región de la Araucanía,FERRETERIA LAS HORTENSIAS SpA,Terminales eléctricos,Curva EMT 20 mm,"Artículos eléctricos y de iluminación / Equipamiento y artículos eléctricos / Conectores, enchufes y terminales",39121432,5.0,,800.0,0.0,CLP
1173418-72-AG26,2026-09-29T11:35:51.657,Región de la Araucanía,FERRETERIA LAS HORTENSIAS SpA,Terminales eléctricos,Copla EMT 20 mm,"Artículos eléctricos y de iluminación / Equipamiento y artículos eléctricos / Conectores, enchufes y terminales",39121432,9.0,,300.0,0.0,CLP
1173418-72-AG26,2026-09-29T11:35:51.657,Región de la Araucanía,FERRETERIA LAS HORTENSIAS SpA,Terminales eléctricos,Metros corrugado 20 mm,"Artículos eléctricos y de iluminación / Equipamiento y artículos eléctricos / Conectores, enchufes y terminales",39121432,13.0,,550.0,0.0,CLP
1173418-72-AG26,2026-09-29T11:35:51.657,Región de la Araucanía,FERRETERIA LAS HORTENSIAS SpA,Terminales eléctricos,Tubo EMT 20 mm x 3 mt,"Artículos eléctricos y de iluminación / Equipamiento y artículos eléctricos / Conectores, enchufes y terminales",39121432,7.0,,2990.0,0.0,CLP
1173418-72-AG26,2026-09-29T11:35:51.657,Región de la Araucanía,FERRETERIA LAS HORTENSIAS SpA,Terminales eléctricos,Terminal para EMT a corrugado 20 mm,"Artículos eléctricos y de iluminación / Equipamiento y artículos eléctricos / Conectores, enchufes y terminales",39121432,8.0,,620.0,0.0,CLP
1173418-72-AG26,2026-09-29T11:35:51.657,Región de la Araucanía,FERRETERIA LAS HORTENSIAS SpA,Terminales eléctricos,Metros cordón paralelo 2 x 20 AWG negro,"Artículos eléctricos y de iluminación / Equipamiento y artículos eléctricos / Conectores, enchufes y terminales",39121432,50.0,,480.0,0.0,CLP
1173418-72-AG26,2026-09-29T11:35:51.657,Región de la Araucanía,FERRETERIA LAS HORTENSIAS SpA,Tornillos de anclaje,"Bolsa tarugos plásticos 6 mm, bolsa 100 unidades",Artículos de fabricación y producción / Artículos de ferretería / Tornillos,31161502,1.0,,1160.0,0.0,CLP
1173418-72-AG26,2026-09-29T11:35:51.657,Región de la Araucanía,FERRETERIA LAS HORTENSIAS SpA,Abrazaderas de montaje,Abrazadera tipo Caddy para EMT 20 mm,Artículos de fabricación y producción / Artículos de ferretería / Accesorios de Ferretería,31162305,20.0,,190.0,0.0,CLP
1173418-72-AG26,2026-09-29T11:35:51.657,Región de la Araucanía,FERRETERIA LAS HORTENSIAS SpA,Clavo-tornillo,"Caja tornillo cabeza lenteja punta fina 8 x 11/2"", caja 100 unidades",Artículos de fabricación y producción / Artículos de ferretería / Tornillos,31161503,1.0,,1800.0,0.0,CLP
1173418-72-AG26,2026-09-29T11:35:51.657,Región de la Araucanía,FERRETERIA LAS HORTENSIAS SpA,Clavo-tornillo,"Perno de anclaje 1/2 x 41/4""",Artículos de fabricación y producción / Artículos de ferretería / Tornillos,31161503,4.0,,510.0,0.0,CLP
1173418-72-AG26,2026-09-29T11:35:51.657,Región de la Araucanía,FERRETERIA LAS HORTENSIAS SpA,Brocas,Broca para concreto 6 mm,Herramientas y maquinaria en general / Herramientas manuales / Accesorios para herramientas,27112801,1.0,,1350.0,0.0,CLP
1173418-72-AG26,2026-09-29T11:35:51.657,Región de la Araucanía,FERRETERIA LAS HORTENSIAS SpA,Engranajes cremallera,Metros cremallera metálica para portón de corredera,"Artículos de fabricación y producción / Rodamientos, cojinetes y ruedas dentadas industriales / Engranajes",31171709,3.0,,9950.0,0.0,CLP
1079866-391-AG26,2026-10-01T16:45:13.81,Región Metropolitana de Santiago,MARJORIE STEPHANIE BETANCOURT GARCES,Puertas de madera,Puerta Terciado precolgada Dual 70x200cm.,"Artículos para estructuras, obras y construcciones / Puertas, ventanas y vidrios / Puertas",30171504,2.0,,48000.0,0.0,CLP
1079866-391-AG26,2026-10-01T16:45:13.81,Región Metropolitana de Santiago,MARJORIE STEPHANIE BETANCOURT GARCES,Juegos de cerraduras,"Cerradura baño inox karson
","Equipos y suministros de defensa, orden público, protección y seguridad / Seguridad, vigilancia y detección / Cerraduras, elementos de seguridad y accesorios",46171503,2.0,,8900.0,0.0,CLP
1079866-391-AG26,2026-10-01T16:45:13.81,Región Metropolitana de Santiago,MARJORIE STEPHANIE BETANCOURT GARCES,Duchas,Monomando Ducha Modena Eco Cromado,"Artículos para estructuras, obras y construcciones / Artefactos sanitarios / Loza sanitaria",30181503,2.0,,9900.0,0.0,CLP
1079866-391-AG26,2026-10-01T16:45:13.81,Región Metropolitana de Santiago,MARJORIE STEPHANIE BETANCOURT GARCES,Pileta recipiente,Pileta PVC 110x75x50x40mm Blanco / Gris,Equipamiento para manejo y estiba de materiales / Recipientes para almacenamiento / Tanques y cilindros,24111812,1.0,,4000.0,0.0,CLP
1079866-391-AG26,2026-10-01T16:45:13.81,Región Metropolitana de Santiago,MARJORIE STEPHANIE BETANCOURT GARCES,Taza de WC,"Sanitario One piece a Piso 30,5 cm 6 Litros","Artículos para estructuras, obras y construcciones / Artefactos sanitarios / Loza sanitaria",30181505,2.0,,60000.0,0.0,CLP
1079866-391-AG26,2026-10-01T16:45:13.81,Región Metropolitana de Santiago,MARJORIE STEPHANIE BETANCOURT GARCES,Kits de montaje,Kit Instalación Completo Para Wc,Artículos de fabricación y producción / Artículos de ferretería / Accesorios de Ferretería,31162313,3.0,,9900.0,0.0,CLP
1079866-391-AG26,2026-10-01T16:45:13.81,Región Metropolitana de Santiago,MARJORIE STEPHANIE BETANCOURT GARCES,Perfiles de montaje,"Perfil Tabiques Montante Perforado Metal 60x38x0,5 mm 2,4 m",Artículos de fabricación y producción / Artículos de ferretería / Accesorios de Ferretería,31162301,30.0,,1690.0,0.0,CLP
1079866-391-AG26,2026-10-01T16:45:13.81,Región Metropolitana de Santiago,MARJORIE STEPHANIE BETANCOURT GARCES,Perfiles de montaje,"Perfil Tabiques Canal Metal 61x20x0,5 mm 3 m",Artículos de fabricación y producción / Artículos de ferretería / Accesorios de Ferretería,31162301,6.0,,2000.0,0.0,CLP
1079866-391-AG26,2026-10-01T16:45:13.81,Región Metropolitana de Santiago,MARJORIE STEPHANIE BETANCOURT GARCES,Tornillos para metales,"Tornillo Autoperforante Metal 1 "" 8 mm 500 unidad(es)",Artículos de fabricación y producción / Artículos de ferretería / Tornillos,31161504,1.0,,25000.0,0.0,CLP
1079866-391-AG26,2026-10-01T16:45:13.81,Región Metropolitana de Santiago,MARJORIE STEPHANIE BETANCOURT GARCES,Tornillos roscalata,"Tornillo Punta Broca Autoperforante Yeso-Cartón 1-1/4 "" 6 mm 1000 Unidades",Artículos de fabricación y producción / Artículos de ferretería / Tornillos,31161506,3.0,,12000.0,0.0,CLP
1079866-391-AG26,2026-10-01T16:45:13.81,Región Metropolitana de Santiago,MARJORIE STEPHANIE BETANCOURT GARCES,Tablero de yeso,Yeso Cartón Borde Rebajado 10 mm 120x240 cm,"Artículos para estructuras, obras y construcciones / Materiales para terminaciones de interiores / Materiales para acabados de paredes",30161509,10.0,,4900.0,0.0,CLP
1079866-391-AG26,2026-10-01T16:45:13.81,Región Metropolitana de Santiago,MARJORIE STEPHANIE BETANCOURT GARCES,Placas de montaje,OSB Estructural 9.5 mm 122x244 cm,Artículos de fabricación y producción / Artículos de ferretería / Accesorios de Ferretería,31162307,20.0,,9000.0,0.0,CLP
1079866-391-AG26,2026-10-01T16:45:13.81,Región Metropolitana de Santiago,MARJORIE STEPHANIE BETANCOURT GARCES,Pastas,Pasta Muro Interior Tajamar 25 Kg para Enlucir y Nivelar Blanco,Artículos de fabricación y producción / Cintas adhesivas y selladores / Adhesivos y selladores,31201602,1.0,,15900.0,0.0,CLP
1079866-391-AG26,2026-10-01T16:45:13.81,Región Metropolitana de Santiago,MARJORIE STEPHANIE BETANCOURT GARCES,Masillas,Masilla Base Para Juntas Pro 25 Kg Construcción Reparación,Artículos de fabricación y producción / Cintas adhesivas y selladores / Adhesivos y selladores,31201605,2.0,,20000.0,0.0,CLP
1079866-391-AG26,2026-10-01T16:45:13.81,Región Metropolitana de Santiago,MARJORIE STEPHANIE BETANCOURT GARCES,Cinta adhesiva de fibra de vidrio,Cinta fibra vidrio autoadhesiva junturas de tabiquería de fibrocemento,Artículos de fabricación y producción / Cintas adhesivas y selladores / Cinta adhesiva,31201507,4.0,,1500.0,0.0,CLP
1079866-391-AG26,2026-10-01T16:45:13.81,Región Metropolitana de Santiago,MARJORIE STEPHANIE BETANCOURT GARCES,Papeles de lija,Lija Norton A-257 para Grano 180 Óxido de 22.5x27.5cm,Artículos de fabricación y producción / Materiales para prensar y abrasivos / Productos abrasivos,31191501,10.0,,200.0,0.0,CLP
1079866-391-AG26,2026-10-01T16:45:13.81,Región Metropolitana de Santiago,MARJORIE STEPHANIE BETANCOURT GARCES,Papeles de lija,Lija A-257 madera grano 080,Artículos de fabricación y producción / Materiales para prensar y abrasivos / Productos abrasivos,31191501,25.0,,200.0,0.0,CLP
1079866-391-AG26,2026-10-01T16:45:13.81,Región Metropolitana de Santiago,MARJORIE STEPHANIE BETANCOURT GARCES,Espejos o paneles acrílicos transparentes,Espejo para baño biselado 60x90 cm,"Instrumentos musicales, juegos, juguetes, artesanías y materiales educativos / Equipos de arte y manualidades, accesorios y suministros / Materiales de estudio",60121602,3.0,,25000.0,0.0,CLP
1079866-391-AG26,2026-10-01T16:45:13.81,Región Metropolitana de Santiago,MARJORIE STEPHANIE BETANCOURT GARCES,Azulejos o baldosas de cerámica,Cerámica 53x53 cm Doha White Blanco / Gris 2.81 m2,"Artículos para estructuras, obras y construcciones / Productos de construcción estructurales / Azulejos y baldosas",30131704,8.0,,20000.0,0.0,CLP
1079866-391-AG26,2026-10-01T16:45:13.81,Región Metropolitana de Santiago,MARJORIE STEPHANIE BETANCOURT GARCES,Cemento,Adhesivo Cerámica Piso y muro Superficie Rígido 20 kg,"Artículos para estructuras, obras y construcciones / Hormigón, cemento y yeso / Cemento y cal",30111601,15.0,,3000.0,0.0,CLP
1079866-391-AG26,2026-10-01T16:45:13.81,Región Metropolitana de Santiago,MARJORIE STEPHANIE BETANCOURT GARCES,Cemento,"Adhesivo de montaje de agarre inmediato 3,8 kg","Artículos para estructuras, obras y construcciones / Hormigón, cemento y yeso / Cemento y cal",30111601,2.0,,8900.0,0.0,CLP
1079866-391-AG26,2026-10-01T16:45:13.81,Región Metropolitana de Santiago,MARJORIE STEPHANIE BETANCOURT GARCES,Siliconas,Lanco Baño y Cocina 300 ml Color Antihongos gris,Productos químicos industriales / Compuestos y mezclas / Compuestos inorgánicos,12352310,3.0,,2500.0,0.0,CLP
1079866-391-AG26,2026-10-01T16:45:13.81,Región Metropolitana de Santiago,MARJORIE STEPHANIE BETANCOURT GARCES,Siliconas,Silicona 700 Baño y Cocina Antihongos 300 ml Blanca,Productos químicos industriales / Compuestos y mezclas / Compuestos inorgánicos,12352310,10.0,,3000.0,0.0,CLP
1079866-391-AG26,2026-10-01T16:45:13.81,Región Metropolitana de Santiago,MARJORIE STEPHANIE BETANCOURT GARCES,Pinos,"Pino Certificado Seco Cepillado 2x3 3,2 m",Artículos para plantas y animales / Productos de floricultura y silvicultura / Árboles y arbustos,10161511,10.0,,4000.0,0.0,CLP
1079866-391-AG26,2026-10-01T16:45:13.81,Región Metropolitana de Santiago,MARJORIE STEPHANIE BETANCOURT GARCES,Latas de pintura o barniz,Carbolineo 3 lt,Equipamiento para manejo y estiba de materiales / Materiales para envasado / Latas para envasado,24121802,3.0,,12000.0,0.0,CLP
1079866-391-AG26,2026-10-01T16:45:13.81,Región Metropolitana de Santiago,MARJORIE STEPHANIE BETANCOURT GARCES,Cañerías o tuberías de riego,Vee red PVC-S Cementar 110mm x 75mm Gris 1u,"Maquinaria para agricultura, pesca y silvicultura / Maquinaria para agricultura, silvicultura y paisaje / Maquinaria agrícola para preparación del suelo",21101510,2.0,,3200.0,0.0,CLP
1079866-391-AG26,2026-10-01T16:45:13.81,Región Metropolitana de Santiago,MARJORIE STEPHANIE BETANCOURT GARCES,Adhesivos líquidos,Adhesivo Humedad para PVC 240 cc,Artículos de fabricación y producción / Cintas adhesivas y selladores / Adhesivos y selladores,31201616,3.0,,4000.0,0.0,CLP
1079866-391-AG26,2026-10-01T16:45:13.81,Región Metropolitana de Santiago,MARJORIE STEPHANIE BETANCOURT GARCES,Abrazaderas de manguera o tubo,Tubo Gris PVC Agua 110 mmx6 m,Artículos de fabricación y producción / Artículos de ferretería / Abrazaderas,31162906,2.0,,15000.0,0.0,CLP
1079866-391-AG26,2026-10-01T16:45:13.81,Región Metropolitana de Santiago,MARJORIE STEPHANIE BETANCOURT GARCES,Abrazaderas de manguera o tubo,Tubo Sanitario NCH1779 gris PVC Agua 50 mmx6 m,Artículos de fabricación y producción / Artículos de ferretería / Abrazaderas,31162906,2.0,,15000.0,0.0,CLP
1079866-391-AG26,2026-10-01T16:45:13.81,Región Metropolitana de Santiago,MARJORIE STEPHANIE BETANCOURT GARCES,Codo de tubería,"Codo 87,5o PVC-S Cementar 50mm Gris 1u","Equipamiento para el acondicionamiento, distribución y filtrado de fluidos / Control y distribución de líquidos y gases / Accesorios para tuberías",40142317,4.0,,500.0,0.0,CLP
1079866-391-AG26,2026-10-01T16:45:13.81,Región Metropolitana de Santiago,MARJORIE STEPHANIE BETANCOURT GARCES,Codo de tubería,Codo 45o PVC-S Cementar 50mm Gris 1u,"Equipamiento para el acondicionamiento, distribución y filtrado de fluidos / Control y distribución de líquidos y gases / Accesorios para tuberías",40142317,4.0,,500.0,0.0,CLP
1079866-391-AG26,2026-10-01T16:45:13.81,Región Metropolitana de Santiago,MARJORIE STEPHANIE BETANCOURT GARCES,Cámaras preliminares de sedimentación,Kit alcantarillado (tapa con marco) 60x60 cm,"Equipos y suministros de limpieza / Tratamiento, suministros y eliminación de agua y aguas residuales / Equipos para el tratamiento y suministro de agua",47101507,1.0,,22000.0,0.0,CLP
1079866-391-AG26,2026-10-01T16:45:13.81,Región Metropolitana de Santiago,MARJORIE STEPHANIE BETANCOURT GARCES,Cemento,Cemento saco 25kg,"Artículos para estructuras, obras y construcciones / Hormigón, cemento y yeso / Cemento y cal",30111601,7.0,,3500.0,0.0,CLP
1079866-391-AG26,2026-10-01T16:45:13.81,Región Metropolitana de Santiago,MARJORIE STEPHANIE BETANCOURT GARCES,Arena de fundición,arena gruesa 25 kilos,Maquinaria para fabricación y transformación industrial / Máquinas y suministros para fundición / Suministros para fundición,23161607,50.0,,1000.0,0.0,CLP
1079866-391-AG26,2026-10-01T16:45:13.81,Región Metropolitana de Santiago,MARJORIE STEPHANIE BETANCOURT GARCES,Tubería de bronce,"Terminal Bronce SO/HI 1/2"" 1u","Artículos de fabricación y producción / Materia prima en planchas, barras o tubos / Tubos y cañerías",31231308,5.0,,1000.0,0.0,CLP
1079866-391-AG26,2026-10-01T16:45:13.81,Región Metropolitana de Santiago,MARJORIE STEPHANIE BETANCOURT GARCES,Tubería de bronce,"Terminal Bronce SO/HE 1/2"" 1u","Artículos de fabricación y producción / Materia prima en planchas, barras o tubos / Tubos y cañerías",31231308,5.0,,1000.0,0.0,CLP
1079866-391-AG26,2026-10-01T16:45:13.81,Región Metropolitana de Santiago,MARJORIE STEPHANIE BETANCOURT GARCES,Tubería de bronce," T Bronce SO-SO-HI 1/2"" 1u","Artículos de fabricación y producción / Materia prima en planchas, barras o tubos / Tubos y cañerías",31231308,5.0,,1000.0,0.0,CLP
1079866-391-AG26,2026-10-01T16:45:13.81,Región Metropolitana de Santiago,MARJORIE STEPHANIE BETANCOURT GARCES,Tubería de cobre,"Cañería Cobre Agua 1/2 ""x3 m","Artículos de fabricación y producción / Materia prima en planchas, barras o tubos / Tubos y cañerías",31231302,3.0,,10000.0,0.0,CLP
1079866-391-AG26,2026-10-01T16:45:13.81,Región Metropolitana de Santiago,MARJORIE STEPHANIE BETANCOURT GARCES,Tubería de bronce,"Codo Bronce SO/SO 1/2"" 10 un","Artículos de fabricación y producción / Materia prima en planchas, barras o tubos / Tubos y cañerías",31231308,2.0,,5000.0,0.0,CLP
1079866-391-AG26,2026-10-01T16:45:13.81,Región Metropolitana de Santiago,MARJORIE STEPHANIE BETANCOURT GARCES,Tubería de bronce,"Codo Bronce SO/HI 1/2"" 1u","Artículos de fabricación y producción / Materia prima en planchas, barras o tubos / Tubos y cañerías",31231308,10.0,,1000.0,0.0,CLP
1079866-391-AG26,2026-10-01T16:45:13.81,Región Metropolitana de Santiago,MARJORIE STEPHANIE BETANCOURT GARCES,Tubería de bronce,"Copla Bronce SO/SO 1/2"" 1u","Artículos de fabricación y producción / Materia prima en planchas, barras o tubos / Tubos y cañerías",31231308,10.0,,1000.0,0.0,CLP
1079866-391-AG26,2026-10-01T16:45:13.81,Región Metropolitana de Santiago,MARJORIE STEPHANIE BETANCOURT GARCES,Llaves para tubos,"Llave de paso 1/2"" SO bronce","Herramientas y maquinaria en general / Herramientas manuales / Llaves, destornilladores y guías",27111708,3.0,,3500.0,0.0,CLP
1079866-391-AG26,2026-10-01T16:45:13.81,Región Metropolitana de Santiago,MARJORIE STEPHANIE BETANCOURT GARCES,Llaves para tubos,"Llave de paso campana 1/2"" SO bronce","Herramientas y maquinaria en general / Herramientas manuales / Llaves, destornilladores y guías",27111708,2.0,,4500.0,0.0,CLP
1079866-391-AG26,2026-10-01T16:45:13.81,Región Metropolitana de Santiago,MARJORIE STEPHANIE BETANCOURT GARCES,Carrete de estaño,Soldadura 50% estaños 550 gr,"Artículos para estructuras, obras y construcciones / Materiales estructurales básicos / Carrete",30101913,1.0,,4000.0,0.0,CLP
1079866-391-AG26,2026-10-01T16:45:13.81,Región Metropolitana de Santiago,MARJORIE STEPHANIE BETANCOURT GARCES,Sopletes,Kit Soplete Boquilla Macizo Válvula Regulable Incluye 2 Recargas De Gas,Maquinaria para fabricación y transformación industrial / Maquinaria y suministros para talleres / Maquinaria para soldadura directa o indirecta,23171504,1.0,,15000.0,0.0,CLP
1079866-391-AG26,2026-10-01T16:45:13.81,Región Metropolitana de Santiago,MARJORIE STEPHANIE BETANCOURT GARCES,cinta de Vinil,Cinta Teflón Agua 1/2 10 metros,Artículos de fabricación y producción / Cintas adhesivas y selladores / Cinta adhesiva,31201525,5.0,,300.0,0.0,CLP
1079866-391-AG26,2026-10-01T16:45:13.81,Región Metropolitana de Santiago,MARJORIE STEPHANIE BETANCOURT GARCES,cinta de Vinil,"Teflón para gas 1/2"" 10 m",Artículos de fabricación y producción / Cintas adhesivas y selladores / Cinta adhesiva,31201525,5.0,,300.0,0.0,CLP
1079866-391-AG26,2026-10-01T16:45:13.81,Región Metropolitana de Santiago,MARJORIE STEPHANIE BETANCOURT GARCES,Y o horquillas de tubería,Vee red PVC-S Cementar 110mm x 50mm Gris 1u,"Equipamiento para el acondicionamiento, distribución y filtrado de fluidos / Control y distribución de líquidos y gases / Accesorios para tuberías",40142308,3.0,,3000.0,0.0,CLP
1079866-391-AG26,2026-10-01T16:45:13.81,Región Metropolitana de Santiago,MARJORIE STEPHANIE BETANCOURT GARCES,Acoplamientos de tubería,Copla PVC-S Cementar 110mm Gris 1u,"Equipamiento para el acondicionamiento, distribución y filtrado de fluidos / Control y distribución de líquidos y gases / Accesorios para tuberías",40142315,5.0,,1500.0,0.0,CLP
1079866-391-AG26,2026-10-01T16:45:13.81,Región Metropolitana de Santiago,MARJORIE STEPHANIE BETANCOURT GARCES,Codo de tubería,Codo 45o PVC-S Cementar 110mm Gris 1u,"Equipamiento para el acondicionamiento, distribución y filtrado de fluidos / Control y distribución de líquidos y gases / Accesorios para tuberías",40142317,5.0,,1800.0,0.0,CLP
1079866-391-AG26,2026-10-01T16:45:13.81,Región Metropolitana de Santiago,MARJORIE STEPHANIE BETANCOURT GARCES,Acoplamientos de tubería,Copla PVC-S Cementar 50mm Gris 1u,"Equipamiento para el acondicionamiento, distribución y filtrado de fluidos / Control y distribución de líquidos y gases / Accesorios para tuberías",40142315,5.0,,400.0,0.0,CLP
1079866-391-AG26,2026-10-01T16:45:13.81,Región Metropolitana de Santiago,MARJORIE STEPHANIE BETANCOURT GARCES,Sistemas de iluminación de escenario o estudio,Panel Led sobrepuesto redondo 18 W frío,Artículos eléctricos y de iluminación / Artefactos y accesorios de iluminación / Iluminación de interiores,39111504,10.0,,5000.0,0.0,CLP
1079866-391-AG26,2026-10-01T16:45:13.81,Región Metropolitana de Santiago,MARJORIE STEPHANIE BETANCOURT GARCES,Enchufes,Tomacorriente Triple 10 A Blanco,"Herramientas y maquinaria en general / Herramientas manuales / Llaves, destornilladores y guías",27111704,2.0,,2200.0,0.0,CLP
1079866-391-AG26,2026-10-01T16:45:13.81,Región Metropolitana de Santiago,MARJORIE STEPHANIE BETANCOURT GARCES,Cajas eléctricas,Caja Distribucion Para Tabique Soporte Metálico Naranja,Artículos eléctricos y de iluminación / Equipamiento y artículos eléctricos / Cajas y accesorios eléctricos,39121303,3.0,,400.0,0.0,CLP
1079866-391-AG26,2026-10-01T16:45:13.81,Región Metropolitana de Santiago,MARJORIE STEPHANIE BETANCOURT GARCES,Cinta autoadhesiva aislante eléctrica,Cinta Aisladora Eléctrica Uso General 19 mm x 18 m Negra,Artículos de fabricación y producción / Cintas adhesivas y selladores / Cinta adhesiva,31201502,2.0,,1000.0,0.0,CLP
1079866-391-AG26,2026-10-01T16:45:13.81,Región Metropolitana de Santiago,MARJORIE STEPHANIE BETANCOURT GARCES,Canalización eléctrica,Salida Caja Conduit PVC 20 x 20 mm,Artículos eléctricos y de iluminación / Equipamiento y artículos eléctricos / Distribución de cableado y barras colectoras,39121202,50.0,,100.0,0.0,CLP
1134432-673-SE26,2026-09-30T18:12:12.4,Región de Valparaíso,HERRAMIENTAS INTEGRALES LIMITADA,Materiales para guarniciones exteriores,"Contrato de suministro de materiales de construcción para ayuda social de la Dirección de Desarrollo Comunitario de la Municipalidad de Puchuncaví 2° publicación, según lo establecido en el punto N° 3","Artículos para estructuras, obras y construcciones / Materiales para terminaciones exteriores / Materiales para acabado",30151902,1.0,,25210084.0,25210084.0,CLP
2101-1797-SE26,2026-10-01T11:57:56.613,Región del Biobío,SCHONFELDT VIDAMEDICA SPA,Sistemas de vendajes mojados,42311557-96-8561 VENDA DE YESO TAMAÑO 12.5 CM X 3 METROS,"Equipamiento y suministros médicos / Productos para el cuidado de heridas / Vendas, vendajes y productos relacionados",42311528,60.0,,2800.0,168000.0,CLP
2298-893-SE26,2026-09-28T16:39:29.86,Región del Maule,CAROLA,Troncos,PINO DIMENSIONADO 2X2X3.20MTS (BRUTO),"Productos derivados de minerales, plantas y animales / Productos no comestibles de origen vegetal / Madera",11121603,18.0,,1900.0,34200.0,CLP
2298-893-SE26,2026-09-28T16:39:29.86,Región del Maule,CAROLA,Maderas duras,"GARGA DE TAPA DE PINO (1"" X 8 UNIDADES)","Productos derivados de minerales, plantas y animales / Productos no comestibles de origen vegetal / Madera",11121610,4.0,,10016.0,40064.0,CLP
2298-893-SE26,2026-09-28T16:39:29.86,Región del Maule,CAROLA,Tablero de partículas,PLANCHAS OSB 9.5MM 1.22 X 2.40MTS,"Productos derivados de minerales, plantas y animales / Productos no comestibles de origen vegetal / Madera",11121611,5.0,,11500.0,57500.0,CLP
2298-893-SE26,2026-09-28T16:39:29.86,Región del Maule,CAROLA,Plancha de cinc,PLANCHAS DE ZINC ACANALADO 0.35 X 851 X2000 MM.,"Artículos para estructuras, obras y construcciones / Materiales estructurales básicos / Plancha",30102212,6.0,,6300.0,37800.0,CLP
2298-893-SE26,2026-09-28T16:39:29.86,Región del Maule,CAROLA,Plancha de cinc,PLANCHAS DE ZINC ACANALADO 0.35 X 851 X 3660MM,"Artículos para estructuras, obras y construcciones / Materiales estructurales básicos / Plancha",30102212,58.0,,10700.0,620600.0,CLP
2298-893-SE26,2026-09-28T16:39:29.86,Región del Maule,CAROLA,Plancha de cinc,PLANCHAS DE ZINC 5V DE 2 MTS X 0.35MM,"Artículos para estructuras, obras y construcciones / Materiales estructurales básicos / Plancha",30102212,6.0,,5200.0,31200.0,CLP
2298-893-SE26,2026-09-28T16:39:29.86,Región del Maule,CAROLA,Tablas de madera,TABLAS DE CIELO 1/2 X 4 X 3.20 MTS,"Artículos para estructuras, obras y construcciones / Materiales estructurales básicos / Productos estructurales",30103605,3.0,,2000.0,6000.0,CLP
2298-893-SE26,2026-09-28T16:39:29.86,Región del Maule,CAROLA,Aislamiento de espuma,PAQUETE DE AISLAPOL 25MM 0.50 X 1.00MT,"Artículos para estructuras, obras y construcciones / Aislantes / Aislamiento térmico",30141503,1.0,,10000.0,10000.0,CLP
2298-893-SE26,2026-09-28T16:39:29.86,Región del Maule,CAROLA,Membranas para techos,ROLLOS DE PAPEL FIELTRO N° 10 X 40 M2 (VOLCAN),"Artículos para estructuras, obras y construcciones / Materiales para terminaciones exteriores / Materiales para techumbres",30151505,2.0,,8200.0,16400.0,CLP
2298-893-SE26,2026-09-28T16:39:29.86,Región del Maule,CAROLA,Murallas de fibrocemento,PLANCHAS DE FIBROCEMENTO 4 MM 1.20 X2.40,"Artículos para estructuras, obras y construcciones / Materiales para terminaciones exteriores / Cercos",30152003,50.0,,6600.0,330000.0,CLP
2298-893-SE26,2026-09-28T16:39:29.86,Región del Maule,CAROLA,Tablero de yeso,CINTA DE UNION VOLCANITA (45 MTS),"Artículos para estructuras, obras y construcciones / Materiales para terminaciones de interiores / Materiales para acabados de paredes",30161509,1.0,,1900.0,1900.0,CLP
2298-893-SE26,2026-09-28T16:39:29.86,Región del Maule,CAROLA,Tablero de yeso,SACO DE YESO 25 KG,"Artículos para estructuras, obras y construcciones / Materiales para terminaciones de interiores / Materiales para acabados de paredes",30161509,1.0,,6554.0,6554.0,CLP
2298-893-SE26,2026-09-28T16:39:29.86,Región del Maule,CAROLA,Tablero de yeso,PLANCHAS DE YESO CARTON 10MM 1.20 X 2.40MTS,"Artículos para estructuras, obras y construcciones / Materiales para terminaciones de interiores / Materiales para acabados de paredes",30161509,37.0,,5500.0,203500.0,CLP
1510421-26-AG26,2026-09-30T16:08:19.407,Región del Biobío,CAROLA MARGARITA GAJARDO MARTINEZ,Papeles de lija,MATERIAL DE FERRETERIA PARA JARDIN Y SALA CUNA BOSQUE MÁGICO,Artículos de fabricación y producción / Materiales para prensar y abrasivos / Productos abrasivos,31191501,1.0,,180126.0,0.0,CLP
1437-470-AG26,2026-09-30T13:44:41.403,Región de los Lagos,OSCAR EDUARDO GOYE CASTILLO,Tornillos para madera,MATERIALES DE CONTRUCCION OFERENTE DEBE ADJUNTAR COTIZACION FORMAL Y DETALLADA,Artículos de fabricación y producción / Artículos de ferretería / Tornillos,31161508,1.0,,426600.0,0.0,CLP
2992-426-SE26,2026-10-01T10:42:53.77,Región de Coquimbo,Sociedad Comercial Don Oscar Y Cía Ltda,Gomas,Goma antideslizante  item 24.77,Artículos de fabricación y producción / Cintas adhesivas y selladores / Adhesivos y selladores,31201603,20.0,,9706.0,194120.0,CLP
2171-490-AG26,2026-09-30T13:05:06.64,Región de Valparaíso,COMERCIALIZADORA JOSÉ ALVAREZ E.I.R.L.,Conectores de cables eléctricos,"MT CALBE EVAFLEX 2,5","Artículos eléctricos y de iluminación / Equipamiento y artículos eléctricos / Conectores, enchufes y terminales",39121409,26.0,,890.0,0.0,CLP
2171-490-AG26,2026-09-30T13:05:06.64,Región de Valparaíso,COMERCIALIZADORA JOSÉ ALVAREZ E.I.R.L.,Terminales eléctricos,AUTOMATICO 25 AMP,"Artículos eléctricos y de iluminación / Equipamiento y artículos eléctricos / Conectores, enchufes y terminales",39121432,3.0,,2290.0,0.0,CLP
2171-490-AG26,2026-09-30T13:05:06.64,Región de Valparaíso,COMERCIALIZADORA JOSÉ ALVAREZ E.I.R.L.,Conectores de cables eléctricos,DIFERENCIAL 25 AMP,"Artículos eléctricos y de iluminación / Equipamiento y artículos eléctricos / Conectores, enchufes y terminales",39121409,3.0,,9990.0,0.0,CLP
2171-490-AG26,2026-09-30T13:05:06.64,Región de Valparaíso,COMERCIALIZADORA JOSÉ ALVAREZ E.I.R.L.,Terminales eléctricos,CONJUNTO TENSOR,"Artículos eléctricos y de iluminación / Equipamiento y artículos eléctricos / Conectores, enchufes y terminales",39121432,3.0,,1990.0,0.0,CLP
2171-490-AG26,2026-09-30T13:05:06.64,Región de Valparaíso,COMERCIALIZADORA JOSÉ ALVAREZ E.I.R.L.,Válvulas de descarga,VALVULA DESCARGA DUAL,"Equipamiento para el acondicionamiento, distribución y filtrado de fluidos / Control y distribución de líquidos y gases / Válvulas",40141606,10.0,,6500.0,0.0,CLP
2171-490-AG26,2026-09-30T13:05:06.64,Región de Valparaíso,COMERCIALIZADORA JOSÉ ALVAREZ E.I.R.L.,Juegos de cerraduras,CERRADURA OFICINA,"Equipos y suministros de defensa, orden público, protección y seguridad / Seguridad, vigilancia y detección / Cerraduras, elementos de seguridad y accesorios",46171503,10.0,,8990.0,0.0,CLP
2171-490-AG26,2026-09-30T13:05:06.64,Región de Valparaíso,COMERCIALIZADORA JOSÉ ALVAREZ E.I.R.L.,Morteros,SACO MORTERO PISO,"Artículos para estructuras, obras y construcciones / Hormigón, cemento y yeso / Hormigón y morteros",30111504,20.0,,2990.0,0.0,CLP
2171-490-AG26,2026-09-30T13:05:06.64,Región de Valparaíso,COMERCIALIZADORA JOSÉ ALVAREZ E.I.R.L.,Limpiadores cáusticos o soda cáustica,KG SODA CAUSTIKA,Equipos y suministros de limpieza / Suministros de limpieza / Soluciones de limpieza y desinfección,47131819,2.0,,3500.0,0.0,CLP
2171-490-AG26,2026-09-30T13:05:06.64,Región de Valparaíso,COMERCIALIZADORA JOSÉ ALVAREZ E.I.R.L.,Ácido muriático,LT ACIDO MURIATRICO,Equipos y suministros de limpieza / Suministros de limpieza / Soluciones de limpieza y desinfección,47131831,2.0,,1990.0,0.0,CLP
2171-490-AG26,2026-09-30T13:05:06.64,Región de Valparaíso,COMERCIALIZADORA JOSÉ ALVAREZ E.I.R.L.,Hilos o cables de conexión,"MT CABLE ARTEFACTO 3 X 2,5","Artículos eléctricos y de iluminación / Equipamiento y artículos eléctricos / Conectores, enchufes y terminales",39121435,100.0,,2300.0,0.0,CLP
2171-490-AG26,2026-09-30T13:05:06.64,Región de Valparaíso,COMERCIALIZADORA JOSÉ ALVAREZ E.I.R.L.,Mangueras para agua,JUEGO CONECTOR RAPIDO MANGUERA,"Equipamiento para el acondicionamiento, distribución y filtrado de fluidos / Control y distribución de líquidos y gases / Mangueras",40142008,3.0,,2910.0,0.0,CLP
2171-490-AG26,2026-09-30T13:05:06.64,Región de Valparaíso,COMERCIALIZADORA JOSÉ ALVAREZ E.I.R.L.,Cinta autoadhesiva aislante eléctrica,HUINCHA AISLADORA,Artículos de fabricación y producción / Cintas adhesivas y selladores / Cinta adhesiva,31201502,10.0,,1900.0,0.0,CLP
2171-490-AG26,2026-09-30T13:05:06.64,Región de Valparaíso,COMERCIALIZADORA JOSÉ ALVAREZ E.I.R.L.,Sellador de fugas,GL TAPAGOTERA,"Combustibles, lubricantes y anticorrosivos / Lubricantes y anticorrosivos / Lubricantes",15121516,2.0,,14990.0,0.0,CLP
2171-490-AG26,2026-09-30T13:05:06.64,Región de Valparaíso,COMERCIALIZADORA JOSÉ ALVAREZ E.I.R.L.,Ropa impermeable protectora o ropa para ambiente húmedo,TRAJE DE AGUA,"Equipos y suministros de defensa, orden público, protección y seguridad / Seguridad y protección personal / Ropa protectora de seguridad contra materias peligrosas",46181525,6.0,,19990.0,0.0,CLP
2171-490-AG26,2026-09-30T13:05:06.64,Región de Valparaíso,COMERCIALIZADORA JOSÉ ALVAREZ E.I.R.L.,Cintas adhesivas de protección,ROLLO CINTA TAPAGOTERA,Artículos de fabricación y producción / Cintas adhesivas y selladores / Cinta adhesiva,31201503,10.0,,3490.0,0.0,CLP
2171-490-AG26,2026-09-30T13:05:06.64,Región de Valparaíso,COMERCIALIZADORA JOSÉ ALVAREZ E.I.R.L.,Aislamiento de espuma,ESPUMA EXPANSIVA,"Artículos para estructuras, obras y construcciones / Aislantes / Aislamiento térmico",30141503,4.0,,9990.0,0.0,CLP
2171-490-AG26,2026-09-30T13:05:06.64,Región de Valparaíso,COMERCIALIZADORA JOSÉ ALVAREZ E.I.R.L.,Siliconas,SILICONA TRANSPARENTE,Productos químicos industriales / Compuestos y mezclas / Compuestos inorgánicos,12352310,10.0,,7290.0,0.0,CLP
2171-490-AG26,2026-09-30T13:05:06.64,Región de Valparaíso,COMERCIALIZADORA JOSÉ ALVAREZ E.I.R.L.,Siliconas,SILICONA BLANCA,Productos químicos industriales / Compuestos y mezclas / Compuestos inorgánicos,12352310,10.0,,3500.0,0.0,CLP
2171-490-AG26,2026-09-30T13:05:06.64,Región de Valparaíso,COMERCIALIZADORA JOSÉ ALVAREZ E.I.R.L.,Siliconas,SILICONA TAPAGOTERA,Productos químicos industriales / Compuestos y mezclas / Compuestos inorgánicos,12352310,5.0,,4500.0,0.0,CLP
2171-490-AG26,2026-09-30T13:05:06.64,Región de Valparaíso,COMERCIALIZADORA JOSÉ ALVAREZ E.I.R.L.,Clavo-tornillo,BOLSA CLAVO TECHO,Artículos de fabricación y producción / Artículos de ferretería / Tornillos,31161503,5.0,,3999.0,0.0,CLP
2171-490-AG26,2026-09-30T13:05:06.64,Región de Valparaíso,COMERCIALIZADORA JOSÉ ALVAREZ E.I.R.L.,Adhesivos líquidos,VINILIT,Artículos de fabricación y producción / Cintas adhesivas y selladores / Adhesivos y selladores,31201616,10.0,,5990.0,0.0,CLP
2171-490-AG26,2026-09-30T13:05:06.64,Región de Valparaíso,COMERCIALIZADORA JOSÉ ALVAREZ E.I.R.L.,Adhesivos líquidos,VINILIT POMO,Artículos de fabricación y producción / Cintas adhesivas y selladores / Adhesivos y selladores,31201616,10.0,,1990.0,0.0,CLP
2171-490-AG26,2026-09-30T13:05:06.64,Región de Valparaíso,COMERCIALIZADORA JOSÉ ALVAREZ E.I.R.L.,Discos de acabado o pulido,DISCO DE CORTE 4 1/2,Equipamiento y suministros médicos / Equipos y suministros odontológicos / Rellenos y acabados dentales y suministros para pulir,42151805,10.0,,990.0,0.0,CLP
2171-490-AG26,2026-09-30T13:05:06.64,Región de Valparaíso,COMERCIALIZADORA JOSÉ ALVAREZ E.I.R.L.,Discos de acabado o pulido,DISCO CORTE 7,Equipamiento y suministros médicos / Equipos y suministros odontológicos / Rellenos y acabados dentales y suministros para pulir,42151805,10.0,,3990.0,0.0,CLP
2171-490-AG26,2026-09-30T13:05:06.64,Región de Valparaíso,COMERCIALIZADORA JOSÉ ALVAREZ E.I.R.L.,Discos de acabado o pulido,"DISCO CORTE 14""",Equipamiento y suministros médicos / Equipos y suministros odontológicos / Rellenos y acabados dentales y suministros para pulir,42151805,3.0,,7990.0,0.0,CLP
2171-490-AG26,2026-09-30T13:05:06.64,Región de Valparaíso,COMERCIALIZADORA JOSÉ ALVAREZ E.I.R.L.,Papeles de lija,PQTE DISCO LIJA 4 1/2 GR 60,Artículos de fabricación y producción / Materiales para prensar y abrasivos / Productos abrasivos,31191501,3.0,,5990.0,0.0,CLP
2171-490-AG26,2026-09-30T13:05:06.64,Región de Valparaíso,COMERCIALIZADORA JOSÉ ALVAREZ E.I.R.L.,Pinturas de base acuosa,TINETA ESMALTE AL AGUA BLANCO,"Artículos de fabricación y producción / Pinturas, diluyentes y accesorios para pintado / Pinturas",31211502,2.0,,79990.0,0.0,CLP
2171-490-AG26,2026-09-30T13:05:06.64,Región de Valparaíso,COMERCIALIZADORA JOSÉ ALVAREZ E.I.R.L.,Alicates planos,ALICATE NORMAL,Herramientas y maquinaria en general / Herramientas manuales / Prensas y herramientas especiales,27112126,2.0,,5990.0,0.0,CLP
2171-490-AG26,2026-09-30T13:05:06.64,Región de Valparaíso,COMERCIALIZADORA JOSÉ ALVAREZ E.I.R.L.,Cuchillos cartoneros,CARTONERO,"Equipos, accesorios y suministros de oficina / Suministros de oficina / Suministros de escritorio",44121612,6.0,,4500.0,0.0,CLP
2171-490-AG26,2026-09-30T13:05:06.64,Región de Valparaíso,COMERCIALIZADORA JOSÉ ALVAREZ E.I.R.L.,Plancha de cinc,"ZINC ACANALADO 3,66 X 0,35","Artículos para estructuras, obras y construcciones / Materiales estructurales básicos / Plancha",30102212,15.0,,12200.0,0.0,CLP
2171-490-AG26,2026-09-30T13:05:06.64,Región de Valparaíso,COMERCIALIZADORA JOSÉ ALVAREZ E.I.R.L.,Esmeriladoras,ESMERIL ANGULAR MAKITA 4 1/2,Herramientas y maquinaria en general / Herramientas manuales / Herramientas de desbaste y acabado,27111905,1.0,,65990.0,0.0,CLP
2171-490-AG26,2026-09-30T13:05:06.64,Región de Valparaíso,COMERCIALIZADORA JOSÉ ALVAREZ E.I.R.L.,Esmeriladoras,"ESMERIL ANGULAR 7"" MAKITA",Herramientas y maquinaria en general / Herramientas manuales / Herramientas de desbaste y acabado,27111905,1.0,,299090.0,0.0,CLP
2171-490-AG26,2026-09-30T13:05:06.64,Región de Valparaíso,COMERCIALIZADORA JOSÉ ALVAREZ E.I.R.L.,Taladro de mano o empuje,TALADRO PERCUTOR MAKITA,"Herramientas y maquinaria en general / Herramientas manuales / Herramientas de corte, estaje y punzones",27111515,1.0,,146890.0,0.0,CLP
2171-490-AG26,2026-09-30T13:05:06.64,Región de Valparaíso,COMERCIALIZADORA JOSÉ ALVAREZ E.I.R.L.,Sierras mecánicas,SIERRA CIRCULAR MAKITA,Herramientas y maquinaria en general / Herramientas manuales / Herramientas mecánicas,27112709,1.0,,126990.0,0.0,CLP
2171-490-AG26,2026-09-30T13:05:06.64,Región de Valparaíso,COMERCIALIZADORA JOSÉ ALVAREZ E.I.R.L.,Lijadoras mecánicas,LIJADORA,Herramientas y maquinaria en general / Herramientas manuales / Herramientas mecánicas,27112708,1.0,,59990.0,0.0,CLP
2171-490-AG26,2026-09-30T13:05:06.64,Región de Valparaíso,COMERCIALIZADORA JOSÉ ALVAREZ E.I.R.L.,Cortadora de vidrio,DIAMANTE PARA CORTAR VIDRIO,"Herramientas y maquinaria en general / Herramientas manuales / Herramientas de corte, estaje y punzones",27111514,2.0,,4990.0,0.0,CLP
2171-490-AG26,2026-09-30T13:05:06.64,Región de Valparaíso,COMERCIALIZADORA JOSÉ ALVAREZ E.I.R.L.,Candados,CANDADO 30MM,"Equipos y suministros de defensa, orden público, protección y seguridad / Seguridad, vigilancia y detección / Cerraduras, elementos de seguridad y accesorios",46171501,8.0,,14990.0,0.0,CLP
2171-490-AG26,2026-09-30T13:05:06.64,Región de Valparaíso,COMERCIALIZADORA JOSÉ ALVAREZ E.I.R.L.,Candados,CANDADO 40MM,"Equipos y suministros de defensa, orden público, protección y seguridad / Seguridad, vigilancia y detección / Cerraduras, elementos de seguridad y accesorios",46171501,8.0,,9990.0,0.0,CLP
2171-490-AG26,2026-09-30T13:05:06.64,Región de Valparaíso,COMERCIALIZADORA JOSÉ ALVAREZ E.I.R.L.,Candados,CANDADO 50MM,"Equipos y suministros de defensa, orden público, protección y seguridad / Seguridad, vigilancia y detección / Cerraduras, elementos de seguridad y accesorios",46171501,8.0,,25990.0,0.0,CLP
2171-490-AG26,2026-09-30T13:05:06.64,Región de Valparaíso,COMERCIALIZADORA JOSÉ ALVAREZ E.I.R.L.,Sellador de fugas,GL TAPAGOTERA,"Combustibles, lubricantes y anticorrosivos / Lubricantes y anticorrosivos / Lubricantes",15121516,2.0,,14990.0,0.0,CLP
2171-490-AG26,2026-09-30T13:05:06.64,Región de Valparaíso,COMERCIALIZADORA JOSÉ ALVAREZ E.I.R.L.,Grapas de ferretería,CAJA GRAPA 1/2 STANLEY,Artículos de fabricación y producción / Artículos de ferretería / Cerrojos,31162404,10.0,,6990.0,0.0,CLP
2171-490-AG26,2026-09-30T13:05:06.64,Región de Valparaíso,COMERCIALIZADORA JOSÉ ALVAREZ E.I.R.L.,Aceite de motor,LT ACEITE PARA MEZCLA,"Combustibles, lubricantes y anticorrosivos / Lubricantes y anticorrosivos / Lubricantes",15121501,2.0,,7990.0,0.0,CLP
2171-490-AG26,2026-09-30T13:05:06.64,Región de Valparaíso,COMERCIALIZADORA JOSÉ ALVAREZ E.I.R.L.,Aceite de motor,LT ACEITE PARA CADENA,"Combustibles, lubricantes y anticorrosivos / Lubricantes y anticorrosivos / Lubricantes",15121501,2.0,,5500.0,0.0,CLP
2171-490-AG26,2026-09-30T13:05:06.64,Región de Valparaíso,COMERCIALIZADORA JOSÉ ALVAREZ E.I.R.L.,Limpiadores cáusticos o soda cáustica,K-LON,Equipos y suministros de limpieza / Suministros de limpieza / Soluciones de limpieza y desinfección,47131819,1.0,,15990.0,0.0,CLP
2171-490-AG26,2026-09-30T13:05:06.64,Región de Valparaíso,COMERCIALIZADORA JOSÉ ALVAREZ E.I.R.L.,Trampas para control de animales,TRAMPA PARA RATON,Artículos para plantas y animales / Productos para el control de plagas / Dispositivos para control de plagas,10191701,20.0,,6590.0,0.0,CLP
2171-490-AG26,2026-09-30T13:05:06.64,Región de Valparaíso,COMERCIALIZADORA JOSÉ ALVAREZ E.I.R.L.,Nylon - Poliamida (PA),ROLLO NYLON,"Resinas, cauchos, espumas y elastómeros / Caucho y elastómeros / Plásticos termoplásticos",13102011,2.0,,60690.0,0.0,CLP
2171-490-AG26,2026-09-30T13:05:06.64,Región de Valparaíso,COMERCIALIZADORA JOSÉ ALVAREZ E.I.R.L.,Destornilladores,DESTORNILLADOR INALAMBRICO DEWALT 20V,"Herramientas y maquinaria en general / Herramientas manuales / Llaves, destornilladores y guías",27111701,1.0,,139990.0,0.0,CLP
2171-490-AG26,2026-09-30T13:05:06.64,Región de Valparaíso,COMERCIALIZADORA JOSÉ ALVAREZ E.I.R.L.,Cintas métricas,HUINCHA DE MEDIR 10 MTS,Herramientas y maquinaria en general / Herramientas manuales / Herramientas de medición y trazado,27111801,2.0,,23990.0,0.0,CLP
2171-490-AG26,2026-09-30T13:05:06.64,Región de Valparaíso,COMERCIALIZADORA JOSÉ ALVAREZ E.I.R.L.,Duchas,SET DUCHA,"Artículos para estructuras, obras y construcciones / Artefactos sanitarios / Loza sanitaria",30181503,20.0,,12990.0,0.0,CLP
2171-490-AG26,2026-09-30T13:05:06.64,Región de Valparaíso,COMERCIALIZADORA JOSÉ ALVAREZ E.I.R.L.,Tubos fluorescentes,CANOA TUBO LED,Artículos eléctricos y de iluminación / Artículos de iluminación / Tubos fluorescentes,39101701,10.0,,3990.0,0.0,CLP
2171-490-AG26,2026-09-30T13:05:06.64,Región de Valparaíso,COMERCIALIZADORA JOSÉ ALVAREZ E.I.R.L.,Esmaltes,GL ESMALTE SINTETICO NEGRO,"Artículos de fabricación y producción / Pinturas, diluyentes y accesorios para pintado / Acabados en general",31211701,2.0,,35990.0,0.0,CLP
2171-490-AG26,2026-09-30T13:05:06.64,Región de Valparaíso,COMERCIALIZADORA JOSÉ ALVAREZ E.I.R.L.,Esmaltes,GL ESMALTE TRIPLE ACCION,"Artículos de fabricación y producción / Pinturas, diluyentes y accesorios para pintado / Acabados en general",31211701,2.0,,59990.0,0.0,CLP
2171-490-AG26,2026-09-30T13:05:06.64,Región de Valparaíso,COMERCIALIZADORA JOSÉ ALVAREZ E.I.R.L.,Esmaltes,GL ESMALTE AL AGUA AMARILLO,"Artículos de fabricación y producción / Pinturas, diluyentes y accesorios para pintado / Acabados en general",31211701,1.0,,19990.0,0.0,CLP
2171-490-AG26,2026-09-30T13:05:06.64,Región de Valparaíso,COMERCIALIZADORA JOSÉ ALVAREZ E.I.R.L.,Segadora de césped,ORILLADORA TOTAL,Herramientas y maquinaria en general / Herramientas manuales / Herramientas de jardinería,27112014,1.0,,69990.0,0.0,CLP
2171-490-AG26,2026-09-30T13:05:06.64,Región de Valparaíso,COMERCIALIZADORA JOSÉ ALVAREZ E.I.R.L.,Hojas de sierra,JUEGO HOJA SIERRA CALADORA,Herramientas y maquinaria en general / Herramientas manuales / Accesorios para herramientas,27112802,2.0,,2990.0,0.0,CLP
2171-490-AG26,2026-09-30T13:05:06.64,Región de Valparaíso,COMERCIALIZADORA JOSÉ ALVAREZ E.I.R.L.,Esmaltes,GL PROTECTOR DE MADERA CEREZITA CERESTAIN COLOR ROBLE,"Artículos de fabricación y producción / Pinturas, diluyentes y accesorios para pintado / Acabados en general",31211701,3.0,,34990.0,0.0,CLP
2171-490-AG26,2026-09-30T13:05:06.64,Región de Valparaíso,COMERCIALIZADORA JOSÉ ALVAREZ E.I.R.L.,Inhibidores de corrosión de producción de petróleo,BRASSO LIQUIDO LIMPIADOR DE METALES,Productos químicos industriales / Aditivos / Inhibidores de corrosión,12163601,2.0,,12990.0,0.0,CLP
2171-490-AG26,2026-09-30T13:05:06.64,Región de Valparaíso,COMERCIALIZADORA JOSÉ ALVAREZ E.I.R.L.,Mangueras para agua,MT MANGUERA JARDIN 1/2MM,"Equipamiento para el acondicionamiento, distribución y filtrado de fluidos / Control y distribución de líquidos y gases / Mangueras",40142008,4.0,,1500.0,0.0,CLP
2171-490-AG26,2026-09-30T13:05:06.64,Región de Valparaíso,COMERCIALIZADORA JOSÉ ALVAREZ E.I.R.L.,Delimitadores o conos de tráfico,Cono Vial Antivuelco 70-90 cm Color Naranjo | PVC flexible alta resistencia | Base lastrada antivuelco | Bandas reflectantes alta intensidad.,"Equipos y suministros de defensa, orden público, protección y seguridad / Seguridad y control público / Control de tráfico",46161508,10.0,,7990.0,0.0,CLP
2171-490-AG26,2026-09-30T13:05:06.64,Región de Valparaíso,COMERCIALIZADORA JOSÉ ALVAREZ E.I.R.L.,Tubos fluorescentes,TUBOS LED,Artículos eléctricos y de iluminación / Artículos de iluminación / Tubos fluorescentes,39101701,100.0,,2100.0,0.0,CLP
3623-495-SE26,2026-10-01T09:06:40.363,Región de Los Ríos,ANGELICA SOLANGE MELLA PAVEZ,Plancha de cinc,"PLANCHA 5V 0,35 X 2,5 M","Artículos para estructuras, obras y construcciones / Materiales estructurales básicos / Plancha",30102212,12.0,,7142.0,85704.0,CLP
2380-1736-AG26,2026-10-01T11:59:30.597,Región de Atacama,NOVACOP SPA,Material de revestimiento,"PLANCHA AC 0 3 X 851 X 2500 AZM 150

","Artículos para estructuras, obras y construcciones / Materiales para terminaciones de interiores / Carpintería de terminaciones",30161903,10.0,,7000.0,0.0,CLP
2380-1736-AG26,2026-10-01T11:59:30.597,Región de Atacama,NOVACOP SPA,Material de revestimiento,"PINO DIMENSIONA VERDE 1X2 3 2M

","Artículos para estructuras, obras y construcciones / Materiales para terminaciones de interiores / Carpintería de terminaciones",30161903,12.0,,3000.0,0.0,CLP
2380-1736-AG26,2026-10-01T11:59:30.597,Región de Atacama,NOVACOP SPA,Material de revestimiento,"CLAVO TECHO 2 1 2C PLAST 50 UNIDADES

","Artículos para estructuras, obras y construcciones / Materiales para terminaciones de interiores / Carpintería de terminaciones",30161903,1.0,,3500.0,0.0,CLP
4085-651-AG26,2026-09-30T17:30:11.353,Región del Maule,INVERSIONES KENOTT SPA,Murallas de fibrocemento,"PLACA LISA FIBROCEMENTO 6MM 1,20X2,40","Artículos para estructuras, obras y construcciones / Materiales para terminaciones exteriores / Cercos",30152003,10.0,,14000.0,0.0,CLP
4085-651-AG26,2026-09-30T17:30:11.353,Región del Maule,INVERSIONES KENOTT SPA,Murallas de fibrocemento,TORNILLO 6 X 1 5/8 PUNTA FINA CAJA DE 100 UNIDADES,"Artículos para estructuras, obras y construcciones / Materiales para terminaciones exteriores / Cercos",30152003,100.0,,30.0,0.0,CLP
4085-651-AG26,2026-09-30T17:30:11.353,Región del Maule,INVERSIONES KENOTT SPA,Murallas de fibrocemento,TORNILLO 6 X 1 5/8 PUNTA DE BROCA CAJA DE 100 UNIDADES,"Artículos para estructuras, obras y construcciones / Materiales para terminaciones exteriores / Cercos",30152003,100.0,,35.0,0.0,CLP
4085-651-AG26,2026-09-30T17:30:11.353,Región del Maule,INVERSIONES KENOTT SPA,Murallas de fibrocemento,"PINO SECO CEPILLADO DE 1X10 3,2MTS","Artículos para estructuras, obras y construcciones / Materiales para terminaciones exteriores / Cercos",30152003,20.0,,9980.0,0.0,CLP
4085-651-AG26,2026-09-30T17:30:11.353,Región del Maule,INVERSIONES KENOTT SPA,Murallas de fibrocemento,CINTA PARA JUNTAS UNION YESO CARTON DE 50MM X 45MTS,"Artículos para estructuras, obras y construcciones / Materiales para terminaciones exteriores / Cercos",30152003,5.0,,2000.0,0.0,CLP
4085-651-AG26,2026-09-30T17:30:11.353,Región del Maule,INVERSIONES KENOTT SPA,Murallas de fibrocemento,RODILLO TEXTURADOR CON MALLA 18CM,"Artículos para estructuras, obras y construcciones / Materiales para terminaciones exteriores / Cercos",30152003,10.0,,6500.0,0.0,CLP
4085-651-AG26,2026-09-30T17:30:11.353,Región del Maule,INVERSIONES KENOTT SPA,Murallas de fibrocemento,RODILLOS CHIPORRO 18 CM,"Artículos para estructuras, obras y construcciones / Materiales para terminaciones exteriores / Cercos",30152003,15.0,,4500.0,0.0,CLP
4085-651-AG26,2026-09-30T17:30:11.353,Región del Maule,INVERSIONES KENOTT SPA,Murallas de fibrocemento,"BROCHAS 3""","Artículos para estructuras, obras y construcciones / Materiales para terminaciones exteriores / Cercos",30152003,10.0,,2500.0,0.0,CLP
4085-651-AG26,2026-09-30T17:30:11.353,Región del Maule,INVERSIONES KENOTT SPA,Murallas de fibrocemento,"BROCHAS 2""","Artículos para estructuras, obras y construcciones / Materiales para terminaciones exteriores / Cercos",30152003,10.0,,2500.0,0.0,CLP
4085-651-AG26,2026-09-30T17:30:11.353,Región del Maule,INVERSIONES KENOTT SPA,Murallas de fibrocemento,"TERCIADO ESTRUCTURAL PINO 9MM 1,20 X 2,44","Artículos para estructuras, obras y construcciones / Materiales para terminaciones exteriores / Cercos",30152003,20.0,,17000.0,0.0,CLP
4085-651-AG26,2026-09-30T17:30:11.353,Región del Maule,INVERSIONES KENOTT SPA,Murallas de fibrocemento,CANALETA ELECTRICA 40 X 16 2MTS,"Artículos para estructuras, obras y construcciones / Materiales para terminaciones exteriores / Cercos",30152003,20.0,,2000.0,0.0,CLP
4085-651-AG26,2026-09-30T17:30:11.353,Región del Maule,INVERSIONES KENOTT SPA,Murallas de fibrocemento,CAJA DERIVACION CHUQUI,"Artículos para estructuras, obras y construcciones / Materiales para terminaciones exteriores / Cercos",30152003,50.0,,1200.0,0.0,CLP
4085-651-AG26,2026-09-30T17:30:11.353,Región del Maule,INVERSIONES KENOTT SPA,Murallas de fibrocemento,DIFERENCIAL DIN 25 AMP ENERLUX-LEXO,"Artículos para estructuras, obras y construcciones / Materiales para terminaciones exteriores / Cercos",30152003,2.0,,12000.0,0.0,CLP
4085-651-AG26,2026-09-30T17:30:11.353,Región del Maule,INVERSIONES KENOTT SPA,Murallas de fibrocemento,"CAJA DE 25 KILOS DE CLAVO 2""","Artículos para estructuras, obras y construcciones / Materiales para terminaciones exteriores / Cercos",30152003,1.0,,41000.0,0.0,CLP
4085-651-AG26,2026-09-30T17:30:11.353,Región del Maule,INVERSIONES KENOTT SPA,Murallas de fibrocemento,"CAJA DE 25 KILOS DE CLAVO DE 2 1/2""","Artículos para estructuras, obras y construcciones / Materiales para terminaciones exteriores / Cercos",30152003,1.0,,34000.0,0.0,CLP
4085-651-AG26,2026-09-30T17:30:11.353,Región del Maule,INVERSIONES KENOTT SPA,Murallas de fibrocemento,"CAJA DE 25 KILOS DE CLAVO DE 4""","Artículos para estructuras, obras y construcciones / Materiales para terminaciones exteriores / Cercos",30152003,1.0,,33000.0,0.0,CLP
4085-651-AG26,2026-09-30T17:30:11.353,Región del Maule,INVERSIONES KENOTT SPA,Murallas de fibrocemento,AUTOMATICO RIEL DIN 16 AMP,"Artículos para estructuras, obras y construcciones / Materiales para terminaciones exteriores / Cercos",30152003,4.0,,3500.0,0.0,CLP
4085-651-AG26,2026-09-30T17:30:11.353,Región del Maule,INVERSIONES KENOTT SPA,Murallas de fibrocemento,AUTOMATICO BIPOLAR 25 AMP,"Artículos para estructuras, obras y construcciones / Materiales para terminaciones exteriores / Cercos",30152003,1.0,,7990.0,0.0,CLP
4085-651-AG26,2026-09-30T17:30:11.353,Región del Maule,INVERSIONES KENOTT SPA,Murallas de fibrocemento,REPARTIDOR BIPOLAR 7 POSICIONES,"Artículos para estructuras, obras y construcciones / Materiales para terminaciones exteriores / Cercos",30152003,1.0,,4990.0,0.0,CLP
4085-651-AG26,2026-09-30T17:30:11.353,Región del Maule,INVERSIONES KENOTT SPA,Murallas de fibrocemento,TABLERO SOBREPUESTO 18 CIRCUITOS,"Artículos para estructuras, obras y construcciones / Materiales para terminaciones exteriores / Cercos",30152003,1.0,,17980.0,0.0,CLP
2735-1158-CM26,2026-09-10T09:17:19.107,Región Metropolitana de Santiago,COMERCIAL GRAN VIA SPA,MEZCLA MORTERO PRESEC PISO 25 KG UNIDAD REGIÓN RM,(2160925) MEZCLA MORTERO PRESEC PISO 25 KG UNIDAD REGIÓN RM,,0,120.0,,2082.0,249840.0,CLP
2735-1158-CM26,2026-09-10T09:17:19.107,Región Metropolitana de Santiago,COMERCIAL GRAN VIA SPA,MEZCLA MORTERO BEMEZCLA DE REPARACIÓN 25 KG UNIDAD REGIÓN RM,(2160296) MEZCLA MORTERO BEMEZCLA DE REPARACIÓN 25 KG UNIDAD REGIÓN RM,,0,180.0,,7464.0,1343520.0,CLP
2735-1158-CM26,2026-09-10T09:17:19.107,Región Metropolitana de Santiago,COMERCIAL GRAN VIA SPA,ADHESIVO CERÁMICO SIKA POLVO DA PISO/MURO 25 KG UNIDAD REGIÓN RM,(2062478) ADHESIVO CERÁMICO SIKA POLVO DA PISO/MURO 25 KG UNIDAD REGIÓN RM,,0,80.0,,8207.0,656560.0,CLP
2735-1158-CM26,2026-09-10T09:17:19.107,Región Metropolitana de Santiago,COMERCIAL GRAN VIA SPA,ÁRIDO - ARENA FINA METRO CUBICO UNIDAD REGIÓN RM,(2070366) ÁRIDO - ARENA FINA METRO CUBICO UNIDAD REGIÓN RM,,0,6.0,,16827.0,100962.0,CLP
2735-1158-CM26,2026-09-10T09:17:19.107,Región Metropolitana de Santiago,COMERCIAL GRAN VIA SPA,ADHESIVO PVC VINILIT TARRO CON APLICADOR 470 ML TRANSPARENTE UNIDAD REGIÓN RM,(2063464) ADHESIVO PVC VINILIT TARRO CON APLICADOR 470 ML TRANSPARENTE UNIDAD REGIÓN RM,,0,50.0,,3248.0,162400.0,CLP
2735-1158-CM26,2026-09-10T09:17:19.107,Región Metropolitana de Santiago,COMERCIAL GRAN VIA SPA,TUBERÍA PVC NOVOPLAST TIPO SANITARIA DIÁMETRO 110 MM LARGO 6 M UNIDAD REGIÓN RM,(2214900) TUBERÍA PVC NOVOPLAST TIPO SANITARIA DIÁMETRO 110 MM LARGO 6 M UNIDAD REGIÓN RM,,0,10.0,,8615.0,86150.0,CLP
2735-1158-CM26,2026-09-10T09:17:19.107,Región Metropolitana de Santiago,COMERCIAL GRAN VIA SPA,"DISCO DE CORTE MAKITA DIAMANTADO 4 1/2"" UNIDAD REGIÓN RM","(2103380) DISCO DE CORTE MAKITA DIAMANTADO 4 1/2"" UNIDAD REGIÓN RM",,0,6.0,,5169.0,31014.0,CLP
2735-1158-CM26,2026-09-10T09:17:19.107,Región Metropolitana de Santiago,COMERCIAL GRAN VIA SPA,FRAGUE WEBER BLANCO SACO IMPERMEABLE 5KG UNIDAD REGIÓN RM,(2140440) FRAGUE WEBER BLANCO SACO IMPERMEABLE 5KG UNIDAD REGIÓN RM,,0,6.0,,3880.0,23280.0,CLP
2735-1158-CM26,2026-09-10T09:17:19.107,Región Metropolitana de Santiago,COMERCIAL GRAN VIA SPA,MEZCLA MORTERO GRUPO TX DE REPARACIÓN 25 KG UNIDAD REGIÓN RM,(2160500) MEZCLA MORTERO GRUPO TX DE REPARACIÓN 25 KG UNIDAD REGIÓN RM,,0,25.0,,11712.0,292800.0,CLP
2735-1158-CM26,2026-09-10T09:17:19.107,Región Metropolitana de Santiago,COMERCIAL GRAN VIA SPA,PASTA MURO TAJAMAR EXTERIOR TINETA 25KG UNIDAD REGIÓN RM,(2167453) PASTA MURO TAJAMAR EXTERIOR TINETA 25KG UNIDAD REGIÓN RM,,0,4.0,,22611.0,90444.0,CLP
2735-1158-CM26,2026-09-10T09:17:19.107,Región Metropolitana de Santiago,COMERCIAL GRAN VIA SPA,PASTA MURO TAJAMAR INTERIOR TINETA 25KG UNIDAD REGIÓN RM,(2167487) PASTA MURO TAJAMAR INTERIOR TINETA 25KG UNIDAD REGIÓN RM,,0,15.0,,13318.0,199770.0,CLP
2735-1158-CM26,2026-09-10T09:17:19.107,Región Metropolitana de Santiago,COMERCIAL GRAN VIA SPA,MEZCLA MORTERO TOPEX DE REPARACIÓN 25 KG UNIDAD REGIÓN RM,(2161129) MEZCLA MORTERO TOPEX DE REPARACIÓN 25 KG UNIDAD REGIÓN RM,,0,60.0,,11859.0,711540.0,CLP
2735-1158-CM26,2026-09-10T09:17:19.107,Región Metropolitana de Santiago,COMERCIAL GRAN VIA SPA,PERFIL ACERO CINTAC PLETINA 100X3 MM 6 M UNIDAD REGIÓN RM,(2170598) PERFIL ACERO CINTAC PLETINA 100X3 MM 6 M UNIDAD REGIÓN RM,,0,4.0,,29606.0,118424.0,CLP
2735-1158-CM26,2026-09-10T09:17:19.107,Región Metropolitana de Santiago,COMERCIAL GRAN VIA SPA,LIJA WOKIN FIERROS Y METALES 22X28CM GRANO 80 25 UNIDADES REGIÓN RM,(2152340) LIJA WOKIN FIERROS Y METALES 22X28CM GRANO 80 25 UNIDADES REGIÓN RM,,0,1.0,,2014.0,2014.0,CLP
2735-1158-CM26,2026-09-10T09:17:19.107,Región Metropolitana de Santiago,COMERCIAL GRAN VIA SPA,LIJA WOKIN FIERROS Y METALES 22X28CM GRANO 120 25 UNIDADES REGIÓN RM,(2152306) LIJA WOKIN FIERROS Y METALES 22X28CM GRANO 120 25 UNIDADES REGIÓN RM,,0,1.0,,1884.0,1884.0,CLP
2735-1158-CM26,2026-09-10T09:17:19.107,Región Metropolitana de Santiago,COMERCIAL GRAN VIA SPA,PERFIL ACERO VH REDONDO 8 MMX6 M UNIDAD REGIÓN RM,(2174304) PERFIL ACERO VH REDONDO 8 MMX6 M UNIDAD REGIÓN RM,,0,2.0,,3483.0,6966.0,CLP
2735-1158-CM26,2026-09-10T09:17:19.107,Región Metropolitana de Santiago,COMERCIAL GRAN VIA SPA,"DISCO DE CORTE BOSCH ABRASIVO 4 1/2"" UNIDAD REGIÓN RM","(2102717) DISCO DE CORTE BOSCH ABRASIVO 4 1/2"" UNIDAD REGIÓN RM",,0,50.0,,299.0,14950.0,CLP
2735-1158-CM26,2026-09-10T09:17:19.107,Región Metropolitana de Santiago,COMERCIAL GRAN VIA SPA,"PILAR - ESTRUCTURAL 130MMX130MMX3,2 M UNIDAD REGIÓN RM","(2177704) PILAR - ESTRUCTURAL 130MMX130MMX3,2 M UNIDAD REGIÓN RM",,0,4.0,,36822.0,147288.0,CLP
4965-505-SE26,2026-10-01T15:28:11.277,Región del Libertador General Bernardo O´Higgins,SOCIEDAD COMERCIAL J Y R SPA,Grapas,GRAPAS 1 1/4'' ,"Equipos, accesorios y suministros de oficina / Suministros de oficina / Suministros de sujeción",44122107,0.5,,2890.0,1445.0,CLP
4965-505-SE26,2026-10-01T15:28:11.277,Región del Libertador General Bernardo O´Higgins,SOCIEDAD COMERCIAL J Y R SPA,Alambre de bronce,ALAMBRE GALVANIZADO N14 ,Maquinaria para generación y distribución de energía / Alambres y cables eléctricos y electrónicos / Conductores eléctricos,26121521,2.0,,2890.0,5780.0,CLP
4965-505-SE26,2026-10-01T15:28:11.277,Región del Libertador General Bernardo O´Higgins,SOCIEDAD COMERCIAL J Y R SPA,Malla,MALLA BIZCOCHO 1.80 MTS. X25 MTS ,"Productos derivados de minerales, plantas y animales / Tejidos y materiales de cuero / Tejidos especiales",11162111,1.0,,68780.0,68780.0,CLP
4965-505-SE26,2026-10-01T15:28:11.277,Región del Libertador General Bernardo O´Higgins,SOCIEDAD COMERCIAL J Y R SPA,Postes de madera,POSTE IMPREGNADO 4 A 5'' X 2.44 MTS.,"Artículos para estructuras, obras y construcciones / Materiales estructurales básicos / Pilares",30102904,10.0,,5750.0,57500.0,CLP
4965-505-SE26,2026-10-01T15:28:11.277,Región del Libertador General Bernardo O´Higgins,SOCIEDAD COMERCIAL J Y R SPA,Estantes de montaje,BISAGRA 4'' TORO NEGRO,Artículos de fabricación y producción / Artículos de ferretería / Accesorios de Ferretería,31162309,3.0,,3150.0,9450.0,CLP
3300-147-AG26,2026-09-30T13:04:14.153,Región del Maule,COMERCIAL E IMPORTADORA E Y M LIMITADA,Grapas de ferretería,PLANCHAS DE TERCIADO DE 12 MM,Artículos de fabricación y producción / Artículos de ferretería / Cerrojos,31162404,35.0,,14770.0,0.0,CLP
3300-147-AG26,2026-09-30T13:04:14.153,Región del Maule,COMERCIAL E IMPORTADORA E Y M LIMITADA,Grapas de ferretería,PLANCHAS DE INTERNIT 6 MM,Artículos de fabricación y producción / Artículos de ferretería / Cerrojos,31162404,7.0,,9850.0,0.0,CLP
3300-147-AG26,2026-09-30T13:04:14.153,Región del Maule,COMERCIAL E IMPORTADORA E Y M LIMITADA,Grapas de ferretería,PALOS DE 2 X 3 BRUTOS,Artículos de fabricación y producción / Artículos de ferretería / Cerrojos,31162404,130.0,,2150.0,0.0,CLP
3300-147-AG26,2026-09-30T13:04:14.153,Región del Maule,COMERCIAL E IMPORTADORA E Y M LIMITADA,Grapas de ferretería,"TORNILLOS PARA VOLCANITA 2""",Artículos de fabricación y producción / Artículos de ferretería / Cerrojos,31162404,1000.0,,20.0,0.0,CLP
3300-147-AG26,2026-09-30T13:04:14.153,Región del Maule,COMERCIAL E IMPORTADORA E Y M LIMITADA,Grapas de ferretería,"KILOS DE CLAVOS DE 4 """,Artículos de fabricación y producción / Artículos de ferretería / Cerrojos,31162404,25.0,,1190.0,0.0,CLP
3300-147-AG26,2026-09-30T13:04:14.153,Región del Maule,COMERCIAL E IMPORTADORA E Y M LIMITADA,Grapas de ferretería,"KILOS DE CLAVOS TERRANO 2""",Artículos de fabricación y producción / Artículos de ferretería / Cerrojos,31162404,3.0,,2210.0,0.0,CLP
3300-147-AG26,2026-09-30T13:04:14.153,Región del Maule,COMERCIAL E IMPORTADORA E Y M LIMITADA,Grapas de ferretería,PAQUETES DE AISLAPOL 5 CM,Artículos de fabricación y producción / Artículos de ferretería / Cerrojos,31162404,2.0,,11870.0,0.0,CLP
3300-147-AG26,2026-09-30T13:04:14.153,Región del Maule,COMERCIAL E IMPORTADORA E Y M LIMITADA,Grapas de ferretería,"MARCOS DE PUERTA DE MADERA (2 MARCOS DE 2.00 X 0.90MTS, 2 MARCOS DE 2.00 X 0.70 MTS Y 1 MARCO 2.00 X 0.80 MTS)",Artículos de fabricación y producción / Artículos de ferretería / Cerrojos,31162404,5.0,,10650.0,0.0,CLP
3300-147-AG26,2026-09-30T13:04:14.153,Región del Maule,COMERCIAL E IMPORTADORA E Y M LIMITADA,Grapas de ferretería,PUERTAS DE INTERIOR DE 90 CM,Artículos de fabricación y producción / Artículos de ferretería / Cerrojos,31162404,2.0,,20360.0,0.0,CLP
3300-147-AG26,2026-09-30T13:04:14.153,Región del Maule,COMERCIAL E IMPORTADORA E Y M LIMITADA,Grapas de ferretería,"PUERTA DE INTERIOR DE 70 CM
",Artículos de fabricación y producción / Artículos de ferretería / Cerrojos,31162404,1.0,,16260.0,0.0,CLP
3300-147-AG26,2026-09-30T13:04:14.153,Región del Maule,COMERCIAL E IMPORTADORA E Y M LIMITADA,Grapas de ferretería,PUERTA DE EXTERIOR DE 80 CM,Artículos de fabricación y producción / Artículos de ferretería / Cerrojos,31162404,1.0,,78780.0,0.0,CLP
3300-147-AG26,2026-09-30T13:04:14.153,Región del Maule,COMERCIAL E IMPORTADORA E Y M LIMITADA,Grapas de ferretería,PUERTA DE EXTERIOR DE 70 CM,Artículos de fabricación y producción / Artículos de ferretería / Cerrojos,31162404,1.0,,80160.0,0.0,CLP
3300-147-AG26,2026-09-30T13:04:14.153,Región del Maule,COMERCIAL E IMPORTADORA E Y M LIMITADA,Grapas de ferretería,CHAPAS PARA PUERTA INTERIOR,Artículos de fabricación y producción / Artículos de ferretería / Cerrojos,31162404,3.0,,5930.0,0.0,CLP
3300-147-AG26,2026-09-30T13:04:14.153,Región del Maule,COMERCIAL E IMPORTADORA E Y M LIMITADA,Grapas de ferretería,CHAPAS PARA PUERTA EXTERIOR,Artículos de fabricación y producción / Artículos de ferretería / Cerrojos,31162404,2.0,,14340.0,0.0,CLP
3300-147-AG26,2026-09-30T13:04:14.153,Región del Maule,COMERCIAL E IMPORTADORA E Y M LIMITADA,Grapas de ferretería,"BISAGRAS DE 3""",Artículos de fabricación y producción / Artículos de ferretería / Cerrojos,31162404,15.0,,1560.0,0.0,CLP
3300-147-AG26,2026-09-30T13:04:14.153,Región del Maule,COMERCIAL E IMPORTADORA E Y M LIMITADA,Grapas de ferretería,ROLLO FILETRO DE 40,Artículos de fabricación y producción / Artículos de ferretería / Cerrojos,31162404,1.0,,7600.0,0.0,CLP
3300-147-AG26,2026-09-30T13:04:14.153,Región del Maule,COMERCIAL E IMPORTADORA E Y M LIMITADA,Grapas de ferretería,"PERNOS ANCLAJE 10 MM X 5""",Artículos de fabricación y producción / Artículos de ferretería / Cerrojos,31162404,10.0,,210.0,0.0,CLP
3300-147-AG26,2026-09-30T13:04:14.153,Región del Maule,COMERCIAL E IMPORTADORA E Y M LIMITADA,Grapas de ferretería,TABLAS CEPILLADAS 4 X 1 IMPREGNADA,Artículos de fabricación y producción / Artículos de ferretería / Cerrojos,31162404,6.0,,2930.0,0.0,CLP
3447-2778-SE26,2026-09-30T17:44:52.27,Región de Tarapacá,HÉCTOR MICHEL SILVA ZÚÑIGA,Grapas de ferretería,"ITEM 1,354	GRAMPAS 8MM (1000 UNIDADES)",Artículos de fabricación y producción / Artículos de ferretería / Cerrojos,31162404,2.0,,2017.0,4034.0,CLP
3447-2778-SE26,2026-09-30T17:44:52.27,Región de Tarapacá,HÉCTOR MICHEL SILVA ZÚÑIGA,Grapas de ferretería,"ITEM 1,28	ALAMBRE GALVANIZADO N° 18",Artículos de fabricación y producción / Artículos de ferretería / Cerrojos,31162404,10.0,,3025.0,30250.0,CLP
3447-2778-SE26,2026-09-30T17:44:52.27,Región de Tarapacá,HÉCTOR MICHEL SILVA ZÚÑIGA,Grapas de ferretería,"ITEM  3,274	SECO DIMENSIONADO 1X2X3.20",Artículos de fabricación y producción / Artículos de ferretería / Cerrojos,31162404,20.0,,2252.0,45040.0,CLP
3447-2780-SE26,2026-09-30T17:44:20.783,Región de Tarapacá,HÉCTOR MICHEL SILVA ZÚÑIGA,Grapas de ferretería,ITEM  3.10     ASERRIN DE PINO,Artículos de fabricación y producción / Artículos de ferretería / Cerrojos,31162404,50.0,,3613.0,180650.0,CLP
3478-316-SE26,2026-10-01T16:15:01.993,Región del Libertador General Bernardo O´Higgins,EDUARDO ANTONIO NÚÑEZ JEREZ,Kits de montaje,"Reparaciones de infraestructura varias de edificio municipal. Reparación de Sede El Manzano. Pintado de pasos peatonales de la comuna.
",Artículos de fabricación y producción / Artículos de ferretería / Accesorios de Ferretería,31162313,1.0,,2844207.0,2844207.0,CLP
1070329-263-AG26,2026-09-24T17:40:01.973,Región del Biobío,MAVID SPA,Ropa impermeable protectora o ropa para ambiente húmedo,"TRAJES IMPERMEABLES DE POLIUTERANO/PVC AISLANTE TÉRMICO, DIFERENTES TALLAS SEGÚN EETT. ","Equipos y suministros de defensa, orden público, protección y seguridad / Seguridad y protección personal / Ropa protectora de seguridad contra materias peligrosas",46181525,5.0,,10485.0,0.0,CLP
4364-533-AG26,2026-09-30T13:36:47.35,Región del Ñuble,HECTOR MUÑOZ 2,Grapas de ferretería,SACOS DE CEMENTOS 25 KG,Artículos de fabricación y producción / Artículos de ferretería / Cerrojos,31162404,20.0,,4850.0,0.0,CLP
4364-533-AG26,2026-09-30T13:36:47.35,Región del Ñuble,HECTOR MUÑOZ 2,Grapas de ferretería,TABLAS DE 1X4 VERDE,Artículos de fabricación y producción / Artículos de ferretería / Cerrojos,31162404,12.0,,2000.0,0.0,CLP
4364-533-AG26,2026-09-30T13:36:47.35,Región del Ñuble,HECTOR MUÑOZ 2,Grapas de ferretería,CAJA DE TORNILLO DE 2 1/2,Artículos de fabricación y producción / Artículos de ferretería / Cerrojos,31162404,2.0,,4500.0,0.0,CLP
4364-533-AG26,2026-09-30T13:36:47.35,Región del Ñuble,HECTOR MUÑOZ 2,Grapas de ferretería,MALLA ACMA DE 2.60 X 5 MTS,Artículos de fabricación y producción / Artículos de ferretería / Cerrojos,31162404,1.0,,28000.0,0.0,CLP
4085-643-SE26,2026-09-30T16:44:07.42,Región del Maule,MADERAS CASTILLO SPA,Vigas mixtas de madera,MADERAS (SIMILAR O EQUIVALENTE A LA MARCA INDICADA),"Artículos para estructuras, obras y construcciones / Materiales estructurales básicos / Productos estructurales",30103602,1.0,,118682.0,118682.0,CLP
4085-643-SE26,2026-09-30T16:44:07.42,Región del Maule,MADERAS CASTILLO SPA,Madera de coníferas,TUBOS DE CEMENTO CORRUGADO REDONDO (SIMILAR O EQUIVALENTE A LA MARCA INDICADA),"Productos derivados de minerales, plantas y animales / Productos no comestibles de origen vegetal / Madera",11121604,1.0,,7131429.0,7131429.0,CLP
4085-643-SE26,2026-09-30T16:44:07.42,Región del Maule,MADERAS CASTILLO SPA,Polietileno de alta densidad (HDPE),TUBOS DE CEMENTO COMPRIMIDO BASE PLANA (SIMILAR O EQUIVALENTE A LA MARCA INDICADA),"Resinas, cauchos, espumas y elastómeros / Caucho y elastómeros / Plásticos termoplásticos",13102017,1.0,,949412.0,949412.0,CLP
5147-296-SE26,2026-09-30T16:13:26.087,Región de Magallanes y de la Antártica,BENITO NICOLÁS MARSAN LAGUNAS,Ácido ascórbico,Ácido muriático 1 litro,Productos químicos industriales / Aditivos / Anti-oxidantes,12162201,2.0,,3000.0,6000.0,CLP
5147-296-SE26,2026-09-30T16:13:26.087,Región de Magallanes y de la Antártica,BENITO NICOLÁS MARSAN LAGUNAS,Soportes para accesorios de alumbrado,Amarra cable 100 mm x 25 unidades negro,Artículos de fabricación y producción / Artículos de ferretería / Soportes y puntales,31162504,5.0,,1500.0,7500.0,CLP
5147-296-SE26,2026-09-30T16:13:26.087,Región de Magallanes y de la Antártica,BENITO NICOLÁS MARSAN LAGUNAS,Asientos de inodoro,Asiento Wc redondo ,"Artículos para estructuras, obras y construcciones / Artefactos sanitarios / Loza sanitaria",30181512,2.0,,12000.0,24000.0,CLP
5147-296-SE26,2026-09-30T16:13:26.087,Región de Magallanes y de la Antártica,BENITO NICOLÁS MARSAN LAGUNAS,Codo de tubería,Codo PPR fusión de 20 x ½” HE,"Equipamiento para el acondicionamiento, distribución y filtrado de fluidos / Control y distribución de líquidos y gases / Accesorios para tuberías",40142317,15.0,,1500.0,22500.0,CLP
5147-296-SE26,2026-09-30T16:13:26.087,Región de Magallanes y de la Antártica,BENITO NICOLÁS MARSAN LAGUNAS,Tubería de plástico,Copla 1/2 fusión 20 mm,"Equipamiento para el acondicionamiento, distribución y filtrado de fluidos / Control y distribución de líquidos y gases / Tuberías",40142115,15.0,,300.0,4500.0,CLP
5147-296-SE26,2026-09-30T16:13:26.087,Región de Magallanes y de la Antártica,BENITO NICOLÁS MARSAN LAGUNAS,Tubería de plástico,Copla de 32mm HDPE,"Equipamiento para el acondicionamiento, distribución y filtrado de fluidos / Control y distribución de líquidos y gases / Tuberías",40142115,10.0,,500.0,5000.0,CLP
5147-296-SE26,2026-09-30T16:13:26.087,Región de Magallanes y de la Antártica,BENITO NICOLÁS MARSAN LAGUNAS,Tubería de plástico,copla reducción 25 a 20 mm,"Equipamiento para el acondicionamiento, distribución y filtrado de fluidos / Control y distribución de líquidos y gases / Tuberías",40142115,15.0,,4000.0,60000.0,CLP
5147-296-SE26,2026-09-30T16:13:26.087,Región de Magallanes y de la Antártica,BENITO NICOLÁS MARSAN LAGUNAS,Electrodos,"Electrodo 6010 3/32"" 1 kg","Artículos eléctricos y de iluminación / Equipamiento y artículos eléctricos / Conectores, enchufes y terminales",39121436,10.0,,4500.0,45000.0,CLP
5147-296-SE26,2026-09-30T16:13:26.087,Región de Magallanes y de la Antártica,BENITO NICOLÁS MARSAN LAGUNAS,Tomas de agua,Flexible de agua HI-HE 20 cm,"Equipamiento para el acondicionamiento, distribución y filtrado de fluidos / Control y distribución de líquidos y gases / Materiales y accesorios de gasfitería",40141726,6.0,,3000.0,18000.0,CLP
5147-296-SE26,2026-09-30T16:13:26.087,Región de Magallanes y de la Antártica,BENITO NICOLÁS MARSAN LAGUNAS,Conexiones flexibles,"flexible de gas 1/2"" HI - HI","Artículos eléctricos y de iluminación / Equipamiento y artículos eléctricos / Conectores, enchufes y terminales",39121419,6.0,,9000.0,54000.0,CLP
5147-296-SE26,2026-09-30T16:13:26.087,Región de Magallanes y de la Antártica,BENITO NICOLÁS MARSAN LAGUNAS,Servicios de hojalatería,Gorro de 80 mm hojalatería,Servicios de producción y fabricación industrial / Industrias del metal y de minerales / Acabado de metales,73121611,3.0,,45000.0,135000.0,CLP
5147-296-SE26,2026-09-30T16:13:26.087,Región de Magallanes y de la Antártica,BENITO NICOLÁS MARSAN LAGUNAS,Reguladores de gas,"llaves de gas 1/2´, HI HE bronce","Equipamiento para el acondicionamiento, distribución y filtrado de fluidos / Control y distribución de líquidos y gases / Reguladores de gas y fluido",40142201,5.0,,5000.0,25000.0,CLP
5147-296-SE26,2026-09-30T16:13:26.087,Región de Magallanes y de la Antártica,BENITO NICOLÁS MARSAN LAGUNAS,Perfiles de hierro,Perfil cuadrado 15x15x2mm 6 mts,"Artículos para estructuras, obras y construcciones / Materiales estructurales básicos / Perfiles",30102303,6.0,,12000.0,72000.0,CLP
5147-296-SE26,2026-09-30T16:13:26.087,Región de Magallanes y de la Antártica,BENITO NICOLÁS MARSAN LAGUNAS,Silicona VMQ y PMQ y PVMQ,Silicona con fungicida para baño y cocina 82 ml,"Resinas, cauchos, espumas y elastómeros / Caucho y elastómeros / Elastómeros",13101708,6.0,,3000.0,18000.0,CLP
5147-296-SE26,2026-09-30T16:13:26.087,Región de Magallanes y de la Antártica,BENITO NICOLÁS MARSAN LAGUNAS,Servicios de hojalatería,Tee 80x80 hojalatería,Servicios de producción y fabricación industrial / Industrias del metal y de minerales / Acabado de metales,73121611,3.0,,65000.0,195000.0,CLP
5147-296-SE26,2026-09-30T16:13:26.087,Región de Magallanes y de la Antártica,BENITO NICOLÁS MARSAN LAGUNAS,Cinta para reparar tubería o manguito,teflón 25 mm,Artículos de fabricación y producción / Cintas adhesivas y selladores / Cinta adhesiva,31201519,6.0,,700.0,4200.0,CLP
5147-296-SE26,2026-09-30T16:13:26.087,Región de Magallanes y de la Antártica,BENITO NICOLÁS MARSAN LAGUNAS,Acabadores de terminales de tubos,Terminal PPR fusión de 20 x ½” HE,Maquinaria para fabricación y transformación industrial / Maquinaria y suministros para talleres / Maquinaria de pliegue y modelado de metales,23171707,10.0,,1500.0,15000.0,CLP
5147-296-SE26,2026-09-30T16:13:26.087,Región de Magallanes y de la Antártica,BENITO NICOLÁS MARSAN LAGUNAS,Uniones Hidráulicas,Terminal PPR fusión de 20 x ½” HI ,Herramientas y maquinaria en general / Maquinaria hidráulica / Accesorios para circuitos hidráulicos,27121704,10.0,,1500.0,15000.0,CLP
5147-296-SE26,2026-09-30T16:13:26.087,Región de Magallanes y de la Antártica,BENITO NICOLÁS MARSAN LAGUNAS,Termopares,Termocupla universal x 60 cm,Equipamiento para laboratorios / Instrumentos de medida y experimentación / Instrumentos para medir temperatura y calor,41112206,8.0,,8000.0,64000.0,CLP
5147-296-SE26,2026-09-30T16:13:26.087,Región de Magallanes y de la Antártica,BENITO NICOLÁS MARSAN LAGUNAS,Tornillos para metales,"Tornillos autoperforantes 2"" x 100 unidades",Artículos de fabricación y producción / Artículos de ferretería / Tornillos,31161504,5.0,,2500.0,12500.0,CLP
5147-296-SE26,2026-09-30T16:13:26.087,Región de Magallanes y de la Antártica,BENITO NICOLÁS MARSAN LAGUNAS,Tornillos roscadores,"Tornillos cabeza lenteja 1"" x 100 unidades",Artículos de fabricación y producción / Artículos de ferretería / Tornillos,31161507,5.0,,3000.0,15000.0,CLP
5147-296-SE26,2026-09-30T16:13:26.087,Región de Magallanes y de la Antártica,BENITO NICOLÁS MARSAN LAGUNAS,Tornillos para madera,"tornillos para madera 1 1/2"" x 100 unidades",Artículos de fabricación y producción / Artículos de ferretería / Tornillos,31161508,5.0,,1900.0,9500.0,CLP
5147-296-SE26,2026-09-30T16:13:26.087,Región de Magallanes y de la Antártica,BENITO NICOLÁS MARSAN LAGUNAS,Tornillos para madera,"tornillos para madera 2 1/2"" x 100 unidades",Artículos de fabricación y producción / Artículos de ferretería / Tornillos,31161508,5.0,,4000.0,20000.0,CLP
5147-296-SE26,2026-09-30T16:13:26.087,Región de Magallanes y de la Antártica,BENITO NICOLÁS MARSAN LAGUNAS,Herramientas de tallar,"Disco de corte 14""",Maquinaria para fabricación y transformación industrial / Maquinaria y suministros de procesos industriales / Herramientas de corte,23153307,15.0,,8000.0,120000.0,CLP
5147-296-SE26,2026-09-30T16:13:26.087,Región de Magallanes y de la Antártica,BENITO NICOLÁS MARSAN LAGUNAS,Llaves ajustables,Llave fusión de 20mm,"Herramientas y maquinaria en general / Herramientas manuales / Llaves, destornilladores y guías",27111707,15.0,,5000.0,75000.0,CLP
5147-296-SE26,2026-09-30T16:13:26.087,Región de Magallanes y de la Antártica,BENITO NICOLÁS MARSAN LAGUNAS,Clavijas de electrodo,Porta electrodo,Artículos de electrónica / Válvulas electrónicas / Piezas y accesorios para tubos electrónicos,32141108,2.0,,8000.0,16000.0,CLP
5147-296-SE26,2026-09-30T16:13:26.087,Región de Magallanes y de la Antártica,BENITO NICOLÁS MARSAN LAGUNAS,Manómetro,Manómetro glicerina 0.10 bar conexión 1/4,Maquinaria para fabricación y transformación industrial / Maquinaria y suministros de procesos industriales / Maquinaria para la industria farmacéutica,23151820,1.0,,15000.0,15000.0,CLP
5147-296-SE26,2026-09-30T16:13:26.087,Región de Magallanes y de la Antártica,BENITO NICOLÁS MARSAN LAGUNAS,Perfiles de hierro,Perfil cuadrado 20x20 x 2mm 6 mt,"Artículos para estructuras, obras y construcciones / Materiales estructurales básicos / Perfiles",30102303,6.0,,15000.0,90000.0,CLP
5147-296-SE26,2026-09-30T16:13:26.087,Región de Magallanes y de la Antártica,BENITO NICOLÁS MARSAN LAGUNAS,Aleación ferrosa,Fierro redondo de 4mm ,"Productos derivados de minerales, plantas y animales / Minerales y metales / Metales base",11101712,6.0,,8000.0,48000.0,CLP
5147-296-SE26,2026-09-30T16:13:26.087,Región de Magallanes y de la Antártica,BENITO NICOLÁS MARSAN LAGUNAS,Cinta para reparar tubería o manguito,"Teflón para agua de 1/2""",Artículos de fabricación y producción / Cintas adhesivas y selladores / Cinta adhesiva,31201519,5.0,,650.0,3250.0,CLP
5147-296-SE26,2026-09-30T16:13:26.087,Región de Magallanes y de la Antártica,BENITO NICOLÁS MARSAN LAGUNAS,Conductos flexibles,Flexible de agua 1/2 HI-HI 30 cm,"Equipamiento para el acondicionamiento, distribución y filtrado de fluidos / Control y distribución de líquidos y gases / Cañerías y flexibles",40141901,6.0,,3000.0,18000.0,CLP
5147-296-SE26,2026-09-30T16:13:26.087,Región de Magallanes y de la Antártica,BENITO NICOLÁS MARSAN LAGUNAS,Conductos flexibles,Flexible de agua 3/4 HI-HI 30 cm,"Equipamiento para el acondicionamiento, distribución y filtrado de fluidos / Control y distribución de líquidos y gases / Cañerías y flexibles",40141901,6.0,,3000.0,18000.0,CLP
5147-296-SE26,2026-09-30T16:13:26.087,Región de Magallanes y de la Antártica,BENITO NICOLÁS MARSAN LAGUNAS,Conductos flexibles,Flexible monomando HI 1/2 m10 50 cm,"Equipamiento para el acondicionamiento, distribución y filtrado de fluidos / Control y distribución de líquidos y gases / Cañerías y flexibles",40141901,6.0,,3000.0,18000.0,CLP
5147-296-SE26,2026-09-30T16:13:26.087,Región de Magallanes y de la Antártica,BENITO NICOLÁS MARSAN LAGUNAS,Grifos,Llave monomando lavaplatos vertical acero inoxidable,"Equipamiento para el acondicionamiento, distribución y filtrado de fluidos / Control y distribución de líquidos y gases / Materiales y accesorios de gasfitería",40141702,6.0,,45000.0,270000.0,CLP
5147-296-SE26,2026-09-30T16:13:26.087,Región de Magallanes y de la Antártica,BENITO NICOLÁS MARSAN LAGUNAS,Grifos,llave monomando lavamanos,"Equipamiento para el acondicionamiento, distribución y filtrado de fluidos / Control y distribución de líquidos y gases / Materiales y accesorios de gasfitería",40141702,5.0,,25000.0,125000.0,CLP
5147-296-SE26,2026-09-30T16:13:26.087,Región de Magallanes y de la Antártica,BENITO NICOLÁS MARSAN LAGUNAS,Grifos,Llave monomando ducha + flexible acabado,"Equipamiento para el acondicionamiento, distribución y filtrado de fluidos / Control y distribución de líquidos y gases / Materiales y accesorios de gasfitería",40141702,5.0,,25000.0,125000.0,CLP
5147-296-SE26,2026-09-30T16:13:26.087,Región de Magallanes y de la Antártica,BENITO NICOLÁS MARSAN LAGUNAS,Electrodos,"Electrodo 6011 1/8"" bolsa kilo","Artículos eléctricos y de iluminación / Equipamiento y artículos eléctricos / Conectores, enchufes y terminales",39121436,10.0,,6000.0,60000.0,CLP
5147-296-SE26,2026-09-30T16:13:26.087,Región de Magallanes y de la Antártica,BENITO NICOLÁS MARSAN LAGUNAS,Codos de tubo,Codo PPR 90° 20mm,"Equipamiento para el acondicionamiento, distribución y filtrado de fluidos / Control y distribución de líquidos y gases / Conexiones para tuberías",40142604,15.0,,300.0,4500.0,CLP
5147-296-SE26,2026-09-30T16:13:26.087,Región de Magallanes y de la Antártica,BENITO NICOLÁS MARSAN LAGUNAS,Codos de tubo,Codo PPR 45° 20mm,"Equipamiento para el acondicionamiento, distribución y filtrado de fluidos / Control y distribución de líquidos y gases / Conexiones para tuberías",40142604,15.0,,300.0,4500.0,CLP
5147-296-SE26,2026-09-30T16:13:26.087,Región de Magallanes y de la Antártica,BENITO NICOLÁS MARSAN LAGUNAS,Uniones Hidráulicas,Tee PPR 1/2 20mm,Herramientas y maquinaria en general / Maquinaria hidráulica / Accesorios para circuitos hidráulicos,27121704,15.0,,300.0,4500.0,CLP
5147-296-SE26,2026-09-30T16:13:26.087,Región de Magallanes y de la Antártica,BENITO NICOLÁS MARSAN LAGUNAS,Grifos,Llave de bola PPR fusión bola plástica 20mm,"Equipamiento para el acondicionamiento, distribución y filtrado de fluidos / Control y distribución de líquidos y gases / Materiales y accesorios de gasfitería",40141702,20.0,,6000.0,120000.0,CLP
5147-296-SE26,2026-09-30T16:13:26.087,Región de Magallanes y de la Antártica,BENITO NICOLÁS MARSAN LAGUNAS,Tubería de plástico,Tubería PPR 20mm x 6mt,"Artículos de fabricación y producción / Materia prima en planchas, barras o tubos / Tubos y cañerías",31231313,15.0,,6000.0,90000.0,CLP
5147-296-SE26,2026-09-30T16:13:26.087,Región de Magallanes y de la Antártica,BENITO NICOLÁS MARSAN LAGUNAS,Tuercas de unión,Unión americana PPR 20mm,Artículos de fabricación y producción / Artículos de ferretería / Tuercas,31161722,15.0,,4000.0,60000.0,CLP
5147-296-SE26,2026-09-30T16:13:26.087,Región de Magallanes y de la Antártica,BENITO NICOLÁS MARSAN LAGUNAS,Acoplamientos de reducción de tubería,Reducción 3/4 a 1/2 PPR ,"Equipamiento para el acondicionamiento, distribución y filtrado de fluidos / Control y distribución de líquidos y gases / Accesorios para tuberías",40142321,15.0,,300.0,4500.0,CLP
5147-296-SE26,2026-09-30T16:13:26.087,Región de Magallanes y de la Antártica,BENITO NICOLÁS MARSAN LAGUNAS,Pasantes de tubo,pasa tubo ppr puente 20mm,"Equipamiento para el acondicionamiento, distribución y filtrado de fluidos / Control y distribución de líquidos y gases / Conexiones para tuberías",40142611,15.0,,1000.0,15000.0,CLP
5147-296-SE26,2026-09-30T16:13:26.087,Región de Magallanes y de la Antártica,BENITO NICOLÁS MARSAN LAGUNAS,Silicona VMQ y PMQ y PVMQ,Silicona tapagoteras 300 ml,"Resinas, cauchos, espumas y elastómeros / Caucho y elastómeros / Elastómeros",13101708,6.0,,3000.0,18000.0,CLP
5147-296-SE26,2026-09-30T16:13:26.087,Región de Magallanes y de la Antártica,BENITO NICOLÁS MARSAN LAGUNAS,Válvulas de neumáticos,Parche para neumáticos 50mm x 30 unidades,Vehículos y equipamiento en general / Componentes para vehículos en general / Llantas y accesorios,25171905,2.0,,30000.0,60000.0,CLP
5147-296-SE26,2026-09-30T16:13:26.087,Región de Magallanes y de la Antártica,BENITO NICOLÁS MARSAN LAGUNAS,Válvulas de neumáticos,Pegamento para parches neumáticos 163 gramos,Vehículos y equipamiento en general / Componentes para vehículos en general / Llantas y accesorios,25171905,6.0,,15000.0,90000.0,CLP
5147-296-SE26,2026-09-30T16:13:26.087,Región de Magallanes y de la Antártica,BENITO NICOLÁS MARSAN LAGUNAS,Cortadores de roca,"disco de corte fino 4""",Maquinaria para minería y perforación / Maquinaria para minería / Equipo de corte,20101504,10.0,,800.0,8000.0,CLP
5147-296-SE26,2026-09-30T16:13:26.087,Región de Magallanes y de la Antártica,BENITO NICOLÁS MARSAN LAGUNAS,Herramientas de tallar,"disco de corte metal 7""",Maquinaria para fabricación y transformación industrial / Maquinaria y suministros de procesos industriales / Herramientas de corte,23153307,50.0,,1500.0,75000.0,CLP
5147-296-SE26,2026-09-30T16:13:26.087,Región de Magallanes y de la Antártica,BENITO NICOLÁS MARSAN LAGUNAS,Válvulas angular de globo,Llave angular HE 1/2 x 1/2 acero inoxidable,"Equipamiento para el acondicionamiento, distribución y filtrado de fluidos / Control y distribución de líquidos y gases / Válvulas",40141617,6.0,,3500.0,21000.0,CLP
5153-1721-AG26,2026-09-23T08:49:45.33,Región Metropolitana de Santiago,EKIPOTEL CHILE S.A.,Accesorios para urinarios o aseos,"696083  CHATA TIPO ZAPATO; Material: Acero inoxidable de grado médico, Diseño Ergonómico: Su forma plana tipo zapato facilita el uso y proporciona comodidad tanto para el paciente como para el profesi",Equipos y suministros de limpieza / Suministros de limpieza / Suministros para aseo,47131705,12.0,,36880.0,0.0,CLP
5196-685-AG26,2026-09-15T09:02:55.717,Región Metropolitana de Santiago,J RAVERA Y COMPANIA LIMITADA,Adhesivos líquidos,Adhesivo PVC Normal 240 cc para uniones de Tuberías,Artículos de fabricación y producción / Cintas adhesivas y selladores / Adhesivos y selladores,31201616,2.0,,2571.0,0.0,CLP
5196-685-AG26,2026-09-15T09:02:55.717,Región Metropolitana de Santiago,J RAVERA Y COMPANIA LIMITADA,Azulejos o baldosas de cerámica,Caja cerámica 45x45 cm concret Gris 2.25 m2,"Artículos para estructuras, obras y construcciones / Productos de construcción estructurales / Azulejos y baldosas",30131704,8.0,,23000.0,0.0,CLP
5196-685-AG26,2026-09-15T09:02:55.717,Región Metropolitana de Santiago,J RAVERA Y COMPANIA LIMITADA,Azulejos o baldosas de cerámica,Adhesivo Cerámico tradicional piso y muro Superficie Rígido 25 kg,"Artículos para estructuras, obras y construcciones / Productos de construcción estructurales / Azulejos y baldosas",30131704,5.0,,3353.0,0.0,CLP
5196-685-AG26,2026-09-15T09:02:55.717,Región Metropolitana de Santiago,J RAVERA Y COMPANIA LIMITADA,Azulejos o baldosas de cerámica,Kit espaciador cerámica 3mm 200u,"Artículos para estructuras, obras y construcciones / Productos de construcción estructurales / Azulejos y baldosas",30131704,1.0,,1346.0,0.0,CLP
5196-685-AG26,2026-09-15T09:02:55.717,Región Metropolitana de Santiago,J RAVERA Y COMPANIA LIMITADA,Azulejos o baldosas de cerámica,Kit nivelador Cerámicas reutilizables 50 piezas,"Artículos para estructuras, obras y construcciones / Productos de construcción estructurales / Azulejos y baldosas",30131704,2.0,,5294.0,0.0,CLP
5196-685-AG26,2026-09-15T09:02:55.717,Región Metropolitana de Santiago,J RAVERA Y COMPANIA LIMITADA,Discos abrasivos,"Disco de corte diamantado continuo 4,5""",Artículos de fabricación y producción / Materiales para prensar y abrasivos / Productos abrasivos,31191506,2.0,,2260.0,0.0,CLP
5196-685-AG26,2026-09-15T09:02:55.717,Región Metropolitana de Santiago,J RAVERA Y COMPANIA LIMITADA,Brochas,"Set de brochas multipropósito 1/2""-1""-2"" 3 unidades","Artículos de fabricación y producción / Pinturas, diluyentes y accesorios para pintado / Accesorios para pintar",31211904,2.0,,3002.0,0.0,CLP
5196-685-AG26,2026-09-15T09:02:55.717,Región Metropolitana de Santiago,J RAVERA Y COMPANIA LIMITADA,Adhesivos líquidos,Fragüe Piso/Muro 5kg,Artículos de fabricación y producción / Cintas adhesivas y selladores / Adhesivos y selladores,31201616,3.0,,4507.0,0.0,CLP
5196-685-AG26,2026-09-15T09:02:55.717,Región Metropolitana de Santiago,J RAVERA Y COMPANIA LIMITADA,Taza de WC,Asiento WC redondo plastico fenaloza,"Artículos para estructuras, obras y construcciones / Artefactos sanitarios / Loza sanitaria",30181505,1.0,,5285.0,0.0,CLP
5196-685-AG26,2026-09-15T09:02:55.717,Región Metropolitana de Santiago,J RAVERA Y COMPANIA LIMITADA,Planchas de escurrimiento,Placa Fibrocemento Lisa 5mm 120x240 cm blanco,"Artículos para estructuras, obras y construcciones / Materiales para terminaciones exteriores / Accesorios para techumbres",30151602,5.0,,10168.0,0.0,CLP
5196-685-AG26,2026-09-15T09:02:55.717,Región Metropolitana de Santiago,J RAVERA Y COMPANIA LIMITADA,Conectores de cables eléctricos,Conector PVC 25 cm blanco fanaloza,"Artículos eléctricos y de iluminación / Equipamiento y artículos eléctricos / Conectores, enchufes y terminales",39121409,1.0,,5126.0,0.0,CLP
5196-685-AG26,2026-09-15T09:02:55.717,Región Metropolitana de Santiago,J RAVERA Y COMPANIA LIMITADA,Sifones en P,"Sifon regio 1 1/4"" salida recta estándar 32mm Hoffens","Equipamiento para el acondicionamiento, distribución y filtrado de fluidos / Control y distribución de líquidos y gases / Materiales y accesorios de gasfitería",40141716,1.0,,2681.0,0.0,CLP
5196-685-AG26,2026-09-15T09:02:55.717,Región Metropolitana de Santiago,J RAVERA Y COMPANIA LIMITADA,Siliconas,Silicona para baño y cocina 300ml,Productos químicos industriales / Compuestos y mezclas / Compuestos inorgánicos,12352310,2.0,,1504.0,0.0,CLP
5196-685-AG26,2026-09-15T09:02:55.717,Región Metropolitana de Santiago,J RAVERA Y COMPANIA LIMITADA,Diodos emisores de luz (LED),Tubo led T8 18W 120CM Blanco frio (6500k) Stanford,"Artículos de electrónica / Diodos, transistores y semiconductores / Diodos",32111503,30.0,,897.0,0.0,CLP
5196-685-AG26,2026-09-15T09:02:55.717,Región Metropolitana de Santiago,J RAVERA Y COMPANIA LIMITADA,Aisladores,Cinta aisladora eléctrica 19mm 20m,Artículos de electrónica / Circuitos electrónicos / Conjuntos de circuitos y componentes de radiofrecuencia (RF),32101522,5.0,,1589.0,0.0,CLP
5196-685-AG26,2026-09-15T09:02:55.717,Región Metropolitana de Santiago,J RAVERA Y COMPANIA LIMITADA,Aisladores,Aceite afloja todo en aerosol 110 ml,Artículos de electrónica / Circuitos electrónicos / Conjuntos de circuitos y componentes de radiofrecuencia (RF),32101522,6.0,,1980.0,0.0,CLP
5196-685-AG26,2026-09-15T09:02:55.717,Región Metropolitana de Santiago,J RAVERA Y COMPANIA LIMITADA,Aisladores,Repuesto membrana siicona para calefont junkers modelo W13KB31S4395 13 LITROS,Artículos de electrónica / Circuitos electrónicos / Conjuntos de circuitos y componentes de radiofrecuencia (RF),32101522,1.0,,1490.0,0.0,CLP
5196-685-AG26,2026-09-15T09:02:55.717,Región Metropolitana de Santiago,J RAVERA Y COMPANIA LIMITADA,Cables elevadores,Microswitch 3 cables para calefont junkers modelo W13KB31S4395 13 LITROS,"Artículos de fabricación y producción / Cuerdas, cadenas, cables, alambres y correas / Cable mecánico",31151703,1.0,,2600.0,0.0,CLP
5196-685-AG26,2026-09-15T09:02:55.717,Región Metropolitana de Santiago,J RAVERA Y COMPANIA LIMITADA,Cables elevadores,Modulo encendido para calefont junkers modelo W13KB31S4395 13 LITROS,"Artículos de fabricación y producción / Cuerdas, cadenas, cables, alambres y correas / Cable mecánico",31151703,1.0,,18560.0,0.0,CLP
5196-685-AG26,2026-09-15T09:02:55.717,Región Metropolitana de Santiago,J RAVERA Y COMPANIA LIMITADA,Tornillos de anclaje,Tornillo madera CrS ZINCADO 6 x 1 1/4 500 unidades,Artículos de fabricación y producción / Artículos de ferretería / Tornillos,31161502,1.0,,5220.0,0.0,CLP
5196-685-AG26,2026-09-15T09:02:55.717,Región Metropolitana de Santiago,J RAVERA Y COMPANIA LIMITADA,Papeles de lija,Lija al agua grano 120,Artículos de fabricación y producción / Materiales para prensar y abrasivos / Productos abrasivos,31191501,15.0,,319.0,0.0,CLP
5196-685-AG26,2026-09-15T09:02:55.717,Región Metropolitana de Santiago,J RAVERA Y COMPANIA LIMITADA,Papeles de lija,Lija al agua grano 80,Artículos de fabricación y producción / Materiales para prensar y abrasivos / Productos abrasivos,31191501,13.0,,319.0,0.0,CLP
5196-685-AG26,2026-09-15T09:02:55.717,Región Metropolitana de Santiago,J RAVERA Y COMPANIA LIMITADA,Papeles de lija,Lija al agua grano 240,Artículos de fabricación y producción / Materiales para prensar y abrasivos / Productos abrasivos,31191501,15.0,,319.0,0.0,CLP
5196-685-AG26,2026-09-15T09:02:55.717,Región Metropolitana de Santiago,J RAVERA Y COMPANIA LIMITADA,Papeles de lija,Lija al agua grano 320,Artículos de fabricación y producción / Materiales para prensar y abrasivos / Productos abrasivos,31191501,10.0,,319.0,0.0,CLP
5196-685-AG26,2026-09-15T09:02:55.717,Región Metropolitana de Santiago,J RAVERA Y COMPANIA LIMITADA,Papeles de lija,Lija al agua grano 400,Artículos de fabricación y producción / Materiales para prensar y abrasivos / Productos abrasivos,31191501,11.0,,319.0,0.0,CLP
5196-685-AG26,2026-09-15T09:02:55.717,Región Metropolitana de Santiago,J RAVERA Y COMPANIA LIMITADA,Papeles de lija,Lija al agua grano 600,Artículos de fabricación y producción / Materiales para prensar y abrasivos / Productos abrasivos,31191501,10.0,,319.0,0.0,CLP
5196-685-AG26,2026-09-15T09:02:55.717,Región Metropolitana de Santiago,J RAVERA Y COMPANIA LIMITADA,Brocas,Broca cobalto 2.5 mm set 10 pcs Hssm35 al 5%,Herramientas y maquinaria en general / Herramientas manuales / Accesorios para herramientas,27112801,1.0,,6227.0,0.0,CLP
5196-685-AG26,2026-09-15T09:02:55.717,Región Metropolitana de Santiago,J RAVERA Y COMPANIA LIMITADA,Brocas,Broca Cobalto 3.2 mm set 10 pcs Hssm35 al 5%,Herramientas y maquinaria en general / Herramientas manuales / Accesorios para herramientas,27112801,1.0,,7320.0,0.0,CLP
5196-685-AG26,2026-09-15T09:02:55.717,Región Metropolitana de Santiago,J RAVERA Y COMPANIA LIMITADA,Termómetros de resistencia,Termómetro higrómetro digital NPT Mach laton milton 604-1,Equipamiento para laboratorios / Instrumentos de medida y experimentación / Instrumentos para medir temperatura y calor,41112211,2.0,,6980.0,0.0,CLP
5196-685-AG26,2026-09-15T09:02:55.717,Región Metropolitana de Santiago,J RAVERA Y COMPANIA LIMITADA,Mangueras para agua,"Conector manguera 1/2"" NPT Macho laton milton 604-1","Equipamiento para el acondicionamiento, distribución y filtrado de fluidos / Control y distribución de líquidos y gases / Mangueras",40142008,4.0,,937.0,0.0,CLP
889473-1767-AG26,2026-09-30T15:40:21.56,Región del Libertador General Bernardo O´Higgins,INVERSIONES AFGHAN LIMITADA,Tuberías flexibles o umbilicales submarinas,"Sello flexible antifugas sanitario Coflex o equivalente, color gris oscuro, de acuerdo al detalle adjunto. Debe adjuntar cotización detallando lo ofertado",Maquinaria para minería y perforación / Equipo de producción y operación de gas y petróleo / Equipo para fondo oceánico,20142402,20.0,,5976.0,0.0,CLP
4690-367-SE26,2026-10-01T09:58:24.05,Región del Maule,SOLANGELA ,Tubería de cobre,"PRESUPUESTO DISPONIBLE $33.000.000.- IMPUESTO INCLUIDO, CONVENIO 4 MESES . ","Artículos de fabricación y producción / Materia prima en planchas, barras o tubos / Tubos y cañerías",31231302,1.0,,2264420.0,2264420.0,CLP
4965-507-SE26,2026-10-01T15:55:58.803,Región del Libertador General Bernardo O´Higgins,SOCIEDAD COMERCIAL J Y R SPA,Plafones,TUBO LED 18 W/6000K,Artículos eléctricos y de iluminación / Artefactos y accesorios de iluminación / Iluminación de interiores,39111521,6.0,,2100.0,12600.0,CLP
1155683-136-AG26,2026-10-01T08:45:25.933,Región del Ñuble,EMPRESAS CORTES SPA,Grava,"12 metros cúbicos de gravilla 3/4 estructural (tolva a granel). Lugar de entrega: puestos en el piso del Balneario Municipal de El Carmen, que se encuentra ubicado dentro del radio urbano de la ciudad","Productos derivados de minerales, plantas y animales / Tierra y piedra / Piedras",11111611,12.0,,22000.0,0.0,CLP
859378-623-SE26,2026-09-30T11:23:10.3,Región de Valparaíso,HERRAMIENTAS INTEGRALES LIMITADA,Maderas duras,"Materiales de ferretería. OC según cotización de proveedor N°499. Código Cliente: 5
Fecha Cotización: 07-09-2026
Considerar productos, descripción y valores según lo referido en la citada cotización","Productos derivados de minerales, plantas y animales / Productos no comestibles de origen vegetal / Madera",11121610,1.0,,577669.0,577669.0,CLP
945256-79-CM26,2026-09-30T08:52:04.297,,COMERCIAL GRAN VIA SPA,"PLANCHA ZINC CINTAC ACANALADA 0,3X851X3660MM UNIDAD REGIÓN IV","(2184417) PLANCHA ZINC CINTAC ACANALADA 0,3X851X3660MM UNIDAD REGIÓN IV",,0,61.0,,9931.0,605791.0,CLP
2424-1091-AG26,2026-08-17T12:57:05.96,Región de Valparaíso,FERREACEROS SPA,Cemento,SE REQUIERE SEGUN FICHA TECNICA ADJUNTA.OFERENTE DEBE ADJUNTAR ANEXO ECONOMICO INDICANDO A DETALLE EL PRODUCTO A OFERTAR EN CASO OFERTAR ALTERNATIVA EQUIVALENTE ADJUNTAR FICHA TECNICA.PLAZO DE ENTREGA,"Artículos para estructuras, obras y construcciones / Hormigón, cemento y yeso / Cemento y cal",30111601,1.0,,1424022.0,0.0,CLP
2436-1286-AG26,2026-09-30T16:17:49.327,Región del Maule,COMERCIAL E IMPORTADORA E Y M LIMITADA,Cemento,ASEO Y ORNATO REQUIERE LA ADQUISICION DE SACOS DE CEMENTOS 25 KILOS SPN°246457,"Artículos para estructuras, obras y construcciones / Hormigón, cemento y yeso / Cemento y cal",30111601,100.0,,3680.0,0.0,CLP
2992-428-SE26,2026-10-01T10:42:43.87,Región de Coquimbo,Sociedad Comercial Don Oscar Y Cía Ltda,Perfiles de montaje,Cordón eléctrico 3x1 mm negro Item 22.36,Artículos de fabricación y producción / Artículos de ferretería / Accesorios de Ferretería,31162301,170.0,,2130.0,362100.0,CLP
2992-428-SE26,2026-10-01T10:42:43.87,Región de Coquimbo,Sociedad Comercial Don Oscar Y Cía Ltda,Perfiles de montaje,Plancha  Zincalum  5V  0.40x851x2000mm item 10.22 ,Artículos de fabricación y producción / Artículos de ferretería / Accesorios de Ferretería,31162301,8.0,,35941.0,287528.0,CLP
3284-1143-SE26,2026-10-01T08:25:36.407,Región de los Lagos,SOCIEDAD MAYORGA - AHUMADA SPA,Plancha de cinc,PLANCHA ZINC EN V 3.0 METROS,"Artículos para estructuras, obras y construcciones / Materiales estructurales básicos / Plancha",30102212,28.0,,11050.0,309400.0,CLP
3284-1143-SE26,2026-10-01T08:25:36.407,Región de los Lagos,SOCIEDAD MAYORGA - AHUMADA SPA,Tubería de cobre,CAÑERIA COBRE M 3/4,"Artículos de fabricación y producción / Materia prima en planchas, barras o tubos / Tubos y cañerías",31231302,3.0,,8752.0,26256.0,CLP
3477-689-SE26,2026-10-01T17:06:52.1,Región de la Araucanía,PATRICIA TATIANA BURGOS MONSALVES,Talones o talonarios,SEGUN COTIZACIÓN ADJUNTA.-,Productos de papel / Productos de papel / Papeles comerciales,14111805,1.0,,135000.0,135000.0,CLP
3588-501-AG26,2026-09-30T11:28:16.27,Región del Ñuble,FERRETERIA TECNICA INDUSTRIAL Y ARRIENDO DE MAQUINARIAS LIMITADA,Techos de habitaciones,"Planchas de zinc acanalado de 0.35 mm x  3 mts, certificación minima AZ100, con certificado de respaldo, se requiere cotización formal detallada ","Artículos para estructuras, obras y construcciones / Materiales para terminaciones exteriores / Accesorios para techumbres",30151608,200.0,,7430.0,0.0,CLP
3588-501-AG26,2026-09-30T11:28:16.27,Región del Ñuble,FERRETERIA TECNICA INDUSTRIAL Y ARRIENDO DE MAQUINARIAS LIMITADA,Techos de habitaciones,"Planchas de zinc en V  de 0.35 mm x  3 mts, certificación minima AZ100, con certificado de respaldo, se requiere cotización formal detallada ","Artículos para estructuras, obras y construcciones / Materiales para terminaciones exteriores / Accesorios para techumbres",30151608,100.0,,7170.0,0.0,CLP
3588-501-AG26,2026-09-30T11:28:16.27,Región del Ñuble,FERRETERIA TECNICA INDUSTRIAL Y ARRIENDO DE MAQUINARIAS LIMITADA,Techos de habitaciones,"Tablero OSB 9mm 1,20x2,44mt, equivalente a multiplac, se requiere cotización formal detallada ","Artículos para estructuras, obras y construcciones / Materiales para terminaciones exteriores / Accesorios para techumbres",30151608,150.0,,7910.0,0.0,CLP
3659-847-SE26,2026-10-01T17:40:08.66,Región del Ñuble,Carraman EIRL,Arena silícea,BASE ESTABILIZADA ZONA URBANA,"Productos derivados de minerales, plantas y animales / Tierra y piedra / Arena",11111701,60.0,,20000.0,1200000.0,CLP
3747-301-AG26,2026-09-29T16:48:47.097,Región del Ñuble,JAIME ENRIQUE CHÁVEZ TRONCOSO,Servicios de canalones (canaletas) y tubos de bajada,"CANALAS METÁLICAS DE 10 POR 10, DE 3 MTS DE LARGO CADA UNA Y DE 0.35 MM DE GROSOR.","Servicios de construcción y mantenimiento / Servicios de atención, mantenimiento y reparaciones de edificios / Revestimientos de techos, paredes o metalistería",72101603,3.0,,5500.0,0.0,CLP
3747-301-AG26,2026-09-29T16:48:47.097,Región del Ñuble,JAIME ENRIQUE CHÁVEZ TRONCOSO,Ganchos en J,GANCHOS METÁLICOS DE 10 POR 10.,Artículos de fabricación y producción / Artículos de ferretería / Ganchos,31162606,9.0,,400.0,0.0,CLP
3747-301-AG26,2026-09-29T16:48:47.097,Región del Ñuble,JAIME ENRIQUE CHÁVEZ TRONCOSO,Siliconas,SILICONA PINTABLE.,Productos químicos industriales / Compuestos y mezclas / Compuestos inorgánicos,12352310,1.0,,890.0,0.0,CLP
3747-301-AG26,2026-09-29T16:48:47.097,Región del Ñuble,JAIME ENRIQUE CHÁVEZ TRONCOSO,Siliconas,SILICONA ALTA TEMPERATURA.,Productos químicos industriales / Compuestos y mezclas / Compuestos inorgánicos,12352310,1.0,,2000.0,0.0,CLP
3747-301-AG26,2026-09-29T16:48:47.097,Región del Ñuble,JAIME ENRIQUE CHÁVEZ TRONCOSO,Tubería de plástico,"TUBO PVC DE 75MM, DE 6 METROS DE LARGO.","Equipamiento para el acondicionamiento, distribución y filtrado de fluidos / Control y distribución de líquidos y gases / Tuberías",40142115,1.0,,5100.0,0.0,CLP
3747-301-AG26,2026-09-29T16:48:47.097,Región del Ñuble,JAIME ENRIQUE CHÁVEZ TRONCOSO,Clavo-tornillo,"TORNILLOS VULCA DE 3"" 5/8 (100 UNIDADES).",Artículos de fabricación y producción / Artículos de ferretería / Tornillos,31161503,1.0,,480.0,0.0,CLP
3747-301-AG26,2026-09-29T16:48:47.097,Región del Ñuble,JAIME ENRIQUE CHÁVEZ TRONCOSO,Pernos de anclaje,PERNOS DE ANCLAJE METÁLICOS PARA TAZA DE BAÑO WC.,Artículos de fabricación y producción / Artículos de ferretería / Pernos,31161601,2.0,,660.0,0.0,CLP
3747-301-AG26,2026-09-29T16:48:47.097,Región del Ñuble,JAIME ENRIQUE CHÁVEZ TRONCOSO,Clavo-tornillo,TARUGOS PUNTA CRUZ 8 X 100 MM (100 UNIDADES).,Artículos de fabricación y producción / Artículos de ferretería / Tornillos,31161503,1.0,,1000.0,0.0,CLP
3747-301-AG26,2026-09-29T16:48:47.097,Región del Ñuble,JAIME ENRIQUE CHÁVEZ TRONCOSO,Clavo-tornillo,TARUGOS PUNTA CRUZ 8 X 100 MM (100 UNIDADES).,Artículos de fabricación y producción / Artículos de ferretería / Tornillos,31161503,1.0,,2150.0,0.0,CLP
3747-301-AG26,2026-09-29T16:48:47.097,Región del Ñuble,JAIME ENRIQUE CHÁVEZ TRONCOSO,Siliconas,SILICONA SELLADOR POLIURETANO GRIS 300 ML.,Productos químicos industriales / Compuestos y mezclas / Compuestos inorgánicos,12352310,5.0,,2990.0,0.0,CLP
3747-301-AG26,2026-09-29T16:48:47.097,Región del Ñuble,JAIME ENRIQUE CHÁVEZ TRONCOSO,Accesorios eléctricos,"CAJAS CHUQUI UNIVERSAL SOBRE PUESTA, SIMILAR A LEGRAND.",Artículos eléctricos y de iluminación / Equipamiento y artículos eléctricos / Cajas y accesorios eléctricos,39121311,6.0,,600.0,0.0,CLP
3747-301-AG26,2026-09-29T16:48:47.097,Región del Ñuble,JAIME ENRIQUE CHÁVEZ TRONCOSO,Sifones en P,SIFÓN LAVAPLATOS 40 MM.,"Equipamiento para el acondicionamiento, distribución y filtrado de fluidos / Control y distribución de líquidos y gases / Materiales y accesorios de gasfitería",40141716,1.0,,3100.0,0.0,CLP
3747-301-AG26,2026-09-29T16:48:47.097,Región del Ñuble,JAIME ENRIQUE CHÁVEZ TRONCOSO,Grifos,"LLAVE DE PASO COBRE S-S DE 1/2"".","Equipamiento para el acondicionamiento, distribución y filtrado de fluidos / Control y distribución de líquidos y gases / Materiales y accesorios de gasfitería",40141702,1.0,,2100.0,0.0,CLP
3747-301-AG26,2026-09-29T16:48:47.097,Región del Ñuble,JAIME ENRIQUE CHÁVEZ TRONCOSO,Tubería de cobre,CODOS DE COBRE S-S.,"Artículos de fabricación y producción / Materia prima en planchas, barras o tubos / Tubos y cañerías",31231302,2.0,,570.0,0.0,CLP
3747-301-AG26,2026-09-29T16:48:47.097,Región del Ñuble,JAIME ENRIQUE CHÁVEZ TRONCOSO,Butano,GAS BUTANO.,"Combustibles, lubricantes y anticorrosivos / Combustibles gaseosos y aditivos / Combustibles gaseosos",15111505,1.0,,1300.0,0.0,CLP
3747-301-AG26,2026-09-29T16:48:47.097,Región del Ñuble,JAIME ENRIQUE CHÁVEZ TRONCOSO,Pinturas en aerosol,"PINTURA EN SPRAY, COLOR GRIS DE 400 ML.","Artículos de fabricación y producción / Pinturas, diluyentes y accesorios para pintado / Pinturas",31211507,1.0,,1600.0,0.0,CLP
3747-301-AG26,2026-09-29T16:48:47.097,Región del Ñuble,JAIME ENRIQUE CHÁVEZ TRONCOSO,Ruedas,"RUEDAS METÁLICAS DE 100 MM, CON PERNO PASADO PARA SOPORTE DE PORTÓN EN RIEL DE SUELO.",Artículos de fabricación y producción / Artículos de ferretería / Accesorios para rodados,31162702,2.0,,7200.0,0.0,CLP
3747-301-AG26,2026-09-29T16:48:47.097,Región del Ñuble,JAIME ENRIQUE CHÁVEZ TRONCOSO,Enchufes eléctricos,ENCHUFES EMBUTIDOS TRIPLE.,"Artículos eléctricos y de iluminación / Equipamiento y artículos eléctricos / Conectores, enchufes y terminales",39121402,8.0,,2665.0,0.0,CLP
3747-301-AG26,2026-09-29T16:48:47.097,Región del Ñuble,JAIME ENRIQUE CHÁVEZ TRONCOSO,Conductos flexibles,"FLEXIBLE HI-HI 1/2"" X 50 CMS.","Equipamiento para el acondicionamiento, distribución y filtrado de fluidos / Control y distribución de líquidos y gases / Cañerías y flexibles",40141901,1.0,,1300.0,0.0,CLP
3747-301-AG26,2026-09-29T16:48:47.097,Región del Ñuble,JAIME ENRIQUE CHÁVEZ TRONCOSO,Grifos,LLAVE DE PASO EN BROCE A SOLDAR.,"Equipamiento para el acondicionamiento, distribución y filtrado de fluidos / Control y distribución de líquidos y gases / Materiales y accesorios de gasfitería",40141702,1.0,,2100.0,0.0,CLP
3747-301-AG26,2026-09-29T16:48:47.097,Región del Ñuble,JAIME ENRIQUE CHÁVEZ TRONCOSO,Tubería de bronce,"TERMINAL BRONCE A SOLDAR, HE 1/2"".","Artículos de fabricación y producción / Materia prima en planchas, barras o tubos / Tubos y cañerías",31231308,1.0,,630.0,0.0,CLP
3747-301-AG26,2026-09-29T16:48:47.097,Región del Ñuble,JAIME ENRIQUE CHÁVEZ TRONCOSO,Grifos,LLAVE PARA LAVAPLATO MONOMANDO DE 1/2 CUELLO CISNE.,"Equipamiento para el acondicionamiento, distribución y filtrado de fluidos / Control y distribución de líquidos y gases / Materiales y accesorios de gasfitería",40141702,1.0,,6500.0,0.0,CLP
3747-301-AG26,2026-09-29T16:48:47.097,Región del Ñuble,JAIME ENRIQUE CHÁVEZ TRONCOSO,Desagües,DESAGUE PARA LAVAFONDO DE 114 MM DIAMETRO.,"Equipamiento para el acondicionamiento, distribución y filtrado de fluidos / Control y distribución de líquidos y gases / Materiales y accesorios de gasfitería",40141701,1.0,,12500.0,0.0,CLP
3747-301-AG26,2026-09-29T16:48:47.097,Región del Ñuble,JAIME ENRIQUE CHÁVEZ TRONCOSO,Sifones en P,SIFÓN PARA LAVAPLATOS DE 50 MM.,"Equipamiento para el acondicionamiento, distribución y filtrado de fluidos / Control y distribución de líquidos y gases / Materiales y accesorios de gasfitería",40141716,1.0,,3100.0,0.0,CLP
3747-301-AG26,2026-09-29T16:48:47.097,Región del Ñuble,JAIME ENRIQUE CHÁVEZ TRONCOSO,Tubería de plástico,CODO SANITARIO DE 50 MM.,"Artículos de fabricación y producción / Materia prima en planchas, barras o tubos / Tubos y cañerías",31231313,1.0,,270.0,0.0,CLP
3747-301-AG26,2026-09-29T16:48:47.097,Región del Ñuble,JAIME ENRIQUE CHÁVEZ TRONCOSO,Tubería de plástico,TUBO SANITARIO DE 50 MM X 3 MTS.,"Artículos de fabricación y producción / Materia prima en planchas, barras o tubos / Tubos y cañerías",31231313,1.0,,4100.0,0.0,CLP
3747-301-AG26,2026-09-29T16:48:47.097,Región del Ñuble,JAIME ENRIQUE CHÁVEZ TRONCOSO,Enchufes eléctricos,ENCHUFE DOBLE EMBUTIDO.,"Artículos eléctricos y de iluminación / Equipamiento y artículos eléctricos / Conectores, enchufes y terminales",39121402,1.0,,1850.0,0.0,CLP
3747-301-AG26,2026-09-29T16:48:47.097,Región del Ñuble,JAIME ENRIQUE CHÁVEZ TRONCOSO,Enchufes eléctricos,ENCHUFE SIMPLE EMBUTIDO.,"Artículos eléctricos y de iluminación / Equipamiento y artículos eléctricos / Conectores, enchufes y terminales",39121402,1.0,,1170.0,0.0,CLP
3747-301-AG26,2026-09-29T16:48:47.097,Región del Ñuble,JAIME ENRIQUE CHÁVEZ TRONCOSO,Interruptores automáticos por caída de presión,INTERRUPTOR AUTOMÁTICO TRIFÁSICO DE 32A.,"Artículos eléctricos y de iluminación / Equipamiento y artículos eléctricos / Interruptores, controles y releés",39121506,1.0,,12500.0,0.0,CLP
3747-301-AG26,2026-09-29T16:48:47.097,Región del Ñuble,JAIME ENRIQUE CHÁVEZ TRONCOSO,Focos cialiticos,"FOCOS LED DE FORMA CICULAR TIPO SOBRE PUESTO 24W 17 CMS DIAMETRO TOTAL, SIMILAR A EMRAN, MODELO 24 W 6500K AC 160-265V 50/60HZ 2025.0","Artículos eléctricos y de iluminación / Artículos de iluminación / Ampolletas, focos y lámparas",39101608,4.0,,5300.0,0.0,CLP
3747-301-AG26,2026-09-29T16:48:47.097,Región del Ñuble,JAIME ENRIQUE CHÁVEZ TRONCOSO,Cinta autoadhesiva aislante eléctrica,CINTA DE GOMA AISLANTE.,Artículos de fabricación y producción / Cintas adhesivas y selladores / Cinta adhesiva,31201502,1.0,,930.0,0.0,CLP
3747-301-AG26,2026-09-29T16:48:47.097,Región del Ñuble,JAIME ENRIQUE CHÁVEZ TRONCOSO,Grifos,"LLAVE DE JARDIN 1/2"" BRONCE SISTEMA DE CIERRE DE VÁSTAGO.","Equipamiento para el acondicionamiento, distribución y filtrado de fluidos / Control y distribución de líquidos y gases / Materiales y accesorios de gasfitería",40141702,1.0,,2100.0,0.0,CLP
3747-301-AG26,2026-09-29T16:48:47.097,Región del Ñuble,JAIME ENRIQUE CHÁVEZ TRONCOSO,Adaptadores de tubo,ADAPTADOR REDUCTOR BUSHUING HE 3/4 A HI 1/2.,"Equipamiento para el acondicionamiento, distribución y filtrado de fluidos / Control y distribución de líquidos y gases / Conexiones para tuberías",40142612,1.0,,405.0,0.0,CLP
3747-301-AG26,2026-09-29T16:48:47.097,Región del Ñuble,JAIME ENRIQUE CHÁVEZ TRONCOSO,Focos cialiticos,FOCOS LED CUADRADOS SOBREPUESTO 24W 6000K DE 25X25 CM.,"Artículos eléctricos y de iluminación / Artículos de iluminación / Ampolletas, focos y lámparas",39101608,10.0,,5300.0,0.0,CLP
3747-301-AG26,2026-09-29T16:48:47.097,Región del Ñuble,JAIME ENRIQUE CHÁVEZ TRONCOSO,ampolletas fluorescentes,AMPOLLETAS DE LUZ FRÍA LED 9.5W,"Artículos eléctricos y de iluminación / Artículos de iluminación / Ampolletas, focos y lámparas",39101605,5.0,,800.0,0.0,CLP
3747-301-AG26,2026-09-29T16:48:47.097,Región del Ñuble,JAIME ENRIQUE CHÁVEZ TRONCOSO,Tubos fluorescentes,TUBOS LED 18W T8 120 CM.,Artículos eléctricos y de iluminación / Artículos de iluminación / Tubos fluorescentes,39101701,25.0,,1300.0,0.0,CLP
3747-301-AG26,2026-09-29T16:48:47.097,Región del Ñuble,JAIME ENRIQUE CHÁVEZ TRONCOSO,Pinturas de látex,PINTURA BLANCA LÁTEX ACRÍLICA ANTI HONGOS.,"Artículos de fabricación y producción / Pinturas, diluyentes y accesorios para pintado / Pinturas",31211506,1.0,,44500.0,0.0,CLP
3747-301-AG26,2026-09-29T16:48:47.097,Región del Ñuble,JAIME ENRIQUE CHÁVEZ TRONCOSO,Juegos de cerraduras,CERRADURA DE POMO CON LLAVE PARA EXTERIOR,"Equipos y suministros de defensa, orden público, protección y seguridad / Seguridad, vigilancia y detección / Cerraduras, elementos de seguridad y accesorios",46171503,1.0,,6800.0,0.0,CLP
3747-301-AG26,2026-09-29T16:48:47.097,Región del Ñuble,JAIME ENRIQUE CHÁVEZ TRONCOSO,Candados,"ALDABAS 1"" PARA MUEBLES DE MELAMINA.","Equipos y suministros de defensa, orden público, protección y seguridad / Seguridad, vigilancia y detección / Cerraduras, elementos de seguridad y accesorios",46171501,10.0,,1300.0,0.0,CLP
3747-301-AG26,2026-09-29T16:48:47.097,Región del Ñuble,JAIME ENRIQUE CHÁVEZ TRONCOSO,Clavo-tornillo,"TORNILLO HEXAGONAL, PUNTA BROCA 3/4"" (100 UNIDADES C/U).",Artículos de fabricación y producción / Artículos de ferretería / Tornillos,31161503,2.0,,620.0,0.0,CLP
3747-301-AG26,2026-09-29T16:48:47.097,Región del Ñuble,JAIME ENRIQUE CHÁVEZ TRONCOSO,Discos abrasivos,"DISCOS DE CORTE 4 1/2"" DE 1MM ESPESOR PARA METAL.",Artículos de fabricación y producción / Materiales para prensar y abrasivos / Productos abrasivos,31191506,35.0,,390.0,0.0,CLP
3747-301-AG26,2026-09-29T16:48:47.097,Región del Ñuble,JAIME ENRIQUE CHÁVEZ TRONCOSO,Perfiles de acero,PERFIL METÁLICO 80/40/2MM.,"Artículos para estructuras, obras y construcciones / Materiales estructurales básicos / Perfiles",30102304,8.0,,15600.0,0.0,CLP
3747-301-AG26,2026-09-29T16:48:47.097,Región del Ñuble,JAIME ENRIQUE CHÁVEZ TRONCOSO,Perfiles de acero,PERFIL METÁLICO 50/30/2MM.,"Artículos para estructuras, obras y construcciones / Materiales estructurales básicos / Perfiles",30102304,30.0,,10500.0,0.0,CLP
3747-301-AG26,2026-09-29T16:48:47.097,Región del Ñuble,JAIME ENRIQUE CHÁVEZ TRONCOSO,Electrodos para soldar,"ELECTRODOS SOLDADURAS E6011 3.25MM (1/8"").",Maquinaria para fabricación y transformación industrial / Maquinaria y suministros para talleres / Maquinaria para soldadura directa o indirecta,23171515,5.0,,2200.0,0.0,CLP
3747-301-AG26,2026-09-29T16:48:47.097,Región del Ñuble,JAIME ENRIQUE CHÁVEZ TRONCOSO,Clavo-tornillo,TARUGOS DE 6 MM (100 UNIDADES).,Artículos de fabricación y producción / Artículos de ferretería / Tornillos,31161503,1.0,,500.0,0.0,CLP
3747-301-AG26,2026-09-29T16:48:47.097,Región del Ñuble,JAIME ENRIQUE CHÁVEZ TRONCOSO,Clavo-tornillo,TORNILLO AGLOMERADO 3.5 X 15MM (100 UNIDADES C/U).,Artículos de fabricación y producción / Artículos de ferretería / Tornillos,31161503,2.0,,380.0,0.0,CLP
3747-301-AG26,2026-09-29T16:48:47.097,Región del Ñuble,JAIME ENRIQUE CHÁVEZ TRONCOSO,Juegos de cerraduras,BISAGRAS RECTAS 35 MM CIERRE SUAVE.,"Equipos y suministros de defensa, orden público, protección y seguridad / Seguridad, vigilancia y detección / Cerraduras, elementos de seguridad y accesorios",46171503,20.0,,799.0,0.0,CLP
3747-301-AG26,2026-09-29T16:48:47.097,Región del Ñuble,JAIME ENRIQUE CHÁVEZ TRONCOSO,Discos abrasivos,DISCO DE CORTE MADERA CARBIDE MULTI-WHEEL 115MM.,Artículos de fabricación y producción / Materiales para prensar y abrasivos / Productos abrasivos,31191506,2.0,,3600.0,0.0,CLP
3747-301-AG26,2026-09-29T16:48:47.097,Región del Ñuble,JAIME ENRIQUE CHÁVEZ TRONCOSO,Pernos de cabeza hexagonal,PERNO HEXAGONAL GRADO 2 HILO COMPLETO 1/4 X 2 NEGRO.,Artículos de fabricación y producción / Artículos de ferretería / Pernos,31161620,10.0,,60.0,0.0,CLP
3747-301-AG26,2026-09-29T16:48:47.097,Región del Ñuble,JAIME ENRIQUE CHÁVEZ TRONCOSO,Golillas de fijación,"GOLILLA PRESIÓN 1/4"".",Artículos de fabricación y producción / Artículos de ferretería / Golillas,31161803,20.0,,20.0,0.0,CLP
3747-301-AG26,2026-09-29T16:48:47.097,Región del Ñuble,JAIME ENRIQUE CHÁVEZ TRONCOSO,Tubos fluorescentes,TUBOS LED PLANO DE 36W.,Artículos eléctricos y de iluminación / Artículos de iluminación / Tubos fluorescentes,39101701,6.0,,2900.0,0.0,CLP
2281-1348-AG26,2026-10-01T09:36:20.063,Región de Los Ríos,COMERCIALIZADORA FCC SPA,Guantes protectores,GUANTE CABRETILLA CORTO sin forro,"Equipos y suministros de defensa, orden público, protección y seguridad / Seguridad y protección personal / Ropa protectora de seguridad contra materias peligrosas",46181504,30.0,,1285.0,0.0,CLP
2281-1348-AG26,2026-10-01T09:36:20.063,Región de Los Ríos,COMERCIALIZADORA FCC SPA,Cintas de seguridad,CINTA PELIGRO - Rollo 350 mt,Equipamiento para laboratorios / Suministros para laboratorios / Etiquetas de laboratorio,41122703,5.0,,4990.0,0.0,CLP
2281-1348-AG26,2026-10-01T09:36:20.063,Región de Los Ríos,COMERCIALIZADORA FCC SPA,Cemento,CEMENTO ( 25 kgs. ),"Artículos para estructuras, obras y construcciones / Hormigón, cemento y yeso / Cemento y cal",30111601,70.0,,4277.0,0.0,CLP
2281-1348-AG26,2026-10-01T09:36:20.063,Región de Los Ríos,COMERCIALIZADORA FCC SPA,Adhesivos líquidos,"Sika 3 bidón 4,5L",Artículos de fabricación y producción / Cintas adhesivas y selladores / Adhesivos y selladores,31201616,10.0,,12500.0,0.0,CLP
2281-1348-AG26,2026-10-01T09:36:20.063,Región de Los Ríos,COMERCIALIZADORA FCC SPA,Tubería de bronce,Tee bronce 3/4,"Artículos de fabricación y producción / Materia prima en planchas, barras o tubos / Tubos y cañerías",31231308,5.0,,2650.0,0.0,CLP
2281-1348-AG26,2026-10-01T09:36:20.063,Región de Los Ríos,COMERCIALIZADORA FCC SPA,Tubería de bronce,Tee bronce 1/2,"Artículos de fabricación y producción / Materia prima en planchas, barras o tubos / Tubos y cañerías",31231308,5.0,,1080.0,0.0,CLP
2281-1348-AG26,2026-10-01T09:36:20.063,Región de Los Ríos,COMERCIALIZADORA FCC SPA,Cubiertas de tornillos,"Tapa tornillo pvc presión he 1/2""",Artículos de fabricación y producción / Artículos de ferretería / Accesorios varios,31162806,10.0,,190.0,0.0,CLP
2281-1348-AG26,2026-10-01T09:36:20.063,Región de Los Ríos,COMERCIALIZADORA FCC SPA,Cubiertas de tornillos,"Tapa gorro presión 1/2"" pvc blanco",Artículos de fabricación y producción / Artículos de ferretería / Accesorios varios,31162806,10.0,,120.0,0.0,CLP
2281-1348-AG26,2026-10-01T09:36:20.063,Región de Los Ríos,COMERCIALIZADORA FCC SPA,Llaves,"llave jardín br 1/2""","Equipos y suministros de defensa, orden público, protección y seguridad / Seguridad, vigilancia y detección / Cerraduras, elementos de seguridad y accesorios",46171505,5.0,,3450.0,0.0,CLP
2281-1348-AG26,2026-10-01T09:36:20.063,Región de Los Ríos,COMERCIALIZADORA FCC SPA,Llaves,Llave lavatorio igual o similar a wander/volk,"Equipos y suministros de defensa, orden público, protección y seguridad / Seguridad, vigilancia y detección / Cerraduras, elementos de seguridad y accesorios",46171505,5.0,,6500.0,0.0,CLP
2281-1348-AG26,2026-10-01T09:36:20.063,Región de Los Ríos,COMERCIALIZADORA FCC SPA,Conexiones flexibles,Flexible 1/2 35 cm,"Artículos eléctricos y de iluminación / Equipamiento y artículos eléctricos / Conectores, enchufes y terminales",39121419,5.0,,2100.0,0.0,CLP
2281-1348-AG26,2026-10-01T09:36:20.063,Región de Los Ríos,COMERCIALIZADORA FCC SPA,Piezas de bronce fundidas a presión,Copla bronce 3/4,Artículos de fabricación y producción / Piezas de fundición / Piezas fundidas a presión,31101516,5.0,,1250.0,0.0,CLP
2281-1348-AG26,2026-10-01T09:36:20.063,Región de Los Ríos,COMERCIALIZADORA FCC SPA,Piezas de bronce fundidas a presión,Copla bronce 1/2,Artículos de fabricación y producción / Piezas de fundición / Piezas fundidas a presión,31101516,5.0,,580.0,0.0,CLP
2281-1348-AG26,2026-10-01T09:36:20.063,Región de Los Ríos,COMERCIALIZADORA FCC SPA,Piezas de bronce fundidas a presión,"Codo de bronce 1/2""",Artículos de fabricación y producción / Piezas de fundición / Piezas fundidas a presión,31101516,5.0,,748.0,0.0,CLP
2281-1348-AG26,2026-10-01T09:36:20.063,Región de Los Ríos,COMERCIALIZADORA FCC SPA,Piezas de bronce fundidas a presión,Codo bronce 3/4,Artículos de fabricación y producción / Piezas de fundición / Piezas fundidas a presión,31101516,5.0,,1750.0,0.0,CLP
2281-1348-AG26,2026-10-01T09:36:20.063,Región de Los Ríos,COMERCIALIZADORA FCC SPA,Piezas de bronce fundidas a presión,Teflón maestro 3/4,Artículos de fabricación y producción / Piezas de fundición / Piezas fundidas a presión,31101516,5.0,,800.0,0.0,CLP
2281-1348-AG26,2026-10-01T09:36:20.063,Región de Los Ríos,COMERCIALIZADORA FCC SPA,Cargas simuladas,CILINDRO C/ GAS 190 grs (Desechable),Artículos de electrónica / Circuitos electrónicos / Conjuntos de circuitos y componentes de radiofrecuencia (RF),32101520,10.0,,1450.0,0.0,CLP
2281-1348-AG26,2026-10-01T09:36:20.063,Región de Los Ríos,COMERCIALIZADORA FCC SPA,Piezas de bronce fundidas a presión,cañería cobre L 1/2 metro,Artículos de fabricación y producción / Piezas de fundición / Piezas fundidas a presión,31101516,2.0,,7471.0,0.0,CLP
2287-755-AG26,2026-09-30T15:28:45.48,Región Metropolitana de Santiago,SERVICIOS TU CANCHA DE ARCILLA SPA,Ladrillos de cerámica,Ladrillo Molido color rojo 25 kg cada saco.,"Artículos para estructuras, obras y construcciones / Productos de construcción estructurales / Ladrillos",30131602,200.0,,8000.0,0.0,CLP
2287-755-AG26,2026-09-30T15:28:45.48,Región Metropolitana de Santiago,SERVICIOS TU CANCHA DE ARCILLA SPA,Astillas de madera,"Mulch decorativo negro saco de 50 litros cada saco.
","Productos derivados de minerales, plantas y animales / Productos no comestibles de origen vegetal / Subproductos de silvicultura",11121702,30.0,,7500.0,0.0,CLP
2287-755-AG26,2026-09-30T15:28:45.48,Región Metropolitana de Santiago,SERVICIOS TU CANCHA DE ARCILLA SPA,Astillas de madera,Mulch decorativo café saco 50 lts cada saco.,"Productos derivados de minerales, plantas y animales / Productos no comestibles de origen vegetal / Subproductos de silvicultura",11121702,235.0,,7500.0,0.0,CLP
2306-850-SE26,2026-09-30T08:26:34.92,Región de los Lagos,ROLANDO RODRIGO BAEZ LÓPEZ,"Supervisión de instalación, ajuste o mantenimiento","G.14	MANTENCION DE CALDERA PETROLEO
","Servicios de construcción y mantenimiento / Servicios de atención, mantenimiento y reparaciones de edificios / Gasfitería, calefacción y aire acondicionado",72102301,1.0,,120000.0,120000.0,CLP
2306-850-SE26,2026-09-30T08:26:34.92,Región de los Lagos,ROLANDO RODRIGO BAEZ LÓPEZ,"Supervisión de instalación, ajuste o mantenimiento","G.18	DESPICHE DE SISTEMA DE CALEFACCION
","Servicios de construcción y mantenimiento / Servicios de atención, mantenimiento y reparaciones de edificios / Gasfitería, calefacción y aire acondicionado",72102301,1.0,,30000.0,30000.0,CLP
2306-850-SE26,2026-09-30T08:26:34.92,Región de los Lagos,ROLANDO RODRIGO BAEZ LÓPEZ,"Supervisión de instalación, ajuste o mantenimiento","G.19	PUESTA EN MARCHA DE SISTEMA DE CALEFACCION
","Servicios de construcción y mantenimiento / Servicios de atención, mantenimiento y reparaciones de edificios / Gasfitería, calefacción y aire acondicionado",72102301,1.0,,90000.0,90000.0,CLP
2673-172-SE26,2026-10-01T15:55:23.61,Región Metropolitana de Santiago,COMERCIAL Y CONSTRUCTORA EDUARDO HERRADA CATALAN E.I.R.L.,Grava,LÍNEA 9 – ÁRIDOS,"Productos derivados de minerales, plantas y animales / Tierra y piedra / Piedras",11111611,8.0,,30000.0,240000.0,CLP
2673-172-SE26,2026-10-01T15:55:23.61,Región Metropolitana de Santiago,COMERCIAL Y CONSTRUCTORA EDUARDO HERRADA CATALAN E.I.R.L.,Grava,LÍNEA 9 – ÁRIDOS,"Productos derivados de minerales, plantas y animales / Tierra y piedra / Piedras",11111611,5.0,,25000.0,125000.0,CLP
2735-1221-AG26,2026-09-23T15:47:44.813,Región Metropolitana de Santiago,KALIDENT LIMITADA,Cuñas o sets odontológicos,"CEMENTO AUTOADHESIVO DE RESINA AUTOADHESIVO DE RESINA RELYX U200 AUTOMIX marca o similar a 3M, PRESENTACIÓN CLICKER 8,5 GRS TRANSLUCIDO #11134#UNIDAD	Cemento dental de resina autoadhesivo y de curado ",Equipamiento y suministros médicos / Equipos y suministros odontológicos / Instrumentos y dispositivos dentales y de sub-especialidad,42151663,5.0,,97100.0,0.0,CLP
2735-1221-AG26,2026-09-23T15:47:44.813,Región Metropolitana de Santiago,KALIDENT LIMITADA,Deshidratantes odontológicos,"JERINGAS ACIDO ORTOFOSFORICO AL 37.5% #11446#	Jeringa de ácido ortofosfórico al 37,5%. Jeringa con gel de ácido ortofofórico al 37,5%, color purpura y de fácil enjuague.	JERINGA 3 grs	300 JERINGA. OFE",Equipamiento y suministros médicos / Equipos y suministros odontológicos / Instrumentos y dispositivos dentales y de sub-especialidad,42151669,300.0,,2000.0,0.0,CLP
2735-1221-AG26,2026-09-23T15:47:44.813,Región Metropolitana de Santiago,KALIDENT LIMITADA,Electrodos o recambios de anestesia odontológica,"IONOMERO DE VIDRIO RESTAURACIÓN DE TRIPLE CURADO Y COLOCACION EN BLOQUE KIT 5 GR BOTELLA EN POLVO 2.5 ML DE LIQUIDO, 2 ML DE LIQUIDO GLASEADOR PARA TERMINADO PUNTAS APLICADORS CON PISTONES, CUCHARA, B",Equipamiento y suministros médicos / Equipos y suministros odontológicos / Instrumentos y dispositivos dentales y de sub-especialidad,42151662,3.0,,62000.0,0.0,CLP
2735-1221-AG26,2026-09-23T15:47:44.813,Región Metropolitana de Santiago,KALIDENT LIMITADA,Estuches enrollables para instrumentos o accesorios odontológicos,"CLORURO DE ALUMINIO AL 25 % JERINGÓN DE 30ML. TIPO VISCOSTAT CLEAR, marca o similar a ULTRADENT #11284# 	Gel hemostático de uso odontológico, formulado en base a cloruro de aluminio al 25 %.
Presentac",Equipamiento y suministros médicos / Equipos y suministros odontológicos / Instrumentos y dispositivos dentales y de sub-especialidad,42151668,7.0,,48900.0,0.0,CLP
2992-429-SE26,2026-10-01T10:42:35.307,Región de Coquimbo,Sociedad Comercial Don Oscar Y Cía Ltda,Perfiles de montaje,Monomando Lavoratorio  metálico item 14.119,Artículos de fabricación y producción / Artículos de ferretería / Accesorios de Ferretería,31162301,8.0,,19560.0,156480.0,CLP
2992-429-SE26,2026-10-01T10:42:35.307,Región de Coquimbo,Sociedad Comercial Don Oscar Y Cía Ltda,Perfiles de montaje,Sellador elástico tipo Sikaflex cartucho de 310 ml Item 4.12,Artículos de fabricación y producción / Artículos de ferretería / Accesorios de Ferretería,31162301,4.0,,12849.0,51396.0,CLP
3375-90-AG26,2026-09-30T15:19:45.79,Región Metropolitana de Santiago,J RAVERA Y COMPANIA LIMITADA,Clavos de acabado,CLAVO CONFORME A ESPECIFICACIONES TÉCNICAS ADJUNTAS,Artículos de fabricación y producción / Artículos de ferretería / Clavos,31162003,10.0,,4046.0,0.0,CLP
3375-90-AG26,2026-09-30T15:19:45.79,Región Metropolitana de Santiago,J RAVERA Y COMPANIA LIMITADA,Anclajes de expansión de clavo,TARUGO CONFORME A ESPECIFICACIONES TÉCNICAS ADJUNTAS,Artículos de fabricación y producción / Artículos de ferretería / Anclajes,31162107,2.0,,1664.0,0.0,CLP
3375-90-AG26,2026-09-30T15:19:45.79,Región Metropolitana de Santiago,J RAVERA Y COMPANIA LIMITADA,Vigas de madera,MADERA DE PINO CEPILLADA DIMANSIONADA CONFORME A ESPECIFICACIONES TÉCNICAS ADJUNTAS,"Artículos para estructuras, obras y construcciones / Materiales estructurales básicos / Productos estructurales",30103601,315.0,,1369.0,0.0,CLP
3375-90-AG26,2026-09-30T15:19:45.79,Región Metropolitana de Santiago,J RAVERA Y COMPANIA LIMITADA,Gomas,NARIZ DE GRADA CONFORME A ESPECIFICACIONES TÉCNICAS ADJUNTAS,Artículos de fabricación y producción / Cintas adhesivas y selladores / Adhesivos y selladores,31201603,48.0,,8362.0,0.0,CLP
3375-90-AG26,2026-09-30T15:19:45.79,Región Metropolitana de Santiago,J RAVERA Y COMPANIA LIMITADA,Anclajes de expansión de clavo,TARUGO CONFORME A ESPECIFICACIONES TÉCNICAS ADJUNTAS,Artículos de fabricación y producción / Artículos de ferretería / Anclajes,31162107,6.0,,4160.0,0.0,CLP
3508-963-AG26,2026-09-30T10:54:34.037,Región de los Lagos,WALDO MARIO ÁLVAREZ PÉREZ,Clavos de acabado,"clavos 3""",Artículos de fabricación y producción / Artículos de ferretería / Clavos,31162003,2.0,,2261.0,0.0,CLP
3508-963-AG26,2026-09-30T10:54:34.037,Región de los Lagos,WALDO MARIO ÁLVAREZ PÉREZ,Clavos de acabado,"clavos 4""",Artículos de fabricación y producción / Artículos de ferretería / Clavos,31162003,2.0,,2261.0,0.0,CLP
3508-963-AG26,2026-09-30T10:54:34.037,Región de los Lagos,WALDO MARIO ÁLVAREZ PÉREZ,Maderas duras,"estacones pino impregnado sin punta 3-4"" x 2.4 mts","Productos derivados de minerales, plantas y animales / Productos no comestibles de origen vegetal / Madera",11121610,6.0,,2933.0,0.0,CLP
3508-963-AG26,2026-09-30T10:54:34.037,Región de los Lagos,WALDO MARIO ÁLVAREZ PÉREZ,Maderas duras,madera pino 2x3 x 3.2 mts,"Productos derivados de minerales, plantas y animales / Productos no comestibles de origen vegetal / Madera",11121610,4.0,,2429.0,0.0,CLP
3508-963-AG26,2026-09-30T10:54:34.037,Región de los Lagos,WALDO MARIO ÁLVAREZ PÉREZ,Maderas duras,madera pino 1x8 x 3.2 mts,"Productos derivados de minerales, plantas y animales / Productos no comestibles de origen vegetal / Madera",11121610,3.0,,4193.0,0.0,CLP
3508-963-AG26,2026-09-30T10:54:34.037,Región de los Lagos,WALDO MARIO ÁLVAREZ PÉREZ,Maderas duras,madera pino 1x6 x 3.2 mts,"Productos derivados de minerales, plantas y animales / Productos no comestibles de origen vegetal / Madera",11121610,3.0,,2933.0,0.0,CLP
3508-963-AG26,2026-09-30T10:54:34.037,Región de los Lagos,WALDO MARIO ÁLVAREZ PÉREZ,Mangueras para agua,"manguera riego reforzada 50 mts de 1/2""","Equipamiento para el acondicionamiento, distribución y filtrado de fluidos / Control y distribución de líquidos y gases / Mangueras",40142008,1.0,,39900.0,0.0,CLP
3508-963-AG26,2026-09-30T10:54:34.037,Región de los Lagos,WALDO MARIO ÁLVAREZ PÉREZ,Mangueras para agua,piton riego regulable,"Equipamiento para el acondicionamiento, distribución y filtrado de fluidos / Control y distribución de líquidos y gases / Mangueras",40142008,1.0,,1672.0,0.0,CLP
3508-963-AG26,2026-09-30T10:54:34.037,Región de los Lagos,WALDO MARIO ÁLVAREZ PÉREZ,Mangueras para agua,"conector manguera riego 1/2""","Equipamiento para el acondicionamiento, distribución y filtrado de fluidos / Control y distribución de líquidos y gases / Mangueras",40142008,1.0,,832.0,0.0,CLP
3508-963-AG26,2026-09-30T10:54:34.037,Región de los Lagos,WALDO MARIO ÁLVAREZ PÉREZ,Mangueras para agua,"conector a llave 1/2""","Equipamiento para el acondicionamiento, distribución y filtrado de fluidos / Control y distribución de líquidos y gases / Mangueras",40142008,1.0,,832.0,0.0,CLP
3508-963-AG26,2026-09-30T10:54:34.037,Región de los Lagos,WALDO MARIO ÁLVAREZ PÉREZ,Abono fosfático,fertilizante guano rojo orgánico saco de 25 kg,Artículos para plantas y animales / Abonos y herbicidas / Abonos químicos,10171603,8.0,,8815.0,0.0,CLP
3508-963-AG26,2026-09-30T10:54:34.037,Región de los Lagos,WALDO MARIO ÁLVAREZ PÉREZ,Abono fosfático,cal carbonato de cal conchilla  de 25 kg,Artículos para plantas y animales / Abonos y herbicidas / Abonos químicos,10171603,8.0,,2933.0,0.0,CLP
522-188-AG26,2026-09-29T17:20:31.957,Región del Libertador General Bernardo O´Higgins,CRISTOPHER CAMILO VÁSQUEZ ESPINOZA,Revestimientos de pavimento de hormigón,"Loza de hormigón ( radier), hormigón premezclado G25 o equivalente, espesor mínimo de la losa 10 cms., sujeto a las condiciones del terreno y características del proyecto, base granular estabilizada y",Maquinaria para construcción y edificación / Maquinaria pesada de construcción / Equipos de pavimentación,22101614,1.0,,1380000.0,0.0,CLP
952946-190-AG26,2026-10-01T16:08:13.31,Región de Los Ríos,ENKI  SPA,Taza de WC,ONE PIECE ELONGADO,"Artículos para estructuras, obras y construcciones / Artefactos sanitarios / Loza sanitaria",30181505,1.0,,140000.0,0.0,CLP
952946-190-AG26,2026-10-01T16:08:13.31,Región de Los Ríos,ENKI  SPA,Perfiles de montaje,FIERRO ANGULO 40X40X4MM BARRA,Artículos de fabricación y producción / Artículos de ferretería / Accesorios de Ferretería,31162301,2.0,,25000.0,0.0,CLP
952946-190-AG26,2026-10-01T16:08:13.31,Región de Los Ríos,ENKI  SPA,Latas de pintura o barniz,PINTURA SIMILAR A CERESTAIN P/MADERA CASTAÑO 1 GL.,Equipamiento para manejo y estiba de materiales / Materiales para envasado / Latas para envasado,24121802,1.0,,34000.0,0.0,CLP
952946-190-AG26,2026-10-01T16:08:13.31,Región de Los Ríos,ENKI  SPA,Manillas,MANILLA DANES NEGRA C/PLACA,"Equipos y suministros de defensa, orden público, protección y seguridad / Equipos para orden público / Equipo de seguridad y control",46151601,2.0,,5000.0,0.0,CLP
952946-190-AG26,2026-10-01T16:08:13.31,Región de Los Ríos,ENKI  SPA,Candados,CANDADO SIMILAR A OISTER PRO HOMBRO 60 MM,"Equipos y suministros de defensa, orden público, protección y seguridad / Seguridad, vigilancia y detección / Cerraduras, elementos de seguridad y accesorios",46171501,2.0,,9000.0,0.0,CLP
952946-190-AG26,2026-10-01T16:08:13.31,Región de Los Ríos,ENKI  SPA,Juegos de cerraduras,CERROJO FE NEGRO HERCULES 12,"Equipos y suministros de defensa, orden público, protección y seguridad / Seguridad, vigilancia y detección / Cerraduras, elementos de seguridad y accesorios",46171503,2.0,,13000.0,0.0,CLP
952946-190-AG26,2026-10-01T16:08:13.31,Región de Los Ríos,ENKI  SPA,Juegos de cerraduras,POMEL AC C/GOL 3/4X4 2 UNID,"Equipos y suministros de defensa, orden público, protección y seguridad / Seguridad, vigilancia y detección / Cerraduras, elementos de seguridad y accesorios",46171503,2.0,,1500.0,0.0,CLP
952946-190-AG26,2026-10-01T16:08:13.31,Región de Los Ríos,ENKI  SPA,Grapas,GRAPA GALVANIZADA 1 KG,"Equipos, accesorios y suministros de oficina / Suministros de oficina / Suministros de sujeción",44122107,2.0,,4500.0,0.0,CLP
952946-190-AG26,2026-10-01T16:08:13.31,Región de Los Ríos,ENKI  SPA,Perfiles de hierro,FIERRO A-63 8X8MM 6MT,"Artículos para estructuras, obras y construcciones / Materiales estructurales básicos / Perfiles",30102303,2.0,,2800.0,0.0,CLP
952946-190-AG26,2026-10-01T16:08:13.31,Región de Los Ríos,ENKI  SPA,Perfiles de hierro,FIERRO PLANO 20X5MM BARRA,"Artículos para estructuras, obras y construcciones / Materiales estructurales básicos / Perfiles",30102303,3.0,,6000.0,0.0,CLP
952946-190-AG26,2026-10-01T16:08:13.31,Región de Los Ríos,ENKI  SPA,Perfiles de hierro,"PERFIL CUADRADO 50X50X3,0MM","Artículos para estructuras, obras y construcciones / Materiales estructurales básicos / Perfiles",30102303,7.0,,25000.0,0.0,CLP
952946-190-AG26,2026-10-01T16:08:13.31,Región de Los Ríos,ENKI  SPA,Cremalleras,"CREMALLERA NYLON 1,0 MT P/PORTO","Ropa, maletas y productos de aseo personal / Suministros y accesorios de costura / Afianzadores de costura",53141503,2.0,,6000.0,0.0,CLP
952946-190-AG26,2026-10-01T16:08:13.31,Región de Los Ríos,ENKI  SPA,Centros de control de motor,KIT PORTON SIMILAR A VELOTI 1200 KG SPEED,Artículos eléctricos y de iluminación / Equipamiento y artículos eléctricos / Tableros y accesorios de control y distribución,39121104,1.0,,140000.0,0.0,CLP
952946-190-AG26,2026-10-01T16:08:13.31,Región de Los Ríos,ENKI  SPA,Centros de control de motor,KIT PORTON SEGURO 600 KG,Artículos eléctricos y de iluminación / Equipamiento y artículos eléctricos / Tableros y accesorios de control y distribución,39121104,2.0,,36000.0,0.0,CLP
952946-190-AG26,2026-10-01T16:08:13.31,Región de Los Ríos,ENKI  SPA,Barras de madera,"CERT PINO CEPILLADO 1X5 3,2 M","Artículos para estructuras, obras y construcciones / Materiales estructurales básicos / Barras",30101617,12.0,,3200.0,0.0,CLP
952946-190-AG26,2026-10-01T16:08:13.31,Región de Los Ríos,ENKI  SPA,Desagües,DESAGUE LVP TAP 1 1/2 C/RB S/CO,"Equipamiento para el acondicionamiento, distribución y filtrado de fluidos / Control y distribución de líquidos y gases / Materiales y accesorios de gasfitería",40141701,1.0,,9000.0,0.0,CLP
952946-190-AG26,2026-10-01T16:08:13.31,Región de Los Ríos,ENKI  SPA,Desagües,DESAGUE CON SIFON CORRUGADO,"Equipamiento para el acondicionamiento, distribución y filtrado de fluidos / Control y distribución de líquidos y gases / Materiales y accesorios de gasfitería",40141701,1.0,,18000.0,0.0,CLP
952946-190-AG26,2026-10-01T16:08:13.31,Región de Los Ríos,ENKI  SPA,Sifones en P,ACCESORIO P/SIFON 2 TAZAS 1 1/2,"Equipamiento para el acondicionamiento, distribución y filtrado de fluidos / Control y distribución de líquidos y gases / Materiales y accesorios de gasfitería",40141716,3.0,,8000.0,0.0,CLP
952946-190-AG26,2026-10-01T16:08:13.31,Región de Los Ríos,ENKI  SPA,Paños para herramientas,MULTIHERRAMIENTA CAÑERIAS,"Artículos de fabricación y producción / Pinturas, diluyentes y accesorios para pintado / Accesorios para pintar",31211901,1.0,,10000.0,0.0,CLP
952946-190-AG26,2026-10-01T16:08:13.31,Región de Los Ríos,ENKI  SPA,Soldadura,PASTA SOLDAR DE 500 GRAMOS.,Maquinaria para fabricación y transformación industrial / Maquinaria y suministros para talleres / Maquinaria para soldadura directa o indirecta,23171509,1.0,,7000.0,0.0,CLP
952946-190-AG26,2026-10-01T16:08:13.31,Región de Los Ríos,ENKI  SPA,Gases compuestos de hidrógeno,BALON GAS BUTA/PROPAP 330 GR.,Productos químicos industriales / Metales y gases / Gases naturales y mixtos,12142101,3.0,,2500.0,0.0,CLP
952946-190-AG26,2026-10-01T16:08:13.31,Región de Los Ríos,ENKI  SPA,Soldadura,SOLDADURA ESTAÑO 50% CARRETE,Maquinaria para fabricación y transformación industrial / Maquinaria y suministros para talleres / Maquinaria para soldadura directa o indirecta,23171509,1.0,,17000.0,0.0,CLP
952946-190-AG26,2026-10-01T16:08:13.31,Región de Los Ríos,ENKI  SPA,Soldadura,SOPLETE C/ENC PROVIDUS,Maquinaria para fabricación y transformación industrial / Maquinaria y suministros para talleres / Maquinaria para soldadura directa o indirecta,23171509,1.0,,17000.0,0.0,CLP
952946-190-AG26,2026-10-01T16:08:13.31,Región de Los Ríos,ENKI  SPA,Sopletes,BALON GAS 190 GR TOPSAFE HUMBO,Maquinaria para fabricación y transformación industrial / Maquinaria y suministros para talleres / Maquinaria para soldadura directa o indirecta,23171504,1.0,,2500.0,0.0,CLP
952946-190-AG26,2026-10-01T16:08:13.31,Región de Los Ríos,ENKI  SPA,Barras de madera,"CERT PINO CEPILLADO 2X2 3,2 M","Artículos para estructuras, obras y construcciones / Materiales estructurales básicos / Barras",30101617,12.0,,3300.0,0.0,CLP
952946-190-AG26,2026-10-01T16:08:13.31,Región de Los Ríos,ENKI  SPA,Barras de madera,TERCIADO RANURADO W 9MM 122X244,"Artículos para estructuras, obras y construcciones / Materiales estructurales básicos / Barras",30101617,6.0,,15000.0,0.0,CLP
952946-190-AG26,2026-10-01T16:08:13.31,Región de Los Ríos,ENKI  SPA,Lavaplatos de uso comercial,MUEBLE LAVAPLATO 80 DER/GRIFO,"Maquinarias, equipos y suministros para la industria de servicios / Equipos para servicios de alimentación institucional / Equipos para preparado de alimentos",48101615,1.0,,105000.0,0.0,CLP
952946-190-AG26,2026-10-01T16:08:13.31,Región de Los Ríos,ENKI  SPA,Tubería de cobre,TEE SO-SO-SO 1/2 GAS,"Artículos de fabricación y producción / Materia prima en planchas, barras o tubos / Tubos y cañerías",31231302,3.0,,1000.0,0.0,CLP
952946-190-AG26,2026-10-01T16:08:13.31,Región de Los Ríos,ENKI  SPA,Tubería de cobre,COPLA BR 1/2 SO/SO 1 UN.,"Artículos de fabricación y producción / Materia prima en planchas, barras o tubos / Tubos y cañerías",31231302,3.0,,700.0,0.0,CLP
952946-190-AG26,2026-10-01T16:08:13.31,Región de Los Ríos,ENKI  SPA,Tubería de cobre,TERMINAL SO-HE 1/2 GAS,"Artículos de fabricación y producción / Materia prima en planchas, barras o tubos / Tubos y cañerías",31231302,4.0,,1200.0,0.0,CLP
952946-190-AG26,2026-10-01T16:08:13.31,Región de Los Ríos,ENKI  SPA,Tubería de cobre,CAÑERIA COBRE L 1/2 PG X 3M,"Artículos de fabricación y producción / Materia prima en planchas, barras o tubos / Tubos y cañerías",31231302,5.0,,24000.0,0.0,CLP
952946-190-AG26,2026-10-01T16:08:13.31,Región de Los Ríos,ENKI  SPA,Tubería de cobre,CODO SO-SO 1/2 GAS,"Artículos de fabricación y producción / Materia prima en planchas, barras o tubos / Tubos y cañerías",31231302,8.0,,1000.0,0.0,CLP
952946-190-AG26,2026-10-01T16:08:13.31,Región de Los Ríos,ENKI  SPA,Conectores de tubo,TUBO PPRCT 20 MM PN16 X 3 MT,"Equipamiento para el acondicionamiento, distribución y filtrado de fluidos / Control y distribución de líquidos y gases / Conexiones para tuberías",40142613,2.0,,3500.0,0.0,CLP
952946-190-AG26,2026-10-01T16:08:13.31,Región de Los Ríos,ENKI  SPA,Conectores de tubo,TERMINAL PPR 20X 1/2 HE,"Equipamiento para el acondicionamiento, distribución y filtrado de fluidos / Control y distribución de líquidos y gases / Conexiones para tuberías",40142613,4.0,,500.0,0.0,CLP
952946-190-AG26,2026-10-01T16:08:13.31,Región de Los Ríos,ENKI  SPA,Avellanadores,LLANA DENTADA ACERO INOX 10X10,Herramientas y maquinaria en general / Herramientas manuales / Accesorios para herramientas,27112812,1.0,,7000.0,0.0,CLP
952946-190-AG26,2026-10-01T16:08:13.31,Región de Los Ríos,ENKI  SPA,Niveladoras,SET NIVELADOR 50 UN + LLAVE,Maquinaria para construcción y edificación / Maquinaria pesada de construcción / Maquinaria pesada,22101502,2.0,,8000.0,0.0,CLP
952946-190-AG26,2026-10-01T16:08:13.31,Región de Los Ríos,ENKI  SPA,Lana aisladora,"LANA POLIESTER 55MM 2,4X15M",Artículos de fabricación y producción / Productos refractarios / Productos de fibra de cerámica,31371002,1.0,,45000.0,0.0,CLP
952946-190-AG26,2026-10-01T16:08:13.31,Región de Los Ríos,ENKI  SPA,Aislamiento de espuma,ESPUMA POLIURETANO TOPEX 300 ML,"Artículos para estructuras, obras y construcciones / Aislantes / Aislamiento térmico",30141503,5.0,,4500.0,0.0,CLP
952946-190-AG26,2026-10-01T16:08:13.31,Región de Los Ríos,ENKI  SPA,Adhesivos de espuma,FRAGUE PISO/MURO GRIS 1 KG W,Artículos de fabricación y producción / Cintas adhesivas y selladores / Adhesivos y selladores,31201608,2.0,,1400.0,0.0,CLP
952946-190-AG26,2026-10-01T16:08:13.31,Región de Los Ríos,ENKI  SPA,Removedores,REMOVEDOR FRAGUE + REPUESTO,Equipos y suministros de limpieza / Equipo de limpieza / Equipos de limpieza,47121802,1.0,,3500.0,0.0,CLP
952946-190-AG26,2026-10-01T16:08:13.31,Región de Los Ríos,ENKI  SPA,Azulejos o baldosas de cerámica,"CERAMICA 45X45 GRANITO GRIS 2,29 M2","Artículos para estructuras, obras y construcciones / Productos de construcción estructurales / Azulejos y baldosas",30131704,2.0,,20000.0,0.0,CLP
952946-190-AG26,2026-10-01T16:08:13.31,Región de Los Ríos,ENKI  SPA,Adhesivos de espuma,ADHESIVO CER MURO FLEXIBLE 25K,Artículos de fabricación y producción / Cintas adhesivas y selladores / Adhesivos y selladores,31201608,3.0,,19000.0,0.0,CLP
952946-190-AG26,2026-10-01T16:08:13.31,Región de Los Ríos,ENKI  SPA,Lavamanos,MONOMANDO LAVAT BAJO LUCENA,"Artículos para estructuras, obras y construcciones / Artefactos sanitarios / Loza sanitaria",30181504,1.0,,38000.0,0.0,CLP
952946-190-AG26,2026-10-01T16:08:13.31,Región de Los Ríos,ENKI  SPA,Lavamanos,KIT VANITORIO NANTES 50X84X43,"Artículos para estructuras, obras y construcciones / Artefactos sanitarios / Loza sanitaria",30181504,1.0,,58000.0,0.0,CLP
952946-190-AG26,2026-10-01T16:08:13.31,Región de Los Ríos,ENKI  SPA,Papeles de lija,LIJA P/METAL NO 80 NORTON,Artículos de fabricación y producción / Materiales para prensar y abrasivos / Productos abrasivos,31191501,6.0,,600.0,0.0,CLP
952946-190-AG26,2026-10-01T16:08:13.31,Región de Los Ríos,ENKI  SPA,Selladores,IMPERMEABILIZANTE SIMILAR A LANCO 1 GL.,"Artículos de fabricación y producción / Pinturas, diluyentes y accesorios para pintado / Acabados en general",31211704,1.0,,43000.0,0.0,CLP
952946-190-AG26,2026-10-01T16:08:13.31,Región de Los Ríos,ENKI  SPA,Barras de madera,"CERT PINO CEPILLADO 1 X 4 3,2M","Artículos para estructuras, obras y construcciones / Materiales estructurales básicos / Barras",30101617,5.0,,2400.0,0.0,CLP
952946-190-AG26,2026-10-01T16:08:13.31,Región de Los Ríos,ENKI  SPA,Membranas para techos,MEMBRANA SUPERFIEL TRO 40M3,"Artículos para estructuras, obras y construcciones / Materiales para terminaciones exteriores / Materiales para techumbres",30151505,3.0,,33000.0,0.0,CLP
952946-190-AG26,2026-10-01T16:08:13.31,Región de Los Ríos,ENKI  SPA,Desagües,DESAGUE 10X10 V/CHECK,"Equipamiento para el acondicionamiento, distribución y filtrado de fluidos / Control y distribución de líquidos y gases / Materiales y accesorios de gasfitería",40141701,1.0,,7000.0,0.0,CLP
952946-190-AG26,2026-10-01T16:08:13.31,Región de Los Ríos,ENKI  SPA,Rodillos de pintar,RODILLO KOLOR POLIESTER 18 CM,"Artículos de fabricación y producción / Pinturas, diluyentes y accesorios para pintado / Accesorios para pintar",31211906,2.0,,1200.0,0.0,CLP
952946-190-AG26,2026-10-01T16:08:13.31,Región de Los Ríos,ENKI  SPA,Murallas de fibrocemento,"PLANCHA SIMPLISIMA BEI 1,2X2,4","Artículos para estructuras, obras y construcciones / Materiales para terminaciones exteriores / Cercos",30152003,3.0,,35000.0,0.0,CLP
952946-190-AG26,2026-10-01T16:08:13.31,Región de Los Ríos,ENKI  SPA,Adhesivos líquidos,SUPER NAIL MONTAJE 300 ML,Artículos de fabricación y producción / Cintas adhesivas y selladores / Adhesivos y selladores,31201616,6.0,,2500.0,0.0,CLP
952946-190-AG26,2026-10-01T16:08:13.31,Región de Los Ríos,ENKI  SPA,Ventanas fijas,VENTANA ALUM NX MT MN 46X55,"Artículos para estructuras, obras y construcciones / Puertas, ventanas y vidrios / Ventanas",30171609,1.0,,34000.0,0.0,CLP
952946-190-AG26,2026-10-01T16:08:13.31,Región de Los Ríos,ENKI  SPA,Clavos de acabado,"CLAVO CTE 4 2,5 KG",Artículos de fabricación y producción / Artículos de ferretería / Clavos,31162003,6.0,,4000.0,0.0,CLP
952946-190-AG26,2026-10-01T16:08:13.31,Región de Los Ríos,ENKI  SPA,Clavos de acabado,"CLAVO CTE 3 2,5 KG",Artículos de fabricación y producción / Artículos de ferretería / Clavos,31162003,3.0,,4000.0,0.0,CLP
952946-190-AG26,2026-10-01T16:08:13.31,Región de Los Ríos,ENKI  SPA,Barras de madera,"CERT PINO CEPILLADO 2X3 3,2M","Artículos para estructuras, obras y construcciones / Materiales estructurales básicos / Barras",30101617,35.0,,3500.0,0.0,CLP
952946-190-AG26,2026-10-01T16:08:13.31,Región de Los Ríos,ENKI  SPA,Morteros,NIVELADOR DE PISOS SIMILAR A TOPEX 25K.,"Artículos para estructuras, obras y construcciones / Hormigón, cemento y yeso / Hormigón y morteros",30111504,10.0,,6000.0,0.0,CLP
952946-190-AG26,2026-10-01T16:08:13.31,Región de Los Ríos,ENKI  SPA,Morteros,CARBOLINEO 16LT,"Artículos para estructuras, obras y construcciones / Hormigón, cemento y yeso / Hormigón y morteros",30111504,1.0,,44000.0,0.0,CLP
1079694-327-AG26,2026-09-28T10:41:35.39,Región de Los Ríos,ENKI  SPA,Clavos de acabado,"Adquisición de materiales de construcción para la instalación de los lavamanos y WC antivandálicos de las unidades bases dependientes de la Prefectura Valdivia N°23.

Se solicita a los proveedores o",Artículos de fabricación y producción / Artículos de ferretería / Clavos,31162003,1.0,,1193700.0,0.0,CLP
1155683-141-AG26,2026-10-01T11:22:41.467,Región del Ñuble,MADERAS Y ARTÍCULOS DE FERRETERÍA JOSÉ SUAZO LIMITADA,Tablas de madera,"MADERA CEPILLADA - Pino cuartón cepillado 4x4"" (3,2m), 138 unid","Artículos para estructuras, obras y construcciones / Materiales estructurales básicos / Productos estructurales",30103605,138.0,,7690.0,0.0,CLP
1155683-141-AG26,2026-10-01T11:22:41.467,Región del Ñuble,MADERAS Y ARTÍCULOS DE FERRETERÍA JOSÉ SUAZO LIMITADA,Cercos de metal,"MALLA DE ALAMBRE - Malla electrosoldada 1G (1,85x3m), 85 metros","Artículos para estructuras, obras y construcciones / Materiales para terminaciones exteriores / Cercos",30152001,85.0,,13500.0,0.0,CLP
1155683-141-AG26,2026-10-01T11:22:41.467,Región del Ñuble,MADERAS Y ARTÍCULOS DE FERRETERÍA JOSÉ SUAZO LIMITADA,Abrazaderas,"ABRAZADERA - Abrazaderas omega de dos alas (galvanizadas), 3 bolsas ( bolsas de 100 unidades)",Herramientas y maquinaria en general / Herramientas manuales / Prensas y herramientas especiales,27112103,3.0,,25000.0,0.0,CLP
1155683-141-AG26,2026-10-01T11:22:41.467,Región del Ñuble,MADERAS Y ARTÍCULOS DE FERRETERÍA JOSÉ SUAZO LIMITADA,Tornillos para madera,"- Tornillos tirafondos madera (1 1/2""): 34 cajas ( 144 unid por caja)",Artículos de fabricación y producción / Artículos de ferretería / Tornillos,31161508,34.0,,3800.0,0.0,CLP
1155683-141-AG26,2026-10-01T11:22:41.467,Región del Ñuble,MADERAS Y ARTÍCULOS DE FERRETERÍA JOSÉ SUAZO LIMITADA,Cemento,- Hormigón preparado H20 (25kg): 400 sacos,"Artículos para estructuras, obras y construcciones / Hormigón, cemento y yeso / Cemento y cal",30111601,400.0,,3900.0,0.0,CLP
1155683-141-AG26,2026-10-01T11:22:41.467,Región del Ñuble,MADERAS Y ARTÍCULOS DE FERRETERÍA JOSÉ SUAZO LIMITADA,Barniza de laca,"- Protector de madera color alerce (igual o equivalente a Cerestain): 12 galones. Impregnante con filtros solares, repelentes de agua y biocidas para proteger la madera contra bio-y foto-degradación, ","Artículos de fabricación y producción / Pinturas, diluyentes y accesorios para pintado / Acabados en general",31211705,12.0,,22220.0,0.0,CLP
1155683-141-AG26,2026-10-01T11:22:41.467,Región del Ñuble,MADERAS Y ARTÍCULOS DE FERRETERÍA JOSÉ SUAZO LIMITADA,Pinturas acrílicas,"-Esmalte al agua color amarillo: 1 tineta Características: Apto para fibrocemento, hormigón, ladrillo, madera, interior y exterior. Resistente al agua, lavable, antihongos, con protección UV. Tipo Cer","Artículos de fabricación y producción / Pinturas, diluyentes y accesorios para pintado / Pinturas",31211508,1.0,,60000.0,0.0,CLP
1155683-141-AG26,2026-10-01T11:22:41.467,Región del Ñuble,MADERAS Y ARTÍCULOS DE FERRETERÍA JOSÉ SUAZO LIMITADA,Pinturas acrílicas,"-Esmalte al agua color verde kiwi: 1 tineta Características: Apto para fibrocemento, hormigón, ladrillo, madera, interior y exterior. Resistente al agua, lavable, antihongos, con protección UV. Tipo C","Artículos de fabricación y producción / Pinturas, diluyentes y accesorios para pintado / Pinturas",31211508,1.0,,60000.0,0.0,CLP
1155683-141-AG26,2026-10-01T11:22:41.467,Región del Ñuble,MADERAS Y ARTÍCULOS DE FERRETERÍA JOSÉ SUAZO LIMITADA,Pinturas acrílicas,"- Esmalte al agua color blanco: 1 tineta Características: Apto para fibrocemento, hormigón, ladrillo, madera, interior y exterior. Resistente al agua, lavable, antihongos, con protección UV. Tipo Cere","Artículos de fabricación y producción / Pinturas, diluyentes y accesorios para pintado / Pinturas",31211508,1.0,,59000.0,0.0,CLP
1155683-141-AG26,2026-10-01T11:22:41.467,Región del Ñuble,MADERAS Y ARTÍCULOS DE FERRETERÍA JOSÉ SUAZO LIMITADA,Pinturas acrílicas,"- Esmalte al agua color rojo colonial: 1 tineta Características: Apto para fibrocemento, hormigón, ladrillo, madera, interior y exterior. Resistente al agua, lavable, antihongos, con protección UV","Artículos de fabricación y producción / Pinturas, diluyentes y accesorios para pintado / Pinturas",31211508,1.0,,60000.0,0.0,CLP
1155683-141-AG26,2026-10-01T11:22:41.467,Región del Ñuble,MADERAS Y ARTÍCULOS DE FERRETERÍA JOSÉ SUAZO LIMITADA,Tablas de madera,"- Pino cepillado 4x2"" (3,2m), 160 unid","Artículos para estructuras, obras y construcciones / Materiales estructurales básicos / Productos estructurales",30103605,160.0,,4200.0,0.0,CLP
1155683-141-AG26,2026-10-01T11:22:41.467,Región del Ñuble,MADERAS Y ARTÍCULOS DE FERRETERÍA JOSÉ SUAZO LIMITADA,Tablas de madera,"- Tablón pino cepillado 2x8"" (3,2m), 20 unid
","Artículos para estructuras, obras y construcciones / Materiales estructurales básicos / Productos estructurales",30103605,20.0,,8300.0,0.0,CLP
2281-1346-AG26,2026-10-01T08:40:01.463,Región de Los Ríos,Aridos Las Bandurrias,Distribuidoras de áridos,Compra integral chancado para parque saval en Valdivia,Maquinaria para construcción y edificación / Maquinaria pesada de construcción / Equipos de pavimentación,22101610,39.0,,21487.0,0.0,CLP
2432-657-AG26,2026-09-28T11:01:36.183,Región Metropolitana de Santiago,DANTE,Bloques de hormigón,JARDINERAS DE HORMIGON ESPECIFICACIONES EN ARCHIVO ADJUNTO ,"Artículos para estructuras, obras y construcciones / Productos de construcción estructurales / Bloques",30131502,1.0,,3101557.0,0.0,CLP
2731-842-AG26,2026-10-01T17:40:43.643,Región Metropolitana de Santiago,YOLANDA PURÍSIMA DÍAZ ARAYA,ampolletas halógenas,"Adquisición de materiales de ferretería, según especificaciones técnicas descritas en Anexo N°1 adjunto.","Artículos eléctricos y de iluminación / Artículos de iluminación / Ampolletas, focos y lámparas",39101601,1.0,,1052000.0,0.0,CLP
2992-431-SE26,2026-10-01T16:26:51.103,Región de Coquimbo,Sociedad Comercial Don Oscar Y Cía Ltda,Perfiles de montaje,Cable concentrico 2x6mm 600 V  item 22.38,Artículos de fabricación y producción / Artículos de ferretería / Accesorios de Ferretería,31162301,100.0,,3496.0,349600.0,CLP
2992-431-SE26,2026-10-01T16:26:51.103,Región de Coquimbo,Sociedad Comercial Don Oscar Y Cía Ltda,Perfiles de montaje,Perfil Estructural C 2x3x0.85x 6 metros  item 11.149,Artículos de fabricación y producción / Artículos de ferretería / Accesorios de Ferretería,31162301,25.0,,9706.0,242650.0,CLP
2992-431-SE26,2026-10-01T16:26:51.103,Región de Coquimbo,Sociedad Comercial Don Oscar Y Cía Ltda,Perfiles de montaje,Perfil estructural U 2x3x0.85x6 metros  item 11.150,Artículos de fabricación y producción / Artículos de ferretería / Accesorios de Ferretería,31162301,22.0,,7277.0,160094.0,CLP
2992-431-SE26,2026-10-01T16:26:51.103,Región de Coquimbo,Sociedad Comercial Don Oscar Y Cía Ltda,Perfiles de montaje,Plancha  Zincalum  5V  0.40x851x2000mm item 10.22 ,Artículos de fabricación y producción / Artículos de ferretería / Accesorios de Ferretería,31162301,40.0,,9672.0,386880.0,CLP
2992-431-SE26,2026-10-01T16:26:51.103,Región de Coquimbo,Sociedad Comercial Don Oscar Y Cía Ltda,Perfiles de montaje,Plancha Terciado moldaje item 6.9,Artículos de fabricación y producción / Artículos de ferretería / Accesorios de Ferretería,31162301,15.0,,40109.0,601635.0,CLP
3730-586-AG26,2026-10-01T10:40:50.377,Región del Libertador General Bernardo O´Higgins,Aridos Tinguiririca Ltda.,Distribuidoras de áridos,"ADQUISICION DE 17 M3. DE BASE ESTABILIZADA 1 1/2"",SEGUN ESPECIFICACIONES TECNICAS ADJUNTAS A REVISAR Y CUMPLIR EN ANEXO ADJUNTO CON DESPACHO A BODEGA MUNICIPAL, INGRESAR COTIZACION DETALLADA DE LOS PR",Maquinaria para construcción y edificación / Maquinaria pesada de construcción / Equipos de pavimentación,22101610,17.0,,18000.0,0.0,CLP
3730-586-AG26,2026-10-01T10:40:50.377,Región del Libertador General Bernardo O´Higgins,Aridos Tinguiririca Ltda.,Esparcidoras de gravilla,"ADQUISICION DE 8 M3. DE GRAVILLA FINA DE 3/8,SEGUN ESPECIFICACIONES TECNICAS ADJUNTAS A REVISAR Y CUMPLIR EN ANEXO ADJUNTO CON DESPACHO A BODEGA MUNICIPAL, INGRESAR COTIZACION DETALLADA DE LOS PRODUCT",Maquinaria para construcción y edificación / Maquinaria pesada de construcción / Equipos de pavimentación,22101606,8.0,,20000.0,0.0,CLP
4584-167-SE26,2026-10-01T16:20:51.87,Región del Libertador General Bernardo O´Higgins,SOCIEDAD COMERCIAL J Y R SPA,Llave de tuercas de boca abierta,BROCHA 3 PULGADAS TRUPER 14485,"Herramientas y maquinaria en general / Herramientas manuales / Llaves, destornilladores y guías",27111706,2.0,,1220.0,2440.0,CLP
4584-167-SE26,2026-10-01T16:20:51.87,Región del Libertador General Bernardo O´Higgins,SOCIEDAD COMERCIAL J Y R SPA,Tornillos para metales,TORNILLO VOLCANITA 6X1 1/4 X 100 UNIDADES,Artículos de fabricación y producción / Artículos de ferretería / Tornillos,31161504,2.0,,7480.0,14960.0,CLP
4584-167-SE26,2026-10-01T16:20:51.87,Región del Libertador General Bernardo O´Higgins,SOCIEDAD COMERCIAL J Y R SPA,Soporte de pared,ENGRASADOR MANUAL 400CC,Artículos de fabricación y producción / Artículos de ferretería / Soportes y puntales,31162506,1.0,,26890.0,26890.0,CLP
4584-167-SE26,2026-10-01T16:20:51.87,Región del Libertador General Bernardo O´Higgins,SOCIEDAD COMERCIAL J Y R SPA,Tornillos para muros en seco,AGUARRAS 1 LITRO DIDEVAL,Artículos de fabricación y producción / Artículos de ferretería / Tornillos,31161509,1.0,,2272.0,2272.0,CLP
4584-167-SE26,2026-10-01T16:20:51.87,Región del Libertador General Bernardo O´Higgins,SOCIEDAD COMERCIAL J Y R SPA,Tornillos para muros en seco,TORNILLO VOLCANITA 6X2X100 UNIDADES,Artículos de fabricación y producción / Artículos de ferretería / Tornillos,31161509,20.0,,1260.0,25200.0,CLP
4584-167-SE26,2026-10-01T16:20:51.87,Región del Libertador General Bernardo O´Higgins,SOCIEDAD COMERCIAL J Y R SPA,Tornillos para muros en seco,TORNILLO VOLCANITA 8X3X100 UNIDADES,Artículos de fabricación y producción / Artículos de ferretería / Tornillos,31161509,20.0,,2438.0,48760.0,CLP
4584-167-SE26,2026-10-01T16:20:51.87,Región del Libertador General Bernardo O´Higgins,SOCIEDAD COMERCIAL J Y R SPA,Tablero de yeso,TORNILLO PUNTA BROCA 6X1 1/4 PULG X 100 UNIDADES,"Artículos para estructuras, obras y construcciones / Materiales para terminaciones de interiores / Materiales para acabados de paredes",30161509,20.0,,1302.0,26040.0,CLP
4584-167-SE26,2026-10-01T16:20:51.87,Región del Libertador General Bernardo O´Higgins,SOCIEDAD COMERCIAL J Y R SPA,Ruedas de fieltro,MANGUERA NIVEL 1/2 X METRO,"Maquinaria para fabricación y transformación industrial / Maquinaria y equipos de pulido / Equipo de trituración, lijado y pulido",23131502,15.0,,486.0,7290.0,CLP
4584-167-SE26,2026-10-01T16:20:51.87,Región del Libertador General Bernardo O´Higgins,SOCIEDAD COMERCIAL J Y R SPA,Tablero de partículas,DIDELINEO TINETA 20 LITROS CARBONILEO,"Productos derivados de minerales, plantas y animales / Productos no comestibles de origen vegetal / Madera",11121611,1.0,,36148.0,36148.0,CLP
788110-366-SE26,2026-09-30T08:04:52.867,Región del Libertador General Bernardo O´Higgins,GARCIA RIO SPA,Grapas de ferretería,SUMINISTRO DE FERRETERIA SEGÚN GUIA N°1164260,Artículos de fabricación y producción / Artículos de ferretería / Cerrojos,31162404,1.0,,1187446.0,1187446.0,CLP
788110-366-SE26,2026-09-30T08:04:52.867,Región del Libertador General Bernardo O´Higgins,GARCIA RIO SPA,Grapas de ferretería,SUMINISTRO DE FERRETERIA SEGÚN GUIA N°11165290,Artículos de fabricación y producción / Artículos de ferretería / Cerrojos,31162404,1.0,,832589.0,832589.0,CLP
788110-366-SE26,2026-09-30T08:04:52.867,Región del Libertador General Bernardo O´Higgins,GARCIA RIO SPA,Grapas de ferretería,SUMINISTRO DE FERRETERIA SEGÚN GUIA N°1165289,Artículos de fabricación y producción / Artículos de ferretería / Cerrojos,31162404,1.0,,436985.0,436985.0,CLP
788110-366-SE26,2026-09-30T08:04:52.867,Región del Libertador General Bernardo O´Higgins,GARCIA RIO SPA,Grapas de ferretería,SUMINISTRO DE FERRETERIA SEGÚN GUIA N°1163488,Artículos de fabricación y producción / Artículos de ferretería / Cerrojos,31162404,1.0,,124286.0,124286.0,CLP
788110-366-SE26,2026-09-30T08:04:52.867,Región del Libertador General Bernardo O´Higgins,GARCIA RIO SPA,Grapas de ferretería,SUMINISTRO DE FERRETERIA SEGÚN GUIA N°1164597,Artículos de fabricación y producción / Artículos de ferretería / Cerrojos,31162404,1.0,,392270.0,392270.0,CLP
788110-366-SE26,2026-09-30T08:04:52.867,Región del Libertador General Bernardo O´Higgins,GARCIA RIO SPA,Grapas de ferretería,SUMINISTRO DE FERRETERIA SEGÚN GUIA N°1164816,Artículos de fabricación y producción / Artículos de ferretería / Cerrojos,31162404,1.0,,29244.0,29244.0,CLP
788110-366-SE26,2026-09-30T08:04:52.867,Región del Libertador General Bernardo O´Higgins,GARCIA RIO SPA,Grapas de ferretería,SUMINISTRO DE FERRETERIA SEGÚN GUIA N°1164159,Artículos de fabricación y producción / Artículos de ferretería / Cerrojos,31162404,1.0,,201134.0,201134.0,CLP
788110-366-SE26,2026-09-30T08:04:52.867,Región del Libertador General Bernardo O´Higgins,GARCIA RIO SPA,Grapas de ferretería,SUMINISTRO DE FERRETERIA SEGÚN GUIA N°1164164,Artículos de fabricación y producción / Artículos de ferretería / Cerrojos,31162404,1.0,,178720.0,178720.0,CLP
788110-366-SE26,2026-09-30T08:04:52.867,Región del Libertador General Bernardo O´Higgins,GARCIA RIO SPA,Grapas de ferretería,SUMINISTRO DE FERRETERIA SEGÚN GUIA N°1164032,Artículos de fabricación y producción / Artículos de ferretería / Cerrojos,31162404,1.0,,251151.0,251151.0,CLP
1057501-10935-AG26,2026-10-01T11:56:59.7,Región Metropolitana de Santiago,OLAVARRIA Y RENAN SPA,Tablero de cables imprimido,77-002-001-079-00 Tablero Eléctrico • Tablero equipo 2x40 amp. Incluir dispositivo de protección contra sobretensiones • Cordón RZ1-K 3x4.0 mm2 (Fase + Neutro + Tp) • Ducto EMT 25 mm (desde TDF A Band,Artículos de electrónica / Circuitos electrónicos / Conjuntos de circuitos y componentes de radiofrecuencia (RF),32101510,1.0,,1456000.0,0.0,CLP
1079580-378-AG26,2026-09-30T17:35:16.583,Región del Ñuble,FRANCISCO  ANDRES,Perfiles de montaje,"BOLSA DE 100 C/U. SEPARADOR NIVELADOR PARA PORCELANATO, MARCA CORTAG (SIMILAR O SUPERIOR) DEBE SER APTO PARA INSTALACIÓN Y NIVELACIÓN DE REVESTIMIENTOS DE PORCELANATO.",Artículos de fabricación y producción / Artículos de ferretería / Accesorios de Ferretería,31162301,1.0,,3782.0,0.0,CLP
1079580-378-AG26,2026-09-30T17:35:16.583,Región del Ñuble,FRANCISCO  ANDRES,Perfiles de montaje,"FIELTRO LISO 10/40, MARCA BECTON.",Artículos de fabricación y producción / Artículos de ferretería / Accesorios de Ferretería,31162301,20.0,,9159.0,0.0,CLP
1079580-378-AG26,2026-09-30T17:35:16.583,Región del Ñuble,FRANCISCO  ANDRES,Perfiles de montaje,"CORTADORA MANUAL PROFESIONAL PARA PORCELANATO, MARCA RUBI START - 63 PLATINUM (SIMILAR O SUPERIOR).",Artículos de fabricación y producción / Artículos de ferretería / Accesorios de Ferretería,31162301,1.0,,134370.0,0.0,CLP
1079580-378-AG26,2026-09-30T17:35:16.583,Región del Ñuble,FRANCISCO  ANDRES,Perfiles de montaje,"GUANTE DE PROTECCIÓN PARA TRABAJOS DE CONSTRUCCIÓN Y MANTENCIÓN, MARCA MULTIPROTEC ORANGE (SIMILAR O SUPERIOR) TALLA 9/L, CON BUENA RESISTENCIA A LA ABRASIÓN Y AGARRE.",Artículos de fabricación y producción / Artículos de ferretería / Accesorios de Ferretería,31162301,10.0,,840.0,0.0,CLP
1079580-378-AG26,2026-09-30T17:35:16.583,Región del Ñuble,FRANCISCO  ANDRES,Perfiles de montaje,"ELECTRODO CLASIFICACIÓN AWS E6011, DIÁMETRO 3/32"", MARCA INDURA .",Artículos de fabricación y producción / Artículos de ferretería / Accesorios de Ferretería,31162301,5.0,,4193.0,0.0,CLP
1079580-378-AG26,2026-09-30T17:35:16.583,Región del Ñuble,FRANCISCO  ANDRES,Perfiles de montaje,"DISCO ABRASIVO PARA CORTE DE METAL, DE 4,5 , MARCA DELTA DISCOFL (SIMILAR O SUPERIOR).",Artículos de fabricación y producción / Artículos de ferretería / Accesorios de Ferretería,31162301,100.0,,663.0,0.0,CLP
1079580-378-AG26,2026-09-30T17:35:16.583,Región del Ñuble,FRANCISCO  ANDRES,Perfiles de montaje,"DISCO ABRASIVO PARA DESBASTE DE METALES, DIÁMETRO 4 1/2"", MARCA WÜRTH (SIMILAR O SUPERIOR) APTO PARA ESMERIL ANGULAR.",Artículos de fabricación y producción / Artículos de ferretería / Accesorios de Ferretería,31162301,20.0,,1092.0,0.0,CLP
1079580-378-AG26,2026-09-30T17:35:16.583,Región del Ñuble,FRANCISCO  ANDRES,Perfiles de montaje,"GALON DE 3.8 LITROS, ESMALTE TRIPLE ACCIÓN ANTICORROSIVO/PROTECTOR PARA SUPERFICIES METÁLICAS, COLOR GRIS, FORMATO GALÓN, MARCA CERESITA (SIMILAR O SUPERIOR), APTO PARA PROTECCIÓN Y TERMINACIÓN.",Artículos de fabricación y producción / Artículos de ferretería / Accesorios de Ferretería,31162301,5.0,,25202.0,0.0,CLP
1079580-378-AG26,2026-09-30T17:35:16.583,Región del Ñuble,FRANCISCO  ANDRES,Perfiles de montaje,"DILUYENTE SINTÉTICO EN FORMATO DE 1 LITRO, MARCA SOQUINA (SIMILAR O SUPERIOR), COMPATIBLE CON ESMALTES Y PINTURAS SINTÉTICAS.",Artículos de fabricación y producción / Artículos de ferretería / Accesorios de Ferretería,31162301,5.0,,2395.0,0.0,CLP
1079580-378-AG26,2026-09-30T17:35:16.583,Región del Ñuble,FRANCISCO  ANDRES,Perfiles de montaje,"8 BOLSAS DE 50 UNIDADES C/U, PERNO DE ANCLAJE METÁLICO CORRIENTE, MEDIDA 3/8"" X 3"" (8 BOLSAS DE 50 UNIDADES C/U), RESISTENTE Y APTO PARA FIJACIONES EN ELEMENTOS COMPATIBLES.",Artículos de fabricación y producción / Artículos de ferretería / Accesorios de Ferretería,31162301,8.0,,23109.0,0.0,CLP
1079580-378-AG26,2026-09-30T17:35:16.583,Región del Ñuble,FRANCISCO  ANDRES,Perfiles de montaje,"BROCA PARA METAL DE 10 MM, MARCA BOSCH PROFESSIONAL.",Artículos de fabricación y producción / Artículos de ferretería / Accesorios de Ferretería,31162301,5.0,,3361.0,0.0,CLP
1079580-378-AG26,2026-09-30T17:35:16.583,Región del Ñuble,FRANCISCO  ANDRES,Perfiles de montaje,"BOLSAS DE KILO, ELECTRODO 7018 33, MARCA SOLWELD (SIMILAR O SUPERIOR), PARA SOLDADURA DE ACEROS.",Artículos de fabricación y producción / Artículos de ferretería / Accesorios de Ferretería,31162301,5.0,,2765.0,0.0,CLP
1079580-378-AG26,2026-09-30T17:35:16.583,Región del Ñuble,FRANCISCO  ANDRES,Perfiles de montaje,"POMEL METÁLICO DE 3/4"" RESISTENTE Y APTO PARA PUERTAS, PORTONES Y ESTRUCTURAS METÁLICAS, MARCA REFERENCIAL DVP O EQUIVALENTE TÉCNICO DE IGUAL O SUPERIOR CALIDAD.",Artículos de fabricación y producción / Artículos de ferretería / Accesorios de Ferretería,31162301,9.0,,2092.0,0.0,CLP
1079580-378-AG26,2026-09-30T17:35:16.583,Región del Ñuble,FRANCISCO  ANDRES,Perfiles de montaje,"CERRADURA MECÁNICA DE SOBREPONER, FABRICADA EN MATERIALES RESISTENTES, CON CILINDRO, LLAVES Y ELEMENTOS DE FIJACIÓN, MARCA REFERENCIAL ODIS, MODELO 323 (SIMILAR O SUPERIOR CALIDAD).",Artículos de fabricación y producción / Artículos de ferretería / Accesorios de Ferretería,31162301,4.0,,16798.0,0.0,CLP
1079580-378-AG26,2026-09-30T17:35:16.583,Región del Ñuble,FRANCISCO  ANDRES,Perfiles de montaje,"DISCO FLAP PARA METAL, GRANO 100, APTO PARA DESBASTE FINO, LIJADO Y TERMINACIÓN DE SUPERFICIES METÁLICAS. MARCA DELTA (EQUIVALENTE TÉCNICO DE IGUAL O SUPERIOR CALIDAD)",Artículos de fabricación y producción / Artículos de ferretería / Accesorios de Ferretería,31162301,10.0,,1336.0,0.0,CLP
1079580-378-AG26,2026-09-30T17:35:16.583,Región del Ñuble,FRANCISCO  ANDRES,Perfiles de montaje,"BOLSAS DE KILO, ELECTRODO PARA SOLDADURA DE ACERO INOXIDABLE, APTO PARA TRABAJOS EN ACERO INOXIDABLE, MARCA INDURA (EQUIVALENTE TÉCNICO DE IGUAL O SUPERIOR CALIDAD)",Artículos de fabricación y producción / Artículos de ferretería / Accesorios de Ferretería,31162301,5.0,,16798.0,0.0,CLP
1079580-378-AG26,2026-09-30T17:35:16.583,Región del Ñuble,FRANCISCO  ANDRES,Perfiles de montaje,"PERFIL DE ACERO 50 X 50 MM, ESPESOR 2 MM, RECTO, SIN DEFORMACIONES, NI DAÑOS QUE AFECTEN SU UTILIZACIÓN.",Artículos de fabricación y producción / Artículos de ferretería / Accesorios de Ferretería,31162301,40.0,,17564.0,0.0,CLP
1079580-378-AG26,2026-09-30T17:35:16.583,Región del Ñuble,FRANCISCO  ANDRES,Perfiles de montaje,"PERFIL DE ACERO 20 X 30 MM, ESPESOR 2 MM, DE CALIDAD COMERCIAL, RECTO Y SIN DEFORMACIONES.",Artículos de fabricación y producción / Artículos de ferretería / Accesorios de Ferretería,31162301,30.0,,7556.0,0.0,CLP
1079580-378-AG26,2026-09-30T17:35:16.583,Región del Ñuble,FRANCISCO  ANDRES,Perfiles de montaje,"PERFIL DE ACERO 80 X 40 MM, ESPESOR 2 MM, APTO PARA FABRICACIÓN Y REPARACIÓN DE ESTRUCTURAS METÁLICAS.",Artículos de fabricación y producción / Artículos de ferretería / Accesorios de Ferretería,31162301,30.0,,21765.0,0.0,CLP
1079580-378-AG26,2026-09-30T17:35:16.583,Región del Ñuble,FRANCISCO  ANDRES,Perfiles de montaje,"PORCELANATO COLOR BEIGE, FORMATO 60 X 60 CM, DE PRIMERA SELECCIÓN, SIN FISURAS, QUIEBRES, NI DEFECTOS VISIBLES, MARCA REFERENCIAL CERÁMICA CORDILLERA O EQUIVALENTE TÉCNICO DE IGUAL O SUPERIOR CALIDAD.",Artículos de fabricación y producción / Artículos de ferretería / Accesorios de Ferretería,31162301,45.0,,14202.0,0.0,CLP
1079580-378-AG26,2026-09-30T17:35:16.583,Región del Ñuble,FRANCISCO  ANDRES,Perfiles de montaje,"PERFIL DE ACERO 100 X 100 MM, ESPESOR 2 MM, RECTO, SIN DEFORMACIONES Y EN ÓPTIMAS CONDICIONES PARA SU UTILIZACIÓN. MARCA REFERENCIAL CINTAC O EQUIVALENTE TÉCNICO DE IGUAL O SUPERIOR CALIDAD",Artículos de fabricación y producción / Artículos de ferretería / Accesorios de Ferretería,31162301,15.0,,35286.0,0.0,CLP
1079580-378-AG26,2026-09-30T17:35:16.583,Región del Ñuble,FRANCISCO  ANDRES,Perfiles de montaje,"METAL DESPLEGADO GS, ROMBO DE 62 X 26 MM X 8MM, 1X3 MT MARCA PRODALAM .",Artículos de fabricación y producción / Artículos de ferretería / Accesorios de Ferretería,31162301,10.0,,63017.0,0.0,CLP
1079580-378-AG26,2026-09-30T17:35:16.583,Región del Ñuble,FRANCISCO  ANDRES,Perfiles de montaje,"PERFIL ÁNGULO LAMINADO COMERCIAL DE 30 X 30, ESPESOR 3 MM Y LARGO 6 METROS.",Artículos de fabricación y producción / Artículos de ferretería / Accesorios de Ferretería,31162301,10.0,,10076.0,0.0,CLP
1079580-378-AG26,2026-09-30T17:35:16.583,Región del Ñuble,FRANCISCO  ANDRES,Perfiles de montaje,"PLANCHA DE ACERO INOXIDABLE DIMENSIONES 1X3 1.5MM, MARCA REFERENCIAL TUBEXA DUCASSE O EQUIVALENTE TÉCNICO DE IGUAL O SUPERIOR CALIDAD.",Artículos de fabricación y producción / Artículos de ferretería / Accesorios de Ferretería,31162301,35.0,,39412.0,0.0,CLP
1510421-29-AG26,2026-09-30T16:08:34.353,Región del Biobío,CAROLA MARGARITA GAJARDO MARTINEZ,Rodillos de pintar,MATERIAL DE FERRETERIA PARA JARDIN INFANTIL LOS PITUFOS,"Artículos de fabricación y producción / Pinturas, diluyentes y accesorios para pintado / Accesorios para pintar",31211906,1.0,,336134.0,0.0,CLP
218-477-AG26,2026-09-29T17:21:46.24,Región Metropolitana de Santiago,LOVUX SPA,Luces de árboles,"Guirnaldas de luces navideñas led cálidas, con enchufe para conectar a la corriente, rollo de 50 mts.

según especificaciones técnicas señaladas en documento adjunto.",Artículos eléctricos y de iluminación / Artefactos y accesorios de iluminación / Iluminación de interiores,39111514,40.0,,9486.0,0.0,CLP
218-477-AG26,2026-09-29T17:21:46.24,Región Metropolitana de Santiago,LOVUX SPA,Malla,"Malla rachel, de polietileno de alta densidad, resistente a los rayo UV, color verde, rollo de 210cmsx100m","Productos derivados de minerales, plantas y animales / Tejidos y materiales de cuero / Tejidos especiales",11162111,5.0,,51702.0,0.0,CLP
218-477-AG26,2026-09-29T17:21:46.24,Región Metropolitana de Santiago,LOVUX SPA,Malla,"Malla de protección ature de 3x2m , plegable y ligera para transportar, fácil instalación, resistencia superior, reforzada con una red de cuerda integrada en toda su estructura, malla ignífuga y resis","Productos derivados de minerales, plantas y animales / Tejidos y materiales de cuero / Tejidos especiales",11162111,10.0,,14431.0,0.0,CLP
2992-430-SE26,2026-10-01T10:42:30.723,Región de Coquimbo,Sociedad Comercial Don Oscar Y Cía Ltda,Perfiles de montaje,Cable alambre concentrico de 2x6mm 600V  item 22.38,Artículos de fabricación y producción / Artículos de ferretería / Accesorios de Ferretería,31162301,100.0,,3496.0,349600.0,CLP
2992-430-SE26,2026-10-01T10:42:30.723,Región de Coquimbo,Sociedad Comercial Don Oscar Y Cía Ltda,Perfiles de montaje,Interruptor trifásico 3x40A Item 22.33,Artículos de fabricación y producción / Artículos de ferretería / Accesorios de Ferretería,31162301,1.0,,35941.0,35941.0,CLP
2992-430-SE26,2026-10-01T10:42:30.723,Región de Coquimbo,Sociedad Comercial Don Oscar Y Cía Ltda,Perfiles de montaje,Moldura 100x50x200mm item 23.34,Artículos de fabricación y producción / Artículos de ferretería / Accesorios de Ferretería,31162301,17.0,,18487.0,314279.0,CLP
3013-787-SE26,2026-09-30T15:56:35.507,Región del Maule,MADERAS CASTILLO SPA,Tornillos para muros en seco,"TORNILLOS AUTOPERFORANTE 1 1/2"" CAJA 100U.-",Artículos de fabricación y producción / Artículos de ferretería / Tornillos,31161509,5.0,,1596.0,7980.0,CLP
3013-787-SE26,2026-09-30T15:56:35.507,Región del Maule,MADERAS CASTILLO SPA,Tornillos para metales,"TORNILLO AUTOPERFORANTE DE 2"" CAJA 100U.-",Artículos de fabricación y producción / Artículos de ferretería / Tornillos,31161504,5.0,,1933.0,9665.0,CLP
3013-787-SE26,2026-09-30T15:56:35.507,Región del Maule,MADERAS CASTILLO SPA,Clavos de sombrerete,"CLAVO CORRIENTE 3"".-",Artículos de fabricación y producción / Artículos de ferretería / Clavos,31162002,5.0,,1681.0,8405.0,CLP
3013-787-SE26,2026-09-30T15:56:35.507,Región del Maule,MADERAS CASTILLO SPA,Pinturas aceitosas,PINTURA ANTICORROSIVA 3 EN 1 NEGRA.-,"Artículos de fabricación y producción / Pinturas, diluyentes y accesorios para pintado / Pinturas",31211505,3.0,,41092.0,123276.0,CLP
3013-787-SE26,2026-09-30T15:56:35.507,Región del Maule,MADERAS CASTILLO SPA,Pinturas aceitosas,PINTURA ANTICORROSIVA 3 EN 1 BLANCA.-,"Artículos de fabricación y producción / Pinturas, diluyentes y accesorios para pintado / Pinturas",31211505,1.0,,41092.0,41092.0,CLP
3013-787-SE26,2026-09-30T15:56:35.507,Región del Maule,MADERAS CASTILLO SPA,Tablas de madera,"PINO TAPA 1X4"" BRUTO.-","Artículos para estructuras, obras y construcciones / Materiales estructurales básicos / Productos estructurales",30103605,20.0,,1176.0,23520.0,CLP
3013-787-SE26,2026-09-30T15:56:35.507,Región del Maule,MADERAS CASTILLO SPA,Cemento,CEMENTO 25K POLPAICO.-,"Artículos para estructuras, obras y construcciones / Hormigón, cemento y yeso / Cemento y cal",30111601,30.0,,3782.0,113460.0,CLP
3013-787-SE26,2026-09-30T15:56:35.507,Región del Maule,MADERAS CASTILLO SPA,Plancha de cinc,PLANCHA DE ZINC ACANALADO 3.66M.-,"Artículos para estructuras, obras y construcciones / Materiales estructurales básicos / Plancha",30102212,14.0,,11681.0,163534.0,CLP
3013-787-SE26,2026-09-30T15:56:35.507,Región del Maule,MADERAS CASTILLO SPA,Plancha de cinc,PLANCHA DE ZINC EN V 3M.-,"Artículos para estructuras, obras y construcciones / Materiales estructurales básicos / Plancha",30102212,6.0,,10084.0,60504.0,CLP
3013-787-SE26,2026-09-30T15:56:35.507,Región del Maule,MADERAS CASTILLO SPA,Tejido o tela de malla metálica,MALLA GALVANIZADA 3M.-,"Productos derivados de minerales, plantas y animales / Tejidos y materiales de cuero / Tejidos especiales",11162108,2.0,,32689.0,65378.0,CLP
3013-787-SE26,2026-09-30T15:56:35.507,Región del Maule,MADERAS CASTILLO SPA,Perfiles de hierro,PERFIL RECTANGULAR 80X40X3MM.-,"Artículos para estructuras, obras y construcciones / Materiales estructurales básicos / Perfiles",30102303,11.0,,31848.0,350328.0,CLP
3013-787-SE26,2026-09-30T15:56:35.507,Región del Maule,MADERAS CASTILLO SPA,Perfiles de hierro,PERFIL RECTANGULAR 40X30X2MM.-,"Artículos para estructuras, obras y construcciones / Materiales estructurales básicos / Perfiles",30102303,7.0,,12521.0,87647.0,CLP
3013-787-SE26,2026-09-30T15:56:35.507,Región del Maule,MADERAS CASTILLO SPA,Perfiles de hierro,PERFIL RECTANGULAR 75X75X2MM.-,"Artículos para estructuras, obras y construcciones / Materiales estructurales básicos / Perfiles",30102303,4.0,,28487.0,113948.0,CLP
3013-787-SE26,2026-09-30T15:56:35.507,Región del Maule,MADERAS CASTILLO SPA,Perfiles de hierro,PERFIL CANAL 150X50X2MM.-,"Artículos para estructuras, obras y construcciones / Materiales estructurales básicos / Perfiles",30102303,10.0,,29328.0,293280.0,CLP
3013-787-SE26,2026-09-30T15:56:35.507,Región del Maule,MADERAS CASTILLO SPA,Perfiles de hierro,PERFIL CUADRADO 40X40X2MM.-,"Artículos para estructuras, obras y construcciones / Materiales estructurales básicos / Perfiles",30102303,31.0,,15882.0,492342.0,CLP
3013-787-SE26,2026-09-30T15:56:35.507,Región del Maule,MADERAS CASTILLO SPA,Vigas de madera,"TABLON PINO 2X6"" X 3.20M BRUTO.-","Artículos para estructuras, obras y construcciones / Materiales estructurales básicos / Productos estructurales",30103601,10.0,,4958.0,49580.0,CLP
3013-787-SE26,2026-09-30T15:56:35.507,Región del Maule,MADERAS CASTILLO SPA,Vigas de madera,"TABLON PINO 2X8"" X 3.20M BRUTO.-","Artículos para estructuras, obras y construcciones / Materiales estructurales básicos / Productos estructurales",30103601,40.0,,8067.0,322680.0,CLP
3013-787-SE26,2026-09-30T15:56:35.507,Región del Maule,MADERAS CASTILLO SPA,Tubería de plástico,CODO PVC HIDRAULICO 25MM.-,"Equipamiento para el acondicionamiento, distribución y filtrado de fluidos / Control y distribución de líquidos y gases / Tuberías",40142115,10.0,,378.0,3780.0,CLP
3013-787-SE26,2026-09-30T15:56:35.507,Región del Maule,MADERAS CASTILLO SPA,Adhesivo re-usable,ADHESIVO PVC 237ML.-,Artículos de fabricación y producción / Cintas adhesivas y selladores / Adhesivos y selladores,31201613,1.0,,4118.0,4118.0,CLP
3013-787-SE26,2026-09-30T15:56:35.507,Región del Maule,MADERAS CASTILLO SPA,Ruedas,"RUEDAS AL PISO 4"".-",Artículos de fabricación y producción / Artículos de ferretería / Accesorios para rodados,31162702,4.0,,11765.0,47060.0,CLP
3013-787-SE26,2026-09-30T15:56:35.507,Región del Maule,MADERAS CASTILLO SPA,Soldadura,SOLDADURA DE 332; 6011.-,Maquinaria para fabricación y transformación industrial / Maquinaria y suministros para talleres / Maquinaria para soldadura directa o indirecta,23171509,15.0,,3782.0,56730.0,CLP
3013-788-SE26,2026-09-30T17:45:04.197,Región del Maule,MADERAS CASTILLO SPA,Plancha de cinc,PLANCHAS DE ZINC ACANALADO 2M.-,"Artículos para estructuras, obras y construcciones / Materiales estructurales básicos / Plancha",30102212,10.0,,7479.0,74790.0,CLP
3013-788-SE26,2026-09-30T17:45:04.197,Región del Maule,MADERAS CASTILLO SPA,Postes de madera,"POLIN IMPREGNADO DE 3 A 4"".-","Artículos para estructuras, obras y construcciones / Materiales estructurales básicos / Pilares",30102904,4.0,,3782.0,15128.0,CLP
3013-788-SE26,2026-09-30T17:45:04.197,Región del Maule,MADERAS CASTILLO SPA,Tablas de madera,"PINO TAPA 1X4"" BRUTO.-","Artículos para estructuras, obras y construcciones / Materiales estructurales básicos / Productos estructurales",30103605,10.0,,1176.0,11760.0,CLP
3013-788-SE26,2026-09-30T17:45:04.197,Región del Maule,MADERAS CASTILLO SPA,Plancha de cinc,PLANCHA DE ZINC ACANALADO 3.66M.-,"Artículos para estructuras, obras y construcciones / Materiales estructurales básicos / Plancha",30102212,6.0,,11681.0,70086.0,CLP
3013-788-SE26,2026-09-30T17:45:04.197,Región del Maule,MADERAS CASTILLO SPA,Tablas de madera,"PINO TAPA 1X4"" BRUTO.-","Artículos para estructuras, obras y construcciones / Materiales estructurales básicos / Productos estructurales",30103605,30.0,,1176.0,35280.0,CLP
3013-788-SE26,2026-09-30T17:45:04.197,Región del Maule,MADERAS CASTILLO SPA,Tablas de madera,"PINO 2X2"" BRUTO.-","Artículos para estructuras, obras y construcciones / Materiales estructurales básicos / Productos estructurales",30103605,30.0,,1513.0,45390.0,CLP
3013-788-SE26,2026-09-30T17:45:04.197,Región del Maule,MADERAS CASTILLO SPA,Postes de madera,POSTE IMPREGNADO 6M.-,"Artículos para estructuras, obras y construcciones / Materiales estructurales básicos / Pilares",30102904,3.0,,47899.0,143697.0,CLP
3013-788-SE26,2026-09-30T17:45:04.197,Región del Maule,MADERAS CASTILLO SPA,Cable aislado o forrado,CABLE LIBRE DE HALOGENO COLOR BLANCO 2.5MM ROLLO 100M.-,Maquinaria para generación y distribución de energía / Alambres y cables eléctricos y electrónicos / Cables eléctricos y accesorios,26121613,1.0,,45798.0,45798.0,CLP
3013-788-SE26,2026-09-30T17:45:04.197,Región del Maule,MADERAS CASTILLO SPA,Cable aislado o forrado,CABLE LIBRE DE HALOGENO COLOR VERDE 2.5MM ROLLO 100M.-,Maquinaria para generación y distribución de energía / Alambres y cables eléctricos y electrónicos / Cables eléctricos y accesorios,26121613,1.0,,45798.0,45798.0,CLP
3013-788-SE26,2026-09-30T17:45:04.197,Región del Maule,MADERAS CASTILLO SPA,Cable aislado o forrado,CABLE LIBRE DE HALOGENO COLOR ROJO 2.5MM ROLLO 100M.-,Maquinaria para generación y distribución de energía / Alambres y cables eléctricos y electrónicos / Cables eléctricos y accesorios,26121613,1.0,,45798.0,45798.0,CLP
3013-788-SE26,2026-09-30T17:45:04.197,Región del Maule,MADERAS CASTILLO SPA,Tubería de plástico,TUBO CORRUGADO 600X6M.-,"Artículos de fabricación y producción / Materia prima en planchas, barras o tubos / Tubos y cañerías",31231313,1.0,,331933.0,331933.0,CLP
3013-788-SE26,2026-09-30T17:45:04.197,Región del Maule,MADERAS CASTILLO SPA,Vigas de madera,"PINO VIGA 2X6"" BRUTO.-","Artículos para estructuras, obras y construcciones / Materiales estructurales básicos / Productos estructurales",30103601,10.0,,4958.0,49580.0,CLP
3013-788-SE26,2026-09-30T17:45:04.197,Región del Maule,MADERAS CASTILLO SPA,Tablas de madera,TABLA DE PINO PARA PISO 1X4X3.2M.-,"Artículos para estructuras, obras y construcciones / Materiales estructurales básicos / Productos estructurales",30103605,48.0,,4118.0,197664.0,CLP
3013-788-SE26,2026-09-30T17:45:04.197,Región del Maule,MADERAS CASTILLO SPA,Aislamiento de tabla rígida,PLANCHA DE INTERNIT 4MM.-,"Artículos para estructuras, obras y construcciones / Aislantes / Aislamiento térmico",30141507,20.0,,7479.0,149580.0,CLP
3013-788-SE26,2026-09-30T17:45:04.197,Región del Maule,MADERAS CASTILLO SPA,Perfiles de hierro,PERFIL CANAL 150X50X2MM 6M.-,"Artículos para estructuras, obras y construcciones / Materiales estructurales básicos / Perfiles",30102303,2.0,,29328.0,58656.0,CLP
3013-788-SE26,2026-09-30T17:45:04.197,Región del Maule,MADERAS CASTILLO SPA,Plancha de cinc,BLACHA ZINC ACAN 3M.-,"Artículos para estructuras, obras y construcciones / Materiales estructurales básicos / Plancha",30102212,10.0,,10084.0,100840.0,CLP
3013-788-SE26,2026-09-30T17:45:04.197,Región del Maule,MADERAS CASTILLO SPA,Tablas de madera,"PINO 2X3"" BRUTO.-","Artículos para estructuras, obras y construcciones / Materiales estructurales básicos / Productos estructurales",30103605,60.0,,2437.0,146220.0,CLP
3013-788-SE26,2026-09-30T17:45:04.197,Región del Maule,MADERAS CASTILLO SPA,Tablas de madera,"PINO TAPA 1X4"" BRUTO.-","Artículos para estructuras, obras y construcciones / Materiales estructurales básicos / Productos estructurales",30103605,60.0,,1176.0,70560.0,CLP
3013-788-SE26,2026-09-30T17:45:04.197,Región del Maule,MADERAS CASTILLO SPA,Poliestireno (PS),PAQUETE DE POLIESTIRENO 50MM 12UNIDADES.-,"Resinas, cauchos, espumas y elastómeros / Caucho y elastómeros / Plásticos termoplásticos",13102026,7.0,,11681.0,81767.0,CLP
3013-788-SE26,2026-09-30T17:45:04.197,Región del Maule,MADERAS CASTILLO SPA,Plancha de cinc,PLANCHA DE ZINC ACAN 2M.-,"Artículos para estructuras, obras y construcciones / Materiales estructurales básicos / Plancha",30102212,10.0,,7479.0,74790.0,CLP
3013-788-SE26,2026-09-30T17:45:04.197,Región del Maule,MADERAS CASTILLO SPA,Recipientes para residuos sanitarios,FOSA SEPTICA 1200LTS.-,Equipos y suministros de limpieza / Suministros de limpieza / Suministros para aseo,47131703,4.0,,139664.0,558656.0,CLP
3013-788-SE26,2026-09-30T17:45:04.197,Región del Maule,MADERAS CASTILLO SPA,Postes de madera,POSTES IMPREGNADO 8M.-,"Artículos para estructuras, obras y construcciones / Materiales estructurales básicos / Pilares",30102904,1.0,,71429.0,71429.0,CLP
3013-788-SE26,2026-09-30T17:45:04.197,Región del Maule,MADERAS CASTILLO SPA,Tubería de plástico,TUBO CORRUGADO 600 X 6M.-,"Artículos de fabricación y producción / Materia prima en planchas, barras o tubos / Tubos y cañerías",31231313,1.0,,331933.0,331933.0,CLP
3013-788-SE26,2026-09-30T17:45:04.197,Región del Maule,MADERAS CASTILLO SPA,Plancha de cinc,PLANCHA ZINC ACAN 2M.-,"Artículos para estructuras, obras y construcciones / Materiales estructurales básicos / Plancha",30102212,20.0,,7479.0,149580.0,CLP
3013-788-SE26,2026-09-30T17:45:04.197,Región del Maule,MADERAS CASTILLO SPA,Tubería de plástico,TUBO CORRUGADO 400 X 6M.-,"Artículos de fabricación y producción / Materia prima en planchas, barras o tubos / Tubos y cañerías",31231313,7.0,,176471.0,1235297.0,CLP
3013-788-SE26,2026-09-30T17:45:04.197,Región del Maule,MADERAS CASTILLO SPA,Tubería de plástico,TUBO CORRUGADO 300 X 6M.-,"Artículos de fabricación y producción / Materia prima en planchas, barras o tubos / Tubos y cañerías",31231313,1.0,,125210.0,125210.0,CLP
3013-788-SE26,2026-09-30T17:45:04.197,Región del Maule,MADERAS CASTILLO SPA,Tablero de partículas,PLANCHAS OSB 9.5MM.-,"Productos derivados de minerales, plantas y animales / Productos no comestibles de origen vegetal / Madera",11121611,10.0,,13361.0,133610.0,CLP
4965-506-SE26,2026-10-01T15:39:47.087,Región del Libertador General Bernardo O´Higgins,SOCIEDAD COMERCIAL J Y R SPA,Postes de madera,POSTE IMPREGNADO 4 A 5'' X 2.44 MTS.,"Artículos para estructuras, obras y construcciones / Materiales estructurales básicos / Pilares",30102904,6.0,,5460.0,32760.0,CLP
4965-506-SE26,2026-10-01T15:39:47.087,Región del Libertador General Bernardo O´Higgins,SOCIEDAD COMERCIAL J Y R SPA,Grapas,TORNILLO VULCANITA 8X3X100 UN.,"Equipos, accesorios y suministros de oficina / Suministros de oficina / Suministros de sujeción",44122107,1.0,,3050.0,3050.0,CLP
4965-506-SE26,2026-10-01T15:39:47.087,Región del Libertador General Bernardo O´Higgins,SOCIEDAD COMERCIAL J Y R SPA,Postes de madera,TABLA TAPA 1X4,"Artículos para estructuras, obras y construcciones / Materiales estructurales básicos / Pilares",30102904,10.0,,1650.0,16500.0,CLP
4965-506-SE26,2026-10-01T15:39:47.087,Región del Libertador General Bernardo O´Higgins,SOCIEDAD COMERCIAL J Y R SPA,Postes de madera,PINO BRUTO 2X2X3.20 MT.,"Artículos para estructuras, obras y construcciones / Materiales estructurales básicos / Pilares",30102904,8.0,,2200.0,17600.0,CLP
5194-381-AG26,2026-09-30T18:05:07.81,Región Metropolitana de Santiago,DOÑA NINA JUAN MANUEL MARABOLÍ CABEZAS E.I.R.L.,Cocinas domésticas,"CAMPANA DE ACERO INOXIDABLE, ENCENDIDO ELÉCTRICO 3 VELOCIDADES, POTENCIA 103 W, ALTO 13,5CM ANCHO 60 CM PROFUNDIDAD 48 CM., PESO 5,6KG , SE REQUIERE EL SERVICIO DE INSTACIÓN DE LAS 10 CAMPANAS EN LAS ","Muebles, accesorios, electrodomésticos y productos electrónicos / Aparatos electrodomésticos / Electrodomésticos para cocina",52141504,10.0,,89890.0,0.0,CLP
1057379-499-AG26,2026-09-29T16:23:46.187,Región de Valparaíso,MANUEL ALEJANDRO VILCHES VILLEGAS,Lavamanos,"ADQUISICION DE LAVAMANOS ACERO INOXIDABLE CON GRIFERIA INCLUIDA 
SE ADJUNTA IMAGEN Y EETT DE LO SOLICITADO ","Artículos para estructuras, obras y construcciones / Artefactos sanitarios / Loza sanitaria",30181504,2.0,,75630.0,0.0,CLP
1161266-658-AG26,2026-09-30T12:48:48.793,Región del Biobío,ALEJANDRO ALBERTO CHAVARRÍA FRIZ,Madera de encuadre,TABLONES DE MADERA 2X8 PULGADAS 3.20 DE LARGO,"Artículos para estructuras, obras y construcciones / Materiales estructurales básicos / Productos estructurales",30103603,4.0,,8000.0,0.0,CLP
1161266-658-AG26,2026-09-30T12:48:48.793,Región del Biobío,ALEJANDRO ALBERTO CHAVARRÍA FRIZ,Llaves,LLAVE DE JARDÍN 1/2,"Equipos y suministros de defensa, orden público, protección y seguridad / Seguridad, vigilancia y detección / Cerraduras, elementos de seguridad y accesorios",46171505,5.0,,2150.0,0.0,CLP
1161266-658-AG26,2026-09-30T12:48:48.793,Región del Biobío,ALEJANDRO ALBERTO CHAVARRÍA FRIZ,Soldadura,TEFLÓN ,Maquinaria para fabricación y transformación industrial / Maquinaria y suministros para talleres / Maquinaria para soldadura directa o indirecta,23171509,10.0,,500.0,0.0,CLP
1161266-658-AG26,2026-09-30T12:48:48.793,Región del Biobío,ALEJANDRO ALBERTO CHAVARRÍA FRIZ,Inodoros,FLAPPER (SAPO O VÁLVULA DE OBTURACIÓN DE INODORO),"Artículos para estructuras, obras y construcciones / Artefactos sanitarios / Loza sanitaria",30181511,1.0,,1700.0,0.0,CLP
1161266-658-AG26,2026-09-30T12:48:48.793,Región del Biobío,ALEJANDRO ALBERTO CHAVARRÍA FRIZ,Llaves para tubos,LLAVE ANGULAR ,"Herramientas y maquinaria en general / Herramientas manuales / Llaves, destornilladores y guías",27111708,2.0,,2650.0,0.0,CLP
1161266-658-AG26,2026-09-30T12:48:48.793,Región del Biobío,ALEJANDRO ALBERTO CHAVARRÍA FRIZ,Llaves para tubos,PLANZA DE CAÑERIA 3/4 ,"Herramientas y maquinaria en general / Herramientas manuales / Llaves, destornilladores y guías",27111708,130.0,,500.0,0.0,CLP
1161266-658-AG26,2026-09-30T12:48:48.793,Región del Biobío,ALEJANDRO ALBERTO CHAVARRÍA FRIZ,Llaves para tubos,LLAVES DE PASO DE 3/4 ,"Herramientas y maquinaria en general / Herramientas manuales / Llaves, destornilladores y guías",27111708,2.0,,1500.0,0.0,CLP
1161266-658-AG26,2026-09-30T12:48:48.793,Región del Biobío,ALEJANDRO ALBERTO CHAVARRÍA FRIZ,Llaves para tubos,CODOS DE PVC DE 3/4,"Herramientas y maquinaria en general / Herramientas manuales / Llaves, destornilladores y guías",27111708,4.0,,250.0,0.0,CLP
1161266-658-AG26,2026-09-30T12:48:48.793,Región del Biobío,ALEJANDRO ALBERTO CHAVARRÍA FRIZ,Llaves para tubos,TE DE PVC DE 3/4,"Herramientas y maquinaria en general / Herramientas manuales / Llaves, destornilladores y guías",27111708,1.0,,350.0,0.0,CLP
1395852-113-SE26,2026-09-30T09:35:58.187,Región del Biobío,Hormigones Rios San Martin Ltda,Distribuidoras de hormigón," Se requiere 5 m3 Hormigón G20 R7 cono 8.
Ubicación:  Calle Condell entre Max Jara y Víctor Domingo Silva, Los Ángeles. 
Fecha: 01/10/26 ",Maquinaria para construcción y edificación / Maquinaria pesada de construcción / Maquinaria para construcción de edificios,22101905,5.0,,106500.0,532500.0,CLP
1013609-151-AG26,2026-09-29T12:46:47.44,Región de Antofagasta,FIDELOGIST SPA,Tarjetas comerciales,TARJETA GIFT CARD PARA LA ADQUISICION DE ELEMENTOS DE FERRETERIA PARA EL FUNCIONAMIENTO DE LA COMISION DEL CASINO DE SUBOFICIALES ,Productos de papel / Productos de papel / Papel fantasía,14111604,1.0,,4930000.0,0.0,CLP
1079563-419-AG26,2026-09-28T17:07:33.223,Región del Libertador General Bernardo O´Higgins,FERRETERIA LAS RASTRAS SPA,Tornillos roscalata,TORNILLO CABEZA DE LENTEJA PUNTA BROCA 8X3/4 X100 UNIDAD(ES),Artículos de fabricación y producción / Artículos de ferretería / Tornillos,31161506,1.0,,4000.0,0.0,CLP
1079563-419-AG26,2026-09-28T17:07:33.223,Región del Libertador General Bernardo O´Higgins,FERRETERIA LAS RASTRAS SPA,Tornillos para madera,"TORNILLO AUTOPERFORANTE MADERA 1-1/4"" 8MM X100 UNIDAD(ES)",Artículos de fabricación y producción / Artículos de ferretería / Tornillos,31161508,1.0,,11000.0,0.0,CLP
1079563-419-AG26,2026-09-28T17:07:33.223,Región del Libertador General Bernardo O´Higgins,FERRETERIA LAS RASTRAS SPA,Tablas de madera,"PINO CERTIFICADO SECO CEPILLADO 1X2 3,2M","Artículos para estructuras, obras y construcciones / Materiales estructurales básicos / Productos estructurales",30103605,10.0,,2150.0,0.0,CLP
1079563-419-AG26,2026-09-28T17:07:33.223,Región del Libertador General Bernardo O´Higgins,FERRETERIA LAS RASTRAS SPA,Abrazaderas de tornillo,"BISAGRA 2""",Artículos de fabricación y producción / Artículos de ferretería / Abrazaderas,31162903,4.0,,1300.0,0.0,CLP
1079563-419-AG26,2026-09-28T17:07:33.223,Región del Libertador General Bernardo O´Higgins,FERRETERIA LAS RASTRAS SPA,Malla,MALLA MOSQUITO GALVANIZADA GRIS 1.0MT ROLLO 3MT,"Productos derivados de minerales, plantas y animales / Tejidos y materiales de cuero / Tejidos especiales",11162111,5.0,,8400.0,0.0,CLP
1315764-60-AG26,2026-09-29T08:14:36.77,Región de Magallanes y de la Antártica,BENITO NICOLÁS MARSAN LAGUNAS,Grapas de ferretería,"ADQUISICIÓN DE ELEMENTOS DE FERRETERÍA PARA OPERACIÓN SOBERANIA, SEGÚN ""ANEXO A"" ADJUNTO.",Artículos de fabricación y producción / Artículos de ferretería / Cerrojos,31162404,1.0,,833700.0,0.0,CLP
2123-354-AG26,2026-09-29T12:44:09.38,Región de Valparaíso,CIMATEC SPA,Martillos,"Martillo carpintero 
Material de la cabeza	Acero
Material del mango	Fibra de vidrio
Espesor  2.7 cm
Largo	33.5 cm
Ancho	18.3 cm
Características	Mango madera
Peso del producto	12 oz             ",Herramientas y maquinaria en general / Herramientas manuales / Herramientas para perfilar,27111602,3.0,,5110.0,0.0,CLP
2123-354-AG26,2026-09-29T12:44:09.38,Región de Valparaíso,CIMATEC SPA,Brochas,"Brochas 1 ½  
Ancho de brocha: 1.5” (38mm)
Longitud de cerda: 40mm
Espesor de cerda: 10mm.
Material: Mango de plástico.
SE ADJUNTA REQUERIMIENTO. INCLUIR FICHA TÉCNICA, FLETE Y PERSONA DE CONTACT","Artículos de fabricación y producción / Pinturas, diluyentes y accesorios para pintado / Accesorios para pintar",31211904,10.0,,1345.0,0.0,CLP
2123-354-AG26,2026-09-29T12:44:09.38,Región de Valparaíso,CIMATEC SPA,Grapas de ferretería,"Bolsas de 1 kg. c/u de Grapas galvanizada de 1”exterior
Tono: Acero
Contenido: Grapa 1""
Largo: 1""
SE ADJUNTA REQUERIMIENTO. INCLUIR FICHA TÉCNICA, FLETE Y PERSONA DE CONTACTO . ENTREGA 3 DIAS HÁBI",Artículos de fabricación y producción / Artículos de ferretería / Cerrojos,31162404,3.0,,2958.0,0.0,CLP
2123-354-AG26,2026-09-29T12:44:09.38,Región de Valparaíso,CIMATEC SPA,Candados,"Candados de 40 mm Bronce con Llaves
Características	Incluye llave.
Material	Bronce
Ancho	40 mm
Color	Bronce
Cantidad contenida en el empaque: 1 unidad(es)
SE ADJUNTA REQUERIMIENTO. INCLUIR FICHA","Equipos y suministros de defensa, orden público, protección y seguridad / Seguridad, vigilancia y detección / Cerraduras, elementos de seguridad y accesorios",46171501,5.0,,10488.0,0.0,CLP
2123-354-AG26,2026-09-29T12:44:09.38,Región de Valparaíso,CIMATEC SPA,Guantes protectores,"pares Guantes de mapa 548  
Modelo: MAPA 548
Material soporte: Nylon sin costura calibre 13
Recubrimiento: Poliuretano (PU) en palma y dedos
Color: Blanco (soporte), blanco translúcido (recubrimiento)","Equipos y suministros de defensa, orden público, protección y seguridad / Seguridad y protección personal / Ropa protectora de seguridad contra materias peligrosas",46181504,12.0,,1412.0,0.0,CLP
2123-354-AG26,2026-09-29T12:44:09.38,Región de Valparaíso,CIMATEC SPA,Alicates de perforación,"3 unidades Alicate de punta con cortante
Tipo de alicate	Punta planta
Aislación	No
Material del mango	Goma
Tipo de trabajo	Profesional
Largo	6 cm
Alto	22 cm
Ancho	6 cm
SE ADJUNTA REQUERIMIENTO","Herramientas y maquinaria en general / Herramientas manuales / Herramientas de corte, estaje y punzones",27111516,3.0,,22858.0,0.0,CLP
2123-354-AG26,2026-09-29T12:44:09.38,Región de Valparaíso,CIMATEC SPA,Ganchos de alambre para riostras,"Rollos de Alambre Acero #20 0.88 mm 100 m
Material Acero
Largo	100 m
Color	Gris
Diámetro	0.88 mm
Tipo de amarre	Alambre
Uso	Industria y doméstico.
SE ADJUNTA REQUERIMIENTO. INCLUIR FICHA TÉCNICA, FLET",Artículos de fabricación y producción / Artículos de ferretería / Ganchos,31162607,15.0,,7530.0,0.0,CLP
2123-354-AG26,2026-09-29T12:44:09.38,Región de Valparaíso,CIMATEC SPA,Correas de montaje,"2 set de Correas de Amarre de 5 metros
Correas de 5 m de largo, color naranjo, con una resistencia de 350 kg cada una.
Fabricadas con materiales resistentes
Cada correa tiene un ancho de 25 mm
SE ADJU",Artículos de fabricación y producción / Artículos de ferretería / Accesorios de Ferretería,31162310,2.0,,20169.0,0.0,CLP
2123-354-AG26,2026-09-29T12:44:09.38,Región de Valparaíso,CIMATEC SPA,Portaherramientas,"2 unidades de Caja de herramientas de 51 cm
Material	Plástico
Tipo de cierre	Clip
Capacidad	15 l
Alto	24.3 cm
Ancho	24.4 cm
Profundidad	50.7 cm
SE ADJUNTA REQUERIMIENTO. INCLUIR FICHA TÉCNICA, FLETE Y",Maquinaria para fabricación y transformación industrial / Equipamiento para el procesamiento de madera y aserrado / Descortezadoras y accesorios,23231001,2.0,,53782.0,0.0,CLP
2123-354-AG26,2026-09-29T12:44:09.38,Región de Valparaíso,CIMATEC SPA,Luz de mano o de extensión,"Alargadores de 4 Tomas USB A + USB C 3 m Blanco
Alto	3 cm
Color	Blanco
Ancho	11.5 cm
Largo	3 m
Amperaje 10 A
Certificados y normativas estándar
SE ADJUNTA REQUERIMIENTO. INCLUIR FICHA TÉCNICA, FLETE Y",Artículos eléctricos y de iluminación / Artefactos y accesorios de iluminación / Iluminación de interiores,39111518,2.0,,8172.0,0.0,CLP
2123-354-AG26,2026-09-29T12:44:09.38,Región de Valparaíso,CIMATEC SPA,Llaves Allen,"1 Juego de llaves Allen de 13 Piezas 
Acabado de la llave: Cromado.
Llave de apriete fija.
Fabricada en acero cromo vanadio.
Cuenta con 1 de apertura máxima.
Con diseño ergonómico.
SE ADJUNTA REQUERIM","Herramientas y maquinaria en general / Herramientas manuales / Llaves, destornilladores y guías",27111710,1.0,,10022.0,0.0,CLP
2123-354-AG26,2026-09-29T12:44:09.38,Región de Valparaíso,CIMATEC SPA,Alicates de lagartos,"Alicates universales
Largo: 6,3 ""
Material de la cabeza: Acero
Materiales del mango: Goma
Con mango ergonómico y antideslizante
Acero al cromo níquel con tratamiento térmico para mayor dureza y larga ",Herramientas y maquinaria en general / Herramientas manuales / Prensas y herramientas especiales,27112111,2.0,,7564.0,0.0,CLP
2123-354-AG26,2026-09-29T12:44:09.38,Región de Valparaíso,CIMATEC SPA,Alicates de lagartos,"1 Set de alicates profesionales: Alicate de Punta semi circular, Alicate de corte, alicates caimán de presión y alicate pico de loro.
SE ADJUNTA REQUERIMIENTO. INCLUIR FICHA TÉCNICA, FLETE Y PERSONA ",Herramientas y maquinaria en general / Herramientas manuales / Prensas y herramientas especiales,27112111,1.0,,96430.0,0.0,CLP
2123-354-AG26,2026-09-29T12:44:09.38,Región de Valparaíso,CIMATEC SPA,Portaherramientas,1 Caja de herramientas con ruedas Capacidad de carga de 50 kg incluye una bandeja de  Media tapa y dos pequeñas cajas transparentes en la tapa. Cuenta con ruedas recubiertas de goma Número de ruedas: ,Maquinaria para fabricación y transformación industrial / Equipamiento para el procesamiento de madera y aserrado / Descortezadoras y accesorios,23231001,1.0,,94538.0,0.0,CLP
2123-354-AG26,2026-09-29T12:44:09.38,Región de Valparaíso,CIMATEC SPA,Soldadores o pistolas para sueldas,"1 Kit cautín eléctrico 
Incluye 15 piezas de herramientas de soldadura para diversos usos
SE ADJUNTA REQUERIMIENTO. INCLUIR FICHA TÉCNICA, FLETE Y PERSONA DE CONTACTO . ENTREGA 3 DIAS HÁBILES DESPUÉS ",Maquinaria para fabricación y transformación industrial / Maquinaria y suministros para talleres / Maquinaria para soldadura directa o indirecta,23171507,1.0,,24958.0,0.0,CLP
2123-354-AG26,2026-09-29T12:44:09.38,Región de Valparaíso,CIMATEC SPA,Amperímetros,"Multímetro Digital Tester Amperímetro Alta Precisión
SE ADJUNTA REQUERIMIENTO. INCLUIR FICHA TÉCNICA, FLETE Y PERSONA DE CONTACTO . ENTREGA 3 DIAS HÁBILES DESPUÉS DE ""ENVIADA A PROVEEDOR"" OC.",Equipamiento para laboratorios / Instrumentos de medida y experimentación / Instrumentos de medición eléctrica,41113601,1.0,,24580.0,0.0,CLP
2123-354-AG26,2026-09-29T12:44:09.38,Región de Valparaíso,CIMATEC SPA,Llaves Allen,"1 Set de llaves Allen estrella
Set de 9 llaves allen estrella largas punta doble
Medidas de la cabeza: T10,T15,T20,T25,T27,T30,T40,T45,T50
SE ADJUNTA REQUERIMIENTO. INCLUIR FICHA TÉCNICA, FLETE Y PERS","Herramientas y maquinaria en general / Herramientas manuales / Llaves, destornilladores y guías",27111710,1.0,,4068.0,0.0,CLP
2123-354-AG26,2026-09-29T12:44:09.38,Región de Valparaíso,CIMATEC SPA,Llaves de tuercas,1 Set de llaves punta corona Combinadas Fijas de 17 Piezas 6-32mm de Acero Cromado. Acabado de la llave: Cromado. Tamaño de la llave: 6 a 32 mm. Juego de 17 llaves de alta resistencia fabricadas en ac,"Herramientas y maquinaria en general / Herramientas manuales / Llaves, destornilladores y guías",27111726,1.0,,18562.0,0.0,CLP
2123-354-AG26,2026-09-29T12:44:09.38,Región de Valparaíso,CIMATEC SPA,Portadados,"1 Juego de Dados Hexagonales Industrial ½ pulgadas de 24 Piezas 
SE ADJUNTA REQUERIMIENTO. INCLUIR FICHA TÉCNICA, FLETE Y PERSONA DE CONTACTO . ENTREGA 3 DIAS HÁBILES DESPUÉS DE ""ENVIADA A PROVEEDOR"" ","Herramientas y maquinaria en general / Herramientas manuales / Llaves, destornilladores y guías",27111722,1.0,,41043.0,0.0,CLP
2123-354-AG26,2026-09-29T12:44:09.38,Región de Valparaíso,CIMATEC SPA,Cinta autoadhesiva aislante eléctrica,"Cinta adhesiva aisladora
Largo: 18 m.
Ancho: 19 cm.
Cinta aislante con resistencia al voltaje de 5000 V para protección eléctrica fiable.
Fabricada en PVC con adhesivo acrílico para durabilidad.
Retar",Artículos de fabricación y producción / Cintas adhesivas y selladores / Cinta adhesiva,31201502,10.0,,7026.0,0.0,CLP
2123-354-AG26,2026-09-29T12:44:09.38,Región de Valparaíso,CIMATEC SPA,Alicates de lagartos,"Alicate Crimpador
Alicate Prensa Pelacable + 1900 Terminales
Compatibilidad de terminal: AWG 23-7
Material de la cabeza: Acero
Material de la manija: TPR
Funciones adicionales: Cortar cable,Pelar cabl",Herramientas y maquinaria en general / Herramientas manuales / Prensas y herramientas especiales,27112111,1.0,,14716.0,0.0,CLP
2186-854-AG26,2026-09-30T15:11:05.407,Región de Valparaíso,COMERCIALIZADORA LAGUSOL SPA,Cepillos de limpieza,CEPILLOS DE LIMPIEZA CON CERDAS DE ACERO PARA UNIDAD ESTERILIZACIÓN.,"Equipos y suministros de limpieza / Suministros de limpieza / Escobas, traperos, cepillos y accesorios",47131605,10.0,,2300.0,0.0,CLP
1057417-16249-AG26,2026-09-29T10:30:17.867,Región del Biobío,MULTIPROVEEDOR SPA,Llanas de madera,"506-6485 LLANA ALISADORA ACERO 60 CM.Adjuntar ficha con imagen nitida real del producto que será adjudicado, junto con su respectiva ficha técnica, para evaluación (cumple o no cumple), despacho flete",Herramientas y maquinaria en general / Herramientas manuales / Herramientas de albañilería,27112202,2.0,,17400.0,0.0,CLP
1057417-16249-AG26,2026-09-29T10:30:17.867,Región del Biobío,MULTIPROVEEDOR SPA,Llanas de madera,"506-6486 ESPÁTULA AMERICANA 250 MM STANLEY, Adjuntar ficha con imagen nitida real del producto que será adjudicado, junto con su respectiva ficha técnica, para evaluación (cumple o no cumple), despach",Herramientas y maquinaria en general / Herramientas manuales / Herramientas de albañilería,27112202,2.0,,12990.0,0.0,CLP
1057417-16249-AG26,2026-09-29T10:30:17.867,Región del Biobío,MULTIPROVEEDOR SPA,Llanas de madera,"506-6487 ESPÁTULA ESQUINERA RCS008-N ACERO, Adjuntar ficha con imagen nitida real del producto que será adjudicado, junto con su respectiva ficha técnica, para evaluación (cumple o no cumple), despach",Herramientas y maquinaria en general / Herramientas manuales / Herramientas de albañilería,27112202,2.0,,7300.0,0.0,CLP
1057417-16249-AG26,2026-09-29T10:30:17.867,Región del Biobío,MULTIPROVEEDOR SPA,Llanas de madera,"506-6170 CINCEL PLANO SDS PLUS DWA0802 250 MM, Adjuntar ficha con imagen nitida real del producto que será adjudicado, junto con su respectiva ficha técnica, para evaluación (cumple o no cumple), desp",Herramientas y maquinaria en general / Herramientas manuales / Herramientas de albañilería,27112202,5.0,,11540.0,0.0,CLP
1057417-16249-AG26,2026-09-29T10:30:17.867,Región del Biobío,MULTIPROVEEDOR SPA,Llanas de madera,"506-6488 ESPÁTULA 8'' RCS005-N YESERO MANGANESO ROBUST, Adjuntar ficha con imagen nitida real del producto que será adjudicado, junto con su respectiva ficha técnica, para evaluación (cumple o no cump",Herramientas y maquinaria en general / Herramientas manuales / Herramientas de albañilería,27112202,5.0,,7300.0,0.0,CLP
1057417-16249-AG26,2026-09-29T10:30:17.867,Región del Biobío,MULTIPROVEEDOR SPA,Llanas de madera,"506-6455 BROCA AVELLANADO CON TOPE Y REGULADOR DE ALTURA 3 MM/10 MM Adjuntar ficha con imagen nitida real del producto que será adjudicado, junto con su respectiva ficha técnica, para evaluación (cump",Herramientas y maquinaria en general / Herramientas manuales / Herramientas de albañilería,27112202,5.0,,8110.0,0.0,CLP
1057417-16249-AG26,2026-09-29T10:30:17.867,Región del Biobío,MULTIPROVEEDOR SPA,Llanas de madera,"506-5161 LIJA PARA MADERA GRANO 120 ,Adjuntar ficha con imagen nitida real del producto que será adjudicado, junto con su respectiva ficha técnica, para evaluación (cumple o no cumple), despacho flete",Herramientas y maquinaria en general / Herramientas manuales / Herramientas de albañilería,27112202,200.0,,425.0,0.0,CLP
2698-222-CM26,2026-09-25T10:42:08.617,Región de Valparaíso,COMERCIAL GRAN VIA SPA,CEMENTO BSA CEMENTOS SACO 25 KG UNIDAD REGIÓN V,(2082981) CEMENTO BSA CEMENTOS SACO 25 KG UNIDAD REGIÓN V,,0,210.0,,3812.0,800520.0,CLP
2698-222-CM26,2026-09-25T10:42:08.617,Región de Valparaíso,COMERCIAL GRAN VIA SPA,"PISO LAMINADO TPL NOGAL 7MM CAJA 2,39 M2 REGIÓN V","(2180051) PISO LAMINADO TPL NOGAL 7MM CAJA 2,39 M2 REGIÓN V",,0,80.0,,20992.0,1679360.0,CLP
2698-222-CM26,2026-09-25T10:42:08.617,Región de Valparaíso,COMERCIAL GRAN VIA SPA,MEZCLA MORTERO INBOMED ESTUCO INTERIOR 25 KG UNIDAD REGIÓN V,(2160620) MEZCLA MORTERO INBOMED ESTUCO INTERIOR 25 KG UNIDAD REGIÓN V,,0,100.0,,2617.0,261700.0,CLP
2698-222-CM26,2026-09-25T10:42:08.617,Región de Valparaíso,COMERCIAL GRAN VIA SPA,LÁTEX SIPA BLANCO MATE 4 GL UNIDAD REGIÓN V,(2150488) LÁTEX SIPA BLANCO MATE 4 GL UNIDAD REGIÓN V,,0,25.0,,62057.0,1551425.0,CLP
2698-222-CM26,2026-09-25T10:42:08.617,Región de Valparaíso,COMERCIAL GRAN VIA SPA,ESMALTE AL AGUA SHERWIN WILLIAMS SEMIBRILLO 4 GL BLANCO UNIDAD REGIÓN V,(2113938) ESMALTE AL AGUA SHERWIN WILLIAMS SEMIBRILLO 4 GL BLANCO UNIDAD REGIÓN V,,0,15.0,,81077.0,1216155.0,CLP
2734-478-CM26,2026-09-23T09:49:37.683,Región Metropolitana de Santiago,COMERCIAL CM EXPRESS LIMITADA,PERFIL ACERO VH CUADRADO 100X100X2 MM 6 M UNIDAD REGIÓN RM,(2174253) PERFIL ACERO VH CUADRADO 100X100X2 MM 6 M UNIDAD REGIÓN RM,,0,5.0,,45689.0,228445.0,CLP
2734-478-CM26,2026-09-23T09:49:37.683,Región Metropolitana de Santiago,COMERCIAL CM EXPRESS LIMITADA,PERFIL ACERO INBOMED RECTANGULAR 80X30X2 MM 6 M UNIDAD REGIÓN RM,(2171516) PERFIL ACERO INBOMED RECTANGULAR 80X30X2 MM 6 M UNIDAD REGIÓN RM,,0,40.0,,28873.0,1154920.0,CLP
3085-631-AG26,2026-09-29T15:38:09.12,Región del Biobío,Carlos Espejo y Cía. Ltda.-,Lavaplatos de uso comercial,"MATERIALES CAMBIO DE MUEBLE LAVAPLATOS, DE ACUERDO A DESCRIPCIÓN, CANTIDAD Y ESPECIFICACIÓN TÉCNICA ESTABLECIDA EN ANEXO COTIZACIÓN ADJUNTO. AL OFERTAR EN FORMATO DE LA EMPRESA DEBERÁ INDICAR DETALLAD","Maquinarias, equipos y suministros para la industria de servicios / Equipos para servicios de alimentación institucional / Equipos para preparado de alimentos",48101615,1.0,,105900.0,0.0,CLP
1057370-555-SE26,2026-09-28T11:45:12.223,Región de Valparaíso,HERRAMIENTAS INTEGRALES LIMITADA,"Llave ""T"" para grifos",LLAVE COMBINACION LAVAPLATOS,"Herramientas y maquinaria en general / Herramientas manuales / Llaves, destornilladores y guías",27111720,1.0,,28043.0,28043.0,CLP
1057370-555-SE26,2026-09-28T11:45:12.223,Región de Valparaíso,HERRAMIENTAS INTEGRALES LIMITADA,"Llave ""T"" para grifos",LLAVE BOLA HI-HI 3/4 BRONCE,"Herramientas y maquinaria en general / Herramientas manuales / Llaves, destornilladores y guías",27111720,2.0,,14905.0,29810.0,CLP
1057370-555-SE26,2026-09-28T11:45:12.223,Región de Valparaíso,HERRAMIENTAS INTEGRALES LIMITADA,Asientos de inodoro,ASIENTO WC,"Artículos para estructuras, obras y construcciones / Artefactos sanitarios / Loza sanitaria",30181512,4.0,,25047.0,100188.0,CLP
1057370-555-SE26,2026-09-28T11:45:12.223,Región de Valparaíso,HERRAMIENTAS INTEGRALES LIMITADA,ampolletas halógenas,FOCOS PANEL LED 24 WATTS SOBREPUESTOS REDONDOS 6500,"Artículos eléctricos y de iluminación / Artículos de iluminación / Ampolletas, focos y lámparas",39101601,100.0,,15501.0,1550100.0,CLP
1057370-555-SE26,2026-09-28T11:45:12.223,Región de Valparaíso,HERRAMIENTAS INTEGRALES LIMITADA,ampolletas halógenas,FOCOS PANEL LED 18 WATTS EMBTIDOS REDONDOS 6500,"Artículos eléctricos y de iluminación / Artículos de iluminación / Ampolletas, focos y lámparas",39101601,200.0,,9845.0,1969000.0,CLP
1057370-555-SE26,2026-09-28T11:45:12.223,Región de Valparaíso,HERRAMIENTAS INTEGRALES LIMITADA,ampolletas halógenas,FOCOS PANEL LED WATT 60X60X3 6500K SOBREPUESTO,"Artículos eléctricos y de iluminación / Artículos de iluminación / Ampolletas, focos y lámparas",39101601,20.0,,41753.0,835060.0,CLP
1057370-555-SE26,2026-09-28T11:45:12.223,Región de Valparaíso,HERRAMIENTAS INTEGRALES LIMITADA,Grifos,TERMINAL SO-HE DE 3/4 BRONCE,"Equipamiento para el acondicionamiento, distribución y filtrado de fluidos / Control y distribución de líquidos y gases / Materiales y accesorios de gasfitería",40141702,2.0,,2136.0,4272.0,CLP
1057370-555-SE26,2026-09-28T11:45:12.223,Región de Valparaíso,HERRAMIENTAS INTEGRALES LIMITADA,Grifos,"UNION AMERICANA SO-SO 3/4"" BRONCE","Equipamiento para el acondicionamiento, distribución y filtrado de fluidos / Control y distribución de líquidos y gases / Materiales y accesorios de gasfitería",40141702,2.0,,10728.0,21456.0,CLP
1057370-555-SE26,2026-09-28T11:45:12.223,Región de Valparaíso,HERRAMIENTAS INTEGRALES LIMITADA,Codos de tubo,CODO TERMINAL SO-HE 3/42 EN BRONCE,"Equipamiento para el acondicionamiento, distribución y filtrado de fluidos / Control y distribución de líquidos y gases / Conexiones para tuberías",40142604,1.0,,4642.0,4642.0,CLP
3962-717-SE26,2026-09-28T17:17:12.48,Región del Biobío,SOC. EXP E IMP M&M LTDA,Plancha de cinc,Zinc 5V de 0.35x250,"Artículos para estructuras, obras y construcciones / Materiales estructurales básicos / Plancha",30102212,7.0,,9500.0,66500.0,CLP
3962-717-SE26,2026-09-28T17:17:12.48,Región del Biobío,SOC. EXP E IMP M&M LTDA,Clavos para tejados,Clavo de zinc de 2.5,Artículos de fabricación y producción / Artículos de ferretería / Clavos,31162005,2.0,,2875.0,5750.0,CLP
3962-728-SE26,2026-09-28T17:10:20.063,Región del Biobío,SOC. EXP E IMP M&M LTDA,Baños portátiles,Fosa séptica de 1200 litros ,"Artículos para estructuras, obras y construcciones / Estructuras prefabricadas / Construcciones comerciales e industriales prefabricadas",30201706,1.0,,135000.0,135000.0,CLP
4157-895-AG26,2026-09-28T10:53:32.96,Región del Ñuble,FERRETERIA MULTICOMERCIAL LTDA,Plancha de hormigón,"PLANCHA PREPINTADA PV4 1*2METROS POR 0.4MM

","Artículos para estructuras, obras y construcciones / Materiales estructurales básicos / Plancha",30102217,26.0,,12600.0,0.0,CLP
4157-895-AG26,2026-09-28T10:53:32.96,Región del Ñuble,FERRETERIA MULTICOMERCIAL LTDA,Remaches completos,"CAJA REMACHE POP 4.8*10MM

",Artículos de fabricación y producción / Artículos de ferretería / Remaches,31162204,2.0,,6500.0,0.0,CLP
2115-781-AG26,2026-09-29T12:36:26.207,Región Metropolitana de Santiago,"SISTEMAS, SOLUCIONES Y SERVICIOS SPA",Azulejos o baldosas de cerámica,Vinílico Premium Hallman Color Light Champagne 6601 Rollo 1x20mt. Especificaciones Adjuntas ,"Artículos para estructuras, obras y construcciones / Productos de construcción estructurales / Azulejos y baldosas",30131704,1.0,,741754.0,0.0,CLP
2115-781-AG26,2026-09-29T12:36:26.207,Región Metropolitana de Santiago,"SISTEMAS, SOLUCIONES Y SERVICIOS SPA",Soldadura,Cordón de Soldadura Color Light Champagne 6601 (50ml). Especificaciones Adjuntas ,Maquinaria para fabricación y transformación industrial / Maquinaria y suministros para talleres / Maquinaria para soldadura directa o indirecta,23171509,1.0,,64824.0,0.0,CLP
2115-781-AG26,2026-09-29T12:36:26.207,Región Metropolitana de Santiago,"SISTEMAS, SOLUCIONES Y SERVICIOS SPA",Adhesivos de termo impregnación,IMPRIMAFLEX Adherente Universal. Balde 1kl. Especificaciones Adjuntas ,Artículos de fabricación y producción / Cintas adhesivas y selladores / Adhesivos y selladores,31201609,5.0,,6848.0,0.0,CLP
2115-781-AG26,2026-09-29T12:36:26.207,Región Metropolitana de Santiago,"SISTEMAS, SOLUCIONES Y SERVICIOS SPA",Herramientas de soldadura,Pistola Termoselladora 1600W 220V Soldador plástico tipo industrial. Especificaciones Adjuntas  ,Maquinaria para fabricación y transformación industrial / Maquinaria y suministros para talleres / Maquinaria para soldadura directa o indirecta,23171511,1.0,,82214.0,0.0,CLP
2358-373-AG26,2026-09-30T08:19:24.043,Región del Biobío,COMERCIAL TOBAL SPA,Llaves ajustables,"Compra de artículos de ferretería, monto máximo disponible: $ 450.000.-IVA incluido, considerando despacho. Adjuntar cotización, según cantidades y máximos a gastar; con oferta detallada en pesos – CL","Herramientas y maquinaria en general / Herramientas manuales / Llaves, destornilladores y guías",27111707,1.0,,124880.0,0.0,CLP
539119-3162-SE26,2026-09-29T15:56:02.03,Región de Valparaíso,BRUNO NICOLÁS MORAGA SEPÚLVEDA,Perfiles de montaje,"SUMINISTRO DE  ART. DE FERRETERIA PARA LA COMISION COMPLEJO VILLA ALEMANBA SEGUN SOLICITUD DE PEDIDO ADJUNTA, CORRESPONDIENTE AL MES DE SEPTIEMBRE DE 2026, DESDE LICITACION 539119-35-LQ25. LINEA 3",Artículos de fabricación y producción / Artículos de ferretería / Accesorios de Ferretería,31162301,1.0,,351839.0,351839.0,CLP
2663-609-SE26,2026-09-29T16:50:58.32,Región de Magallanes y de la Antártica,FERRETERIA EL AGUILA SPA,Plancha de acero,5 PLANCHA DE FIERRO ACANALADO 3” ,"Artículos para estructuras, obras y construcciones / Materiales estructurales básicos / Plancha",30102204,5.0,,17324.0,86620.0,CLP
3651-416-AG26,2026-09-29T11:31:41.887,Región del Biobío,FRANCO MARZIO FERRETTI SEPÚLVEDA,Cemento,"TAPA DE HORMIGON REDONDA DE 65 CM DE DIAMETRO ""TAPA DE ALCANTARILLA""","Artículos para estructuras, obras y construcciones / Hormigón, cemento y yeso / Cemento y cal",30111601,1.0,,50000.0,0.0,CLP
3447-2757-SE26,2026-09-29T17:59:16.573,Región de Tarapacá,HÉCTOR MICHEL SILVA ZÚÑIGA,Grapas de ferretería,"ITEM  8,27	CARRETILLA CONCRETERA C/RUEDA",Artículos de fabricación y producción / Artículos de ferretería / Cerrojos,31162404,1.0,,72269.0,72269.0,CLP
3447-2757-SE26,2026-09-29T17:59:16.573,Región de Tarapacá,HÉCTOR MICHEL SILVA ZÚÑIGA,Grapas de ferretería,"ITEM  9,31	MASCARA RESPIRADOR 3200 1 VIA 3M o SIMILAR",Artículos de fabricación y producción / Artículos de ferretería / Cerrojos,31162404,52.0,,11756.0,611312.0,CLP
3447-2757-SE26,2026-09-29T17:59:16.573,Región de Tarapacá,HÉCTOR MICHEL SILVA ZÚÑIGA,Grapas de ferretería,"ITEM 9,15	GUANTE CABRITILLA C/FORRO ",Artículos de fabricación y producción / Artículos de ferretería / Cerrojos,31162404,21.0,,3193.0,67053.0,CLP
2827-664-SE26,2026-09-28T17:08:23.9,Región del Maule,Aridos Quivolgo,Distribuidoras de áridos,"SUMINISTRO  MES DE SEPTIEMBRE 2026, CORRESPONDIENTE A CONTRATO SUMINISTRO ARIDOS  DESDE 2827-34-LE26, ADJUDICADA SEGUN DECRETO N° 1145/Q DE FECHA 07/04/2026, SOLICITADO EN MEMO N° 219/2026 DE MOVILIZA",Maquinaria para construcción y edificación / Maquinaria pesada de construcción / Equipos de pavimentación,22101610,1.0,,2970750.0,2970750.0,CLP
3598-764-SE26,2026-09-28T16:07:40.89,Región del Libertador General Bernardo O´Higgins,HUGO SEBASTIÁN VIDAL ROJAS,Tapa del estabilizador,"Tabla tapa 1x4 x 3,2 mts.","Equipamiento para manejo y estiba de materiales / Recipientes para almacenamiento / Toneles, cubas y bidones",24112111,200.0,,1134.455,226891.0,CLP
3598-764-SE26,2026-09-28T16:07:40.89,Región del Libertador General Bernardo O´Higgins,HUGO SEBASTIÁN VIDAL ROJAS,Malla,Malla acma cerco x 3 mts.,"Productos derivados de minerales, plantas y animales / Tejidos y materiales de cuero / Tejidos especiales",11162111,4.0,,20084.0,80336.0,CLP
3598-764-SE26,2026-09-28T16:07:40.89,Región del Libertador General Bernardo O´Higgins,HUGO SEBASTIÁN VIDAL ROJAS,Malla,Rollo malla ,"Productos derivados de minerales, plantas y animales / Tejidos y materiales de cuero / Tejidos especiales",11162111,2.0,,243697.4,487394.8,CLP
3598-764-SE26,2026-09-28T16:07:40.89,Región del Libertador General Bernardo O´Higgins,HUGO SEBASTIÁN VIDAL ROJAS,Pinturas de látex,Tineta látex,"Artículos de fabricación y producción / Pinturas, diluyentes y accesorios para pintado / Pinturas",31211506,6.0,,26806.7,160840.2,CLP
3598-764-SE26,2026-09-28T16:07:40.89,Región del Libertador General Bernardo O´Higgins,HUGO SEBASTIÁN VIDAL ROJAS,Clavos de tapicería,"Caja clavo de 3""",Artículos de fabricación y producción / Artículos de ferretería / Clavos,31162007,1.0,,37731.0,37731.0,CLP
3598-764-SE26,2026-09-28T16:07:40.89,Región del Libertador General Bernardo O´Higgins,HUGO SEBASTIÁN VIDAL ROJAS,Brochas,"Brocha madera 4""","Artículos de fabricación y producción / Pinturas, diluyentes y accesorios para pintado / Accesorios para pintar",31211904,3.0,,3529.2,10587.599999999999,CLP
3598-764-SE26,2026-09-28T16:07:40.89,Región del Libertador General Bernardo O´Higgins,HUGO SEBASTIÁN VIDAL ROJAS,Rodillos agrícolas,Rodillo de 7,"Maquinaria para agricultura, pesca y silvicultura / Maquinaria para agricultura, silvicultura y paisaje / Maquinaria agrícola para preparación del suelo",21101507,4.0,,3529.6,14118.4,CLP
3598-764-SE26,2026-09-28T16:07:40.89,Región del Libertador General Bernardo O´Higgins,HUGO SEBASTIÁN VIDAL ROJAS,Alambre soldador,Rollo alambre recocido N° 14 (1 kilo),Maquinaria para fabricación y transformación industrial / Maquinaria y suministros para talleres / Maquinaria para soldadura directa o indirecta,23171510,6.0,,2689.0,16134.0,CLP
3598-764-SE26,2026-09-28T16:07:40.89,Región del Libertador General Bernardo O´Higgins,HUGO SEBASTIÁN VIDAL ROJAS,Válvulas de retención a bisagra,Pomel con golilla 1/2x 72mm,"Equipamiento para el acondicionamiento, distribución y filtrado de fluidos / Control y distribución de líquidos y gases / Válvulas",40141634,61.0,,1008.41,61513.009999999995,CLP
3598-764-SE26,2026-09-28T16:07:40.89,Región del Libertador General Bernardo O´Higgins,HUGO SEBASTIÁN VIDAL ROJAS,Caja,Caja tira fondo 1/4x2 1/2 (100 un.),"Equipamiento para manejo y estiba de materiales / Recipientes para almacenamiento / Cofres, armarios y baúles para almacenaje",24112404,7.0,,7563.0,52941.0,CLP
3598-764-SE26,2026-09-28T16:07:40.89,Región del Libertador General Bernardo O´Higgins,HUGO SEBASTIÁN VIDAL ROJAS,Cubos o baldes para limpieza,Balde concretero ,Equipos y suministros de limpieza / Equipo de limpieza / Equipos de limpieza,47121804,30.0,,3277.3,98319.0,CLP
3598-764-SE26,2026-09-28T16:07:40.89,Región del Libertador General Bernardo O´Higgins,HUGO SEBASTIÁN VIDAL ROJAS,Mangueras para agua,Metro manguera jardín 3/4,"Equipamiento para el acondicionamiento, distribución y filtrado de fluidos / Control y distribución de líquidos y gases / Mangueras",40142008,15.0,,1218.45,18276.75,CLP
3598-764-SE26,2026-09-28T16:07:40.89,Región del Libertador General Bernardo O´Higgins,HUGO SEBASTIÁN VIDAL ROJAS,Conector de remolque,Conector con acople 3/4,Artículos de fabricación y producción / Artículos de ferretería / Conectores,31163103,2.0,,1672.3,3344.6,CLP
3962-716-SE26,2026-09-28T17:21:38.78,Región del Biobío,SOC. EXP E IMP M&M LTDA,Tablero de partículas,OSB de 8 mm,"Productos derivados de minerales, plantas y animales / Productos no comestibles de origen vegetal / Madera",11121611,6.0,,13000.0,78000.0,CLP
3962-716-SE26,2026-09-28T17:21:38.78,Región del Biobío,SOC. EXP E IMP M&M LTDA,Madera de coníferas,Listón de pino de 2x3x3.20,"Productos derivados de minerales, plantas y animales / Productos no comestibles de origen vegetal / Madera",11121604,10.0,,2900.0,29000.0,CLP
3962-721-SE26,2026-09-28T17:19:12.123,Región del Biobío,SOC. EXP E IMP M&M LTDA,Tablero de partículas,Vulcanita de 10 mm,"Productos derivados de minerales, plantas y animales / Productos no comestibles de origen vegetal / Madera",11121611,7.0,,7000.0,49000.0,CLP
3962-721-SE26,2026-09-28T17:19:12.123,Región del Biobío,SOC. EXP E IMP M&M LTDA,Tornillos para madera,Tornillo vulcanita de 1 1/2,Artículos de fabricación y producción / Artículos de ferretería / Tornillos,31161508,2.0,,1650.0,3300.0,CLP
3962-722-SE26,2026-09-28T17:17:06.797,Región del Biobío,SOC. EXP E IMP M&M LTDA,Plancha de cinc,Zinc 5V de 0.30x300,"Artículos para estructuras, obras y construcciones / Materiales estructurales básicos / Plancha",30102212,8.0,,11000.0,88000.0,CLP
3962-725-SE26,2026-09-28T17:13:03.507,Región del Biobío,SOC. EXP E IMP M&M LTDA,Plancha de cinc,Zinc acanalado de 0.30x3.66,"Artículos para estructuras, obras y construcciones / Materiales estructurales básicos / Plancha",30102212,7.0,,12000.0,84000.0,CLP
3962-729-SE26,2026-09-28T17:06:40.06,Región del Biobío,SOC. EXP E IMP M&M LTDA,Plancha de cinc,Zinc acanalado de 0.30x3.66,"Artículos para estructuras, obras y construcciones / Materiales estructurales básicos / Plancha",30102212,8.0,,12000.0,96000.0,CLP
4157-897-AG26,2026-09-28T11:24:35.567,Región del Ñuble,COMERCIALIZADORA Y AGROFERRETERÍA LAS QUILAS SPA,Puertas de madera,PUERTA NUDO 2 PANELES PINO 80*200 ,"Artículos para estructuras, obras y construcciones / Puertas, ventanas y vidrios / Puertas",30171504,1.0,,90000.0,0.0,CLP
4157-897-AG26,2026-09-28T11:24:35.567,Región del Ñuble,COMERCIALIZADORA Y AGROFERRETERÍA LAS QUILAS SPA,Puertas de madera,GUARDA POLVO 3/4*3,"Artículos para estructuras, obras y construcciones / Puertas, ventanas y vidrios / Puertas",30171504,4.0,,2500.0,0.0,CLP
4157-897-AG26,2026-09-28T11:24:35.567,Región del Ñuble,COMERCIALIZADORA Y AGROFERRETERÍA LAS QUILAS SPA,Puertas de madera,PINO BRUTO 2*4,"Artículos para estructuras, obras y construcciones / Puertas, ventanas y vidrios / Puertas",30171504,1.0,,5000.0,0.0,CLP
4157-897-AG26,2026-09-28T11:24:35.567,Región del Ñuble,COMERCIALIZADORA Y AGROFERRETERÍA LAS QUILAS SPA,Puertas de madera,SET DE BISAGRAS 3 1/2 * 3 1/2,"Artículos para estructuras, obras y construcciones / Puertas, ventanas y vidrios / Puertas",30171504,1.0,,3000.0,0.0,CLP
3962-713-SE26,2026-09-28T17:21:45.51,Región del Biobío,SOC. EXP E IMP M&M LTDA,Plancha de cinc,Zinc acanalado de 0.30x3.66,"Artículos para estructuras, obras y construcciones / Materiales estructurales básicos / Plancha",30102212,6.0,,12000.0,72000.0,CLP
3962-713-SE26,2026-09-28T17:21:45.51,Región del Biobío,SOC. EXP E IMP M&M LTDA,Cartones para techar,Fieltro liso de 40 metros ,"Artículos para estructuras, obras y construcciones / Materiales para terminaciones exteriores / Materiales para techumbres",30151504,1.0,,12000.0,12000.0,CLP
3962-713-SE26,2026-09-28T17:21:45.51,Región del Biobío,SOC. EXP E IMP M&M LTDA,Madera de coníferas,Listón de pino de 2x3x3.20,"Productos derivados de minerales, plantas y animales / Productos no comestibles de origen vegetal / Madera",11121604,10.0,,2900.0,29000.0,CLP
3962-726-SE26,2026-09-28T17:08:28.47,Región del Biobío,SOC. EXP E IMP M&M LTDA,Grava,Cubo de ripio ,"Productos derivados de minerales, plantas y animales / Tierra y piedra / Piedras",11111611,1.0,,34000.0,34000.0,CLP
3962-732-SE26,2026-09-28T17:08:21.333,Región del Biobío,SOC. EXP E IMP M&M LTDA,Plancha de cinc,Zinc 5V de 0.30x300,"Artículos para estructuras, obras y construcciones / Materiales estructurales básicos / Plancha",30102212,8.0,,11000.0,88000.0,CLP
3378-8295-AG26,2026-09-30T12:25:11.89,Región Metropolitana de Santiago,JAIME ANTONIO ,Servicios de demolición,Servicio de desmontaje y retiro de estructura metálica en torres de enfriamiento del HMS. Detalle de lo solicitado en ficha técnica adjunta.,"Servicios de construcción y mantenimiento / Servicios de atención, mantenimiento y reparaciones de edificios / Servicios de preparación de sitios",72103003,1.0,,4500000.0,0.0,CLP
2358-375-AG26,2026-09-30T08:10:08.847,Región del Biobío,COMERCIAL TOBAL SPA,Soldadura,"Compra de artículos de ferretería, monto máximo disponible: $ 3.000.000.-IVA incluido, considerando despacho. Adjuntar cotización, según cantidades y máximos a gastar; con oferta detallada en pesos – ",Maquinaria para fabricación y transformación industrial / Maquinaria y suministros para talleres / Maquinaria para soldadura directa o indirecta,23171509,1.0,,431494.0,0.0,CLP
3962-714-SE26,2026-09-28T17:19:22.023,Región del Biobío,SOC. EXP E IMP M&M LTDA,Tablero de partículas,OSB de 8 mm,"Productos derivados de minerales, plantas y animales / Productos no comestibles de origen vegetal / Madera",11121611,4.0,,13000.0,52000.0,CLP
3962-714-SE26,2026-09-28T17:19:22.023,Región del Biobío,SOC. EXP E IMP M&M LTDA,Plancha de cinc,Zinc acanalado de 0.30x3.66,"Artículos para estructuras, obras y construcciones / Materiales estructurales básicos / Plancha",30102212,4.0,,12000.0,48000.0,CLP
3962-714-SE26,2026-09-28T17:19:22.023,Región del Biobío,SOC. EXP E IMP M&M LTDA,Cartones para techar,Fieltro liso de 40 metros ,"Artículos para estructuras, obras y construcciones / Materiales para terminaciones exteriores / Materiales para techumbres",30151504,1.0,,12000.0,12000.0,CLP
3962-718-SE26,2026-09-28T17:20:36.28,Región del Biobío,SOC. EXP E IMP M&M LTDA,Tablero de partículas,OSB de 8 mm,"Productos derivados de minerales, plantas y animales / Productos no comestibles de origen vegetal / Madera",11121611,6.0,,13000.0,78000.0,CLP
3962-718-SE26,2026-09-28T17:20:36.28,Región del Biobío,SOC. EXP E IMP M&M LTDA,Aislamiento de tabla rígida,Internit de 4 mm,"Artículos para estructuras, obras y construcciones / Aislantes / Aislamiento térmico",30141507,3.0,,8500.0,25500.0,CLP
3962-730-SE26,2026-09-28T17:10:15.777,Región del Biobío,SOC. EXP E IMP M&M LTDA,Plancha de cinc,Zinc acanalado de 0.30x3.66,"Artículos para estructuras, obras y construcciones / Materiales estructurales básicos / Plancha",30102212,8.0,,12000.0,96000.0,CLP
2696-128-SE26,2026-09-28T17:24:27.55,Región de Valparaíso,ingenieria maitenes spa,Madera de coníferas,"(ID CS 19) PINO 1X4 EN 3,20M, CEP.","Productos derivados de minerales, plantas y animales / Productos no comestibles de origen vegetal / Madera",11121604,9.0,,2966.0,26694.0,CLP
2696-128-SE26,2026-09-28T17:24:27.55,Región de Valparaíso,ingenieria maitenes spa,Molduras no metálicas,"(ID CS 54) CORNIZA 19 X 19 3 MTS
","Artículos para estructuras, obras y construcciones / Materiales estructurales básicos / Molduras",30103313,18.0,,2076.0,37368.0,CLP
2696-128-SE26,2026-09-28T17:24:27.55,Región de Valparaíso,ingenieria maitenes spa,Clavo-tornillo,"(ID CS 213) AUTO PERFORANTE 2"" 100UNIDADES",Artículos de fabricación y producción / Artículos de ferretería / Tornillos,31161503,1.0,,10908.0,10908.0,CLP
2696-128-SE26,2026-09-28T17:24:27.55,Región de Valparaíso,ingenieria maitenes spa,Clavo-tornillo,(ID CS 1266) PUNTA PHILLIP LARGA,Artículos de fabricación y producción / Artículos de ferretería / Tornillos,31161503,3.0,,1828.0,5484.0,CLP
2696-128-SE26,2026-09-28T17:24:27.55,Región de Valparaíso,ingenieria maitenes spa,Pestillo,(ID CS 493) PICAPORTE 5/8 X 100 (PICAPORTE VERTICAL),Artículos de fabricación y producción / Artículos de ferretería / Cerrojos,31162407,40.0,,12862.0,514480.0,CLP
2696-128-SE26,2026-09-28T17:24:27.55,Región de Valparaíso,ingenieria maitenes spa,Diluyentes para pinturas,(ID CS 680) AGUARRÁS 1L,"Artículos de fabricación y producción / Pinturas, diluyentes y accesorios para pintado / Aditivos para pinturas",31211604,2.0,,2701.0,5402.0,CLP
2696-128-SE26,2026-09-28T17:24:27.55,Región de Valparaíso,ingenieria maitenes spa,Latas de pintura o barniz,(ID CS 714) BARNIZ MARINO GALÓN NATURAL,Equipamiento para manejo y estiba de materiales / Materiales para envasado / Latas para envasado,24121802,2.0,,19644.0,39288.0,CLP
2696-128-SE26,2026-09-28T17:24:27.55,Región de Valparaíso,ingenieria maitenes spa,Brochas,"(ID CS 724) BROCHAS 3""","Artículos de fabricación y producción / Pinturas, diluyentes y accesorios para pintado / Accesorios para pintar",31211904,3.0,,2874.0,8622.0,CLP
2696-128-SE26,2026-09-28T17:24:27.55,Región de Valparaíso,ingenieria maitenes spa,Juegos de cerraduras,(ID CS 781) CERRADURA CILINDRICA LIBRE PASO,"Equipos y suministros de defensa, orden público, protección y seguridad / Seguridad, vigilancia y detección / Cerraduras, elementos de seguridad y accesorios",46171503,10.0,,13782.0,137820.0,CLP
2696-128-SE26,2026-09-28T17:24:27.55,Región de Valparaíso,ingenieria maitenes spa,Juegos de cerraduras,(ID CS 787) CERROJO (SEGURIDAD),"Equipos y suministros de defensa, orden público, protección y seguridad / Seguridad, vigilancia y detección / Cerraduras, elementos de seguridad y accesorios",46171503,10.0,,45966.0,459660.0,CLP
2696-128-SE26,2026-09-28T17:24:27.55,Región de Valparaíso,ingenieria maitenes spa,Juegos de plantillas de herramienta,(ID CS 1235) CEPILLADORA ELECTRICA 1.050W TOTAL,Herramientas y maquinaria en general / Herramientas manuales / Accesorios para herramientas,27112825,1.0,,114931.0,114931.0,CLP
2696-128-SE26,2026-09-28T17:24:27.55,Región de Valparaíso,ingenieria maitenes spa,"Maquinaria de Formar, Rellenar o Sellar",(ID CS 1247) FORMÓN 1/2,Maquinaria para fabricación y transformación industrial / Maquinaria y suministros de procesos industriales / Maquinaria para envasar,23152902,1.0,,6552.0,6552.0,CLP
2696-128-SE26,2026-09-28T17:24:27.55,Región de Valparaíso,ingenieria maitenes spa,"Maquinaria de Formar, Rellenar o Sellar",(ID CS 1248) FORMÓN 3/8,Maquinaria para fabricación y transformación industrial / Maquinaria y suministros de procesos industriales / Maquinaria para envasar,23152902,1.0,,5172.0,5172.0,CLP
2696-128-SE26,2026-09-28T17:24:27.55,Región de Valparaíso,ingenieria maitenes spa,Clavo-tornillo,"(ID CS 193) CLAVOS PUNTA 1 1/2""",Artículos de fabricación y producción / Artículos de ferretería / Tornillos,31161503,1.0,,4471.0,4471.0,CLP
2696-128-SE26,2026-09-28T17:24:27.55,Región de Valparaíso,ingenieria maitenes spa,Topes de puerta,"(ID CS 1398) BISAGRA  3 """,Artículos de fabricación y producción / Artículos de ferretería / Accesorios varios,31162804,43.0,,2414.0,103802.0,CLP
2696-128-SE26,2026-09-28T17:24:27.55,Región de Valparaíso,ingenieria maitenes spa,Puertas de madera,(ID CS 165) PUERTA OREGÓN 070 X 2 TRANCURA,"Artículos para estructuras, obras y construcciones / Puertas, ventanas y vidrios / Puertas",30171504,6.0,,112632.0,675792.0,CLP
2696-128-SE26,2026-09-28T17:24:27.55,Región de Valparaíso,ingenieria maitenes spa,Cepilladoras,(ID CS 1249) FORMÓN 3/4,"Maquinaria para fabricación y transformación industrial / Maquinaria para transformación de materias primas / Maquinaria para trabajar madera, piedra, cerámica y similares",23101514,1.0,,8276.0,8276.0,CLP
4829-572-AG26,2026-09-30T10:15:21.627,Región del Biobío,SANTAB.CL SPA,Candados,ADQUISICION DE ARTICULOS DE FERRETERIA SEGUN ESPECIFICACIONES TECNICAS Y DETALLE ADJUNTO.,"Equipos y suministros de defensa, orden público, protección y seguridad / Seguridad, vigilancia y detección / Cerraduras, elementos de seguridad y accesorios",46171501,1.0,,184700.0,0.0,CLP
3810-953-CM26,2026-09-28T09:14:31.683,Región del Libertador General Bernardo O´Higgins,MAXVAL SPA,CINTA DE ENMASCARAR TESA ROLLO 48MM X 40M CREMA UNIDAD REGIÓN VI,(2093641) CINTA DE ENMASCARAR TESA ROLLO 48MM X 40M CREMA UNIDAD REGIÓN VI,,0,300.0,,3608.0,1082400.0,CLP
3810-953-CM26,2026-09-28T09:14:31.683,Región del Libertador General Bernardo O´Higgins,MAXVAL SPA,DILUYENTE PASSOL TRÁFICO 5 LITROS UNIDAD REGIÓN VI,(2102362) DILUYENTE PASSOL TRÁFICO 5 LITROS UNIDAD REGIÓN VI,,0,25.0,,17030.0,425750.0,CLP
3962-715-SE26,2026-09-28T17:21:41.987,Región del Biobío,SOC. EXP E IMP M&M LTDA,Arena silícea,Cubo de arena ,"Productos derivados de minerales, plantas y animales / Tierra y piedra / Arena",11111701,1.0,,30000.0,30000.0,CLP
3962-715-SE26,2026-09-28T17:21:41.987,Región del Biobío,SOC. EXP E IMP M&M LTDA,Grava,Cubo de gravilla ,"Productos derivados de minerales, plantas y animales / Tierra y piedra / Piedras",11111611,1.0,,34000.0,34000.0,CLP
3962-715-SE26,2026-09-28T17:21:41.987,Región del Biobío,SOC. EXP E IMP M&M LTDA,Cemento,Cemento 25 kilos ,"Artículos para estructuras, obras y construcciones / Hormigón, cemento y yeso / Cemento y cal",30111601,10.0,,4800.0,48000.0,CLP
3962-727-SE26,2026-09-28T17:12:59.55,Región del Biobío,SOC. EXP E IMP M&M LTDA,Baños portátiles,Fosa séptica de 1200 litros ,"Artículos para estructuras, obras y construcciones / Estructuras prefabricadas / Construcciones comerciales e industriales prefabricadas",30201706,1.0,,135000.0,135000.0,CLP
3962-734-SE26,2026-09-28T17:06:32.677,Región del Biobío,SOC. EXP E IMP M&M LTDA,Tablero de partículas,OSB de 8 mm,"Productos derivados de minerales, plantas y animales / Productos no comestibles de origen vegetal / Madera",11121611,8.0,,13000.0,104000.0,CLP
483-575-SE26,2026-09-30T12:22:26.523,Región del Biobío,GARDY HUGO AGUAYO TAPIA,Materiales para guarniciones exteriores,,"Artículos para estructuras, obras y construcciones / Materiales para terminaciones exteriores / Materiales para acabado",30151902,1.0,,1865500.0,1865500.0,CLP
4195-1172-SE26,2026-09-30T15:37:00.937,Región de los Lagos,MARCOS AURELIO MACÍAS DEMARCHI,Tablero de partículas,PLANCHA DE TERCIADO ESTRUCTURAL 18 MM,"Productos derivados de minerales, plantas y animales / Productos no comestibles de origen vegetal / Madera",11121611,7.0,,23487.3949579832,164411.7647058824,CLP
4195-1172-SE26,2026-09-30T15:37:00.937,Región de los Lagos,MARCOS AURELIO MACÍAS DEMARCHI,Clavos de acabado,"CLAVO 3"" KG",Artículos de fabricación y producción / Artículos de ferretería / Clavos,31162003,1.0,,1848.7394957983,1848.7394957983,CLP
4195-1172-SE26,2026-09-30T15:37:00.937,Región de los Lagos,MARCOS AURELIO MACÍAS DEMARCHI,Tablero de partículas,"PLANCHAS DE OSB 9,5 MM","Productos derivados de minerales, plantas y animales / Productos no comestibles de origen vegetal / Madera",11121611,5.0,,11747.8991596639,58739.495798319505,CLP
552757-248-AG26,2026-09-30T08:20:45.23,Región del Libertador General Bernardo O´Higgins,ASESORIAS E INVERSIONES RALO LIMITADA,Distribuidores de pegamento o recambios,Lata pegamento 3.8 litros gobusa,"Equipos, accesorios y suministros de oficina / Suministros de oficina / Suministros de escritorio",44121631,5.0,,18850.0,0.0,CLP
552757-248-AG26,2026-09-30T08:20:45.23,Región del Libertador General Bernardo O´Higgins,ASESORIAS E INVERSIONES RALO LIMITADA,Distribuidores de pegamento o recambios,Lata pegamento 18 litros gobusa,"Equipos, accesorios y suministros de oficina / Suministros de oficina / Suministros de escritorio",44121631,1.0,,86351.0,0.0,CLP
552757-248-AG26,2026-09-30T08:20:45.23,Región del Libertador General Bernardo O´Higgins,ASESORIAS E INVERSIONES RALO LIMITADA,Garruchas o ladrillo de piso de Slickline,Palmeta Caucho,Maquinaria para minería y perforación / Equipo para perforación y exploración para petróleo / Equipo de Slickline/ película oleosa,20122336,56.0,,20729.0,0.0,CLP
1057501-9936-AG26,2026-09-01T16:27:36.597,Región Metropolitana de Santiago,J RAVERA Y COMPANIA LIMITADA,Kits de montaje,"33-330-400-039-00	DESAGUE P/ LAVAMANOS C/REBALSE LARGO
",Artículos de fabricación y producción / Artículos de ferretería / Accesorios de Ferretería,31162313,10.0,,5196.0,0.0,CLP
1057501-9936-AG26,2026-09-01T16:27:36.597,Región Metropolitana de Santiago,J RAVERA Y COMPANIA LIMITADA,Kits de montaje,"33-110-150-046-00	DIABLITO GRANDE
",Artículos de fabricación y producción / Artículos de ferretería / Accesorios de Ferretería,31162313,1.0,,7554.0,0.0,CLP
1057501-9936-AG26,2026-09-01T16:27:36.597,Región Metropolitana de Santiago,J RAVERA Y COMPANIA LIMITADA,Kits de montaje,"33-330-400-001-00	DUCHA TELEFONO
",Artículos de fabricación y producción / Artículos de ferretería / Accesorios de Ferretería,31162313,50.0,,4663.0,0.0,CLP
1057501-9936-AG26,2026-09-01T16:27:36.597,Región Metropolitana de Santiago,J RAVERA Y COMPANIA LIMITADA,Kits de montaje,"33-440-500-006-00	HOJA DE SIERRA
",Artículos de fabricación y producción / Artículos de ferretería / Accesorios de Ferretería,31162313,100.0,,741.0,0.0,CLP
1057501-9936-AG26,2026-09-01T16:27:36.597,Región Metropolitana de Santiago,J RAVERA Y COMPANIA LIMITADA,Kits de montaje,"33-660-300-016-00	LINTERNA RECARGABLE GRANDE C/BATERIA
",Artículos de fabricación y producción / Artículos de ferretería / Accesorios de Ferretería,31162313,3.0,,15877.0,0.0,CLP
1057501-9936-AG26,2026-09-01T16:27:36.597,Región Metropolitana de Santiago,J RAVERA Y COMPANIA LIMITADA,Kits de montaje,"33-330-200-004-00	LLAVE LAVAMANOS  COD-1001 FAS
",Artículos de fabricación y producción / Artículos de ferretería / Accesorios de Ferretería,31162313,50.0,,9173.0,0.0,CLP
1057501-9936-AG26,2026-09-01T16:27:36.597,Región Metropolitana de Santiago,J RAVERA Y COMPANIA LIMITADA,Kits de montaje,"33-110-250-012-00	PESTILLO DE 4""
",Artículos de fabricación y producción / Artículos de ferretería / Accesorios de Ferretería,31162313,50.0,,1240.0,0.0,CLP
1057501-9936-AG26,2026-09-01T16:27:36.597,Región Metropolitana de Santiago,J RAVERA Y COMPANIA LIMITADA,Kits de montaje,"33-110-250-008-00	PICAPORTE CHICO DE 5""
",Artículos de fabricación y producción / Artículos de ferretería / Accesorios de Ferretería,31162313,50.0,,5130.0,0.0,CLP
1057501-9936-AG26,2026-09-01T16:27:36.597,Región Metropolitana de Santiago,J RAVERA Y COMPANIA LIMITADA,Kits de montaje,"33-110-250-009-00	PICAPORTE DE 3""
",Artículos de fabricación y producción / Artículos de ferretería / Accesorios de Ferretería,31162313,50.0,,1429.0,0.0,CLP
1057501-9936-AG26,2026-09-01T16:27:36.597,Región Metropolitana de Santiago,J RAVERA Y COMPANIA LIMITADA,Kits de montaje,"34-100-100-199-00	RENOVADOR DE GOMA EN SPRAY  (movilización)
",Artículos de fabricación y producción / Artículos de ferretería / Accesorios de Ferretería,31162313,20.0,,3017.0,0.0,CLP
1057501-9936-AG26,2026-09-01T16:27:36.597,Región Metropolitana de Santiago,J RAVERA Y COMPANIA LIMITADA,Kits de montaje,"33-220-150-082-00	RIEL DIN
",Artículos de fabricación y producción / Artículos de ferretería / Accesorios de Ferretería,31162313,10.0,,1240.0,0.0,CLP
1057501-9936-AG26,2026-09-01T16:27:36.597,Región Metropolitana de Santiago,J RAVERA Y COMPANIA LIMITADA,Kits de montaje,"33-440-200-016-00	RUEDA DE 2""  CON BASE PLANA
",Artículos de fabricación y producción / Artículos de ferretería / Accesorios de Ferretería,31162313,300.0,,1397.0,0.0,CLP
1057501-9936-AG26,2026-09-01T16:27:36.597,Región Metropolitana de Santiago,J RAVERA Y COMPANIA LIMITADA,Kits de montaje,"33-440-200-008-00	RUEDAS DE 3"" X 1 1/4 BASE GIRATORIA REDONDA
",Artículos de fabricación y producción / Artículos de ferretería / Accesorios de Ferretería,31162313,100.0,,824.0,0.0,CLP
1057501-9936-AG26,2026-09-01T16:27:36.597,Región Metropolitana de Santiago,J RAVERA Y COMPANIA LIMITADA,Kits de montaje,"33-110-100-023-00	SELLADOR ADHESIVO POLIURETANO SIKAFLEX COLOR GRIS 300ML
",Artículos de fabricación y producción / Artículos de ferretería / Accesorios de Ferretería,31162313,10.0,,11828.0,0.0,CLP
1057501-9936-AG26,2026-09-01T16:27:36.597,Región Metropolitana de Santiago,J RAVERA Y COMPANIA LIMITADA,Kits de montaje,"33-110-150-041-00	SOBERBIOS  CON TAPA CAFE DE 3/16 X 2 ""
",Artículos de fabricación y producción / Artículos de ferretería / Accesorios de Ferretería,31162313,10.0,,3002.0,0.0,CLP
1057501-9936-AG26,2026-09-01T16:27:36.597,Región Metropolitana de Santiago,J RAVERA Y COMPANIA LIMITADA,Kits de montaje,"33-110-150-040-00	SOBERBIOS DE 3/16 X 2 ""
",Artículos de fabricación y producción / Artículos de ferretería / Accesorios de Ferretería,31162313,10.0,,3002.0,0.0,CLP
1057501-9936-AG26,2026-09-01T16:27:36.597,Región Metropolitana de Santiago,J RAVERA Y COMPANIA LIMITADA,Kits de montaje,"33-330-300-005-00	TAPA GORRO PVC 40 MM
",Artículos de fabricación y producción / Artículos de ferretería / Accesorios de Ferretería,31162313,50.0,,340.0,0.0,CLP
1057501-9936-AG26,2026-09-01T16:27:36.597,Región Metropolitana de Santiago,J RAVERA Y COMPANIA LIMITADA,Kits de montaje,"33-330-300-024-00	TAPA GORRO PVC 50 MM
",Artículos de fabricación y producción / Artículos de ferretería / Accesorios de Ferretería,31162313,50.0,,370.0,0.0,CLP
1057501-9936-AG26,2026-09-01T16:27:36.597,Región Metropolitana de Santiago,J RAVERA Y COMPANIA LIMITADA,Kits de montaje,"33-330-500-162-00	TEFLON PARA GAS DE 1/2"" 10M
",Artículos de fabricación y producción / Artículos de ferretería / Accesorios de Ferretería,31162313,100.0,,521.0,0.0,CLP
1057501-9936-AG26,2026-09-01T16:27:36.597,Región Metropolitana de Santiago,J RAVERA Y COMPANIA LIMITADA,Kits de montaje,"33-330-400-006-00	TIRA CADENAS O MANILLA ESTANQUE SILENCIOSO METALICA
",Artículos de fabricación y producción / Artículos de ferretería / Accesorios de Ferretería,31162313,100.0,,2798.0,0.0,CLP
1057501-9936-AG26,2026-09-01T16:27:36.597,Región Metropolitana de Santiago,J RAVERA Y COMPANIA LIMITADA,Kits de montaje,"33-110-500-031-00	TORNILLO P/MADERA 1*8 MM
",Artículos de fabricación y producción / Artículos de ferretería / Accesorios de Ferretería,31162313,5.0,,962.0,0.0,CLP
1057501-9936-AG26,2026-09-01T16:27:36.597,Región Metropolitana de Santiago,J RAVERA Y COMPANIA LIMITADA,Kits de montaje,"33-440-100-097-00	TORNILLOS AUTOPERFORANTE DE 8  X 1/2  CABEZA  LENTEJA
",Artículos de fabricación y producción / Artículos de ferretería / Accesorios de Ferretería,31162313,500.0,,11.0,0.0,CLP
1057501-9936-AG26,2026-09-01T16:27:36.597,Región Metropolitana de Santiago,J RAVERA Y COMPANIA LIMITADA,Kits de montaje,"33-440-100-090-00	TORNILLOS AUTOPERFORANTE DE 8  X 2
",Artículos de fabricación y producción / Artículos de ferretería / Accesorios de Ferretería,31162313,500.0,,25.0,0.0,CLP
1057501-9936-AG26,2026-09-01T16:27:36.597,Región Metropolitana de Santiago,J RAVERA Y COMPANIA LIMITADA,Kits de montaje,"33-440-100-083-00	TORNILLOS LENTEJA PUNTA BROCA DE 8 X 1/2""
",Artículos de fabricación y producción / Artículos de ferretería / Accesorios de Ferretería,31162313,500.0,,11.0,0.0,CLP
1057501-9936-AG26,2026-09-01T16:27:36.597,Región Metropolitana de Santiago,J RAVERA Y COMPANIA LIMITADA,Kits de montaje,"33-660-300-028-00	TRAJE DE AGUA Y  SEGURIDAD  PVC  AMARILLO ( T/L T/XL)
",Artículos de fabricación y producción / Artículos de ferretería / Accesorios de Ferretería,31162313,30.0,,6352.0,0.0,CLP
539119-3177-SE26,2026-09-29T15:59:24.983,Región de Valparaíso,BRUNO NICOLÁS MORAGA SEPÚLVEDA,Perfiles de montaje,"SUMINISTRO DE  ART. DE FERRETERIA PARA LA COMISION COMPLEJO CACHAGUA SEGUN SOLICITUD DE PEDIDO ADJUNTA, CORRESPONDIENTE AL MES DE SEPTIEMBRE DE 2026, DESDE LICITACION 539119-35-LQ25. LINEA 3",Artículos de fabricación y producción / Artículos de ferretería / Accesorios de Ferretería,31162301,1.0,,2277667.0,2277667.0,CLP
3764-622-SE26,2026-09-29T08:22:25.607,Región del Libertador General Bernardo O´Higgins,VALENTÍN SEGUNDO MÁRQUEZ RIVERA,Cinc,"06 PLANCHAS DE ZINC ACANALADO DE 3 MTS
04 CARGA DE TAPA DE 1 X 4 3.20 METROS, AYUDA SOCIAL PARA (E.O.A.)","Productos derivados de minerales, plantas y animales / Minerales y metales / Metales base",11101719,1.0,,98800.0,98800.0,CLP
3764-622-SE26,2026-09-29T08:22:25.607,Región del Libertador General Bernardo O´Higgins,VALENTÍN SEGUNDO MÁRQUEZ RIVERA,Tablero de yeso,"8 PLANCHAS DE VOLCANITA DE 10 MM, AYUDA SOCIAL PARA (L.J.R.) ","Artículos para estructuras, obras y construcciones / Materiales para terminaciones de interiores / Materiales para acabados de paredes",30161509,1.0,,48000.0,48000.0,CLP
3764-622-SE26,2026-09-29T08:22:25.607,Región del Libertador General Bernardo O´Higgins,VALENTÍN SEGUNDO MÁRQUEZ RIVERA,Cinc,"12 PLANCHAS DE ZINC ACANALADO DE 2,5 MTS.,  AYUDA SOLCIAL PARA (F.Y.M.)","Productos derivados de minerales, plantas y animales / Minerales y metales / Metales base",11101719,1.0,,89400.0,89400.0,CLP
3764-622-SE26,2026-09-29T08:22:25.607,Región del Libertador General Bernardo O´Higgins,VALENTÍN SEGUNDO MÁRQUEZ RIVERA,Tablero de yeso,"20 PLANCHAS DE VOLCANITA DE 10 MM, PARA AYUDA SOCIAL DE (V.M.V.)","Artículos para estructuras, obras y construcciones / Materiales para terminaciones de interiores / Materiales para acabados de paredes",30161509,1.0,,120000.0,120000.0,CLP
3764-622-SE26,2026-09-29T08:22:25.607,Región del Libertador General Bernardo O´Higgins,VALENTÍN SEGUNDO MÁRQUEZ RIVERA,Servicio de gasfitería y alcantarillado, 1 FOSA SEPTICA DE HORIZONTAL DE 1.200 LITROS,"Servicios basados en ingeniería, ciencias sociales y tecnología de la información / Metodologías y tecnologías para mejorar la producción y la fabricación / Administración de edificios e instalaciones",81141807,1.0,,148600.0,148600.0,CLP
3764-622-SE26,2026-09-29T08:22:25.607,Región del Libertador General Bernardo O´Higgins,VALENTÍN SEGUNDO MÁRQUEZ RIVERA,Murallas de fibrocemento,"08 PLANCHAS DE FIBROCEMENTO DE 5 MM, PARA AYUDA SOCIAL PARA (L.O.B.)","Artículos para estructuras, obras y construcciones / Materiales para terminaciones exteriores / Cercos",30152003,1.0,,74400.0,74400.0,CLP
3764-622-SE26,2026-09-29T08:22:25.607,Región del Libertador General Bernardo O´Higgins,VALENTÍN SEGUNDO MÁRQUEZ RIVERA,Tablero de yeso,"15 PLANCHAS DE VOLCANITA DE 10 MM, PARA AYUDA SOCIAL (P.S.G.) ","Artículos para estructuras, obras y construcciones / Materiales para terminaciones de interiores / Materiales para acabados de paredes",30161509,1.0,,90000.0,90000.0,CLP
3764-622-SE26,2026-09-29T08:22:25.607,Región del Libertador General Bernardo O´Higgins,VALENTÍN SEGUNDO MÁRQUEZ RIVERA,Cemento,"12 SACOS DE CEMENTO DE 25 KILOS, PARA AYUDA SOCIAL ( Y.L.D.)","Artículos para estructuras, obras y construcciones / Hormigón, cemento y yeso / Cemento y cal",30111601,1.0,,55200.0,55200.0,CLP
3764-622-SE26,2026-09-29T08:22:25.607,Región del Libertador General Bernardo O´Higgins,VALENTÍN SEGUNDO MÁRQUEZ RIVERA,Tablero de yeso,"15 PLANCHAS DE VOLCANITA DE 10 MM, PARA YUDA SOCIAL (C.S.M.)","Artículos para estructuras, obras y construcciones / Materiales para terminaciones de interiores / Materiales para acabados de paredes",30161509,1.0,,90000.0,90000.0,CLP
3764-622-SE26,2026-09-29T08:22:25.607,Región del Libertador General Bernardo O´Higgins,VALENTÍN SEGUNDO MÁRQUEZ RIVERA,Murallas de fibrocemento,"20 PLANCHAS DE FIBROCEMENTO DE 5 MM, PARA AYUDA SOCIAL (D.O.C.)","Artículos para estructuras, obras y construcciones / Materiales para terminaciones exteriores / Cercos",30152003,1.0,,186000.0,186000.0,CLP
3764-622-SE26,2026-09-29T08:22:25.607,Región del Libertador General Bernardo O´Higgins,VALENTÍN SEGUNDO MÁRQUEZ RIVERA,Murallas de fibrocemento,06 PLANCHAS DE FIBROCEMENTO DE 5 MM. PARA AYUDA SOCIAL (O.A.L.) ,"Artículos para estructuras, obras y construcciones / Materiales para terminaciones exteriores / Cercos",30152003,1.0,,55800.0,55800.0,CLP
3764-622-SE26,2026-09-29T08:22:25.607,Región del Libertador General Bernardo O´Higgins,VALENTÍN SEGUNDO MÁRQUEZ RIVERA,Cinc,"10 PLANCHAS DE ZINC ACANALADO DE 3.66 METROS, PARA AYUDA SOCIAL (M.O.M.)","Productos derivados de minerales, plantas y animales / Minerales y metales / Metales base",11101719,1.0,,109000.0,109000.0,CLP
3764-622-SE26,2026-09-29T08:22:25.607,Región del Libertador General Bernardo O´Higgins,VALENTÍN SEGUNDO MÁRQUEZ RIVERA,Cinc,"22 PLANCHAS DE ZINC ACANALADO DE 2.5 METROS, PARA AYUDA SOCIAL (A.D.L.)","Productos derivados de minerales, plantas y animales / Minerales y metales / Metales base",11101719,1.0,,163900.0,163900.0,CLP
3764-622-SE26,2026-09-29T08:22:25.607,Región del Libertador General Bernardo O´Higgins,VALENTÍN SEGUNDO MÁRQUEZ RIVERA,Cinc,06 PLANCHAS DE ZINC ACANALADO DE 3.66 MTS. PARA AYUDA SOCIAL (M.F.Q.),"Productos derivados de minerales, plantas y animales / Minerales y metales / Metales base",11101719,1.0,,65000.0,65000.0,CLP
3796-542-AG26,2026-09-25T08:42:25.013,Región del Biobío,JEAN CLAUDE BORDAGORRY CORTÉS,Portas cubiertos o cucharas,"MATERIALES DE FERRETERIA Y OTROS, SEGÚN IMAGEN ADJ. TAMBIÉN, CADA PROVEEDOR DEBE SUBIR SU COTIZACIÓN DETALLADA PARA SU EVALUACIÓN SINO, SERÁN DECLARADOS INADMISIBLES. ","Muebles, accesorios, electrodomésticos y productos electrónicos / Utensilios y baterías de cocina, vajillas y otros productos de uso doméstico / Cubertería y cuchillería de uso doméstico",52151705,1.0,,279100.0,0.0,CLP
4195-1169-SE26,2026-09-30T12:23:53.063,Región de los Lagos,MARCOS AURELIO MACÍAS DEMARCHI,Tablero de partículas,PLANCHA DE TERCIADO ESTRUCTURAL 18 MM,"Productos derivados de minerales, plantas y animales / Productos no comestibles de origen vegetal / Madera",11121611,6.0,,23487.3949579832,140924.3697478992,CLP
4195-1169-SE26,2026-09-30T12:23:53.063,Región de los Lagos,MARCOS AURELIO MACÍAS DEMARCHI,Plancha de cinc,"PLANCHA DE ZINC ACANALADO 3,66 MTS X 0,35 MM","Artículos para estructuras, obras y construcciones / Materiales estructurales básicos / Plancha",30102212,10.0,,10882.3529411765,108823.52941176499,CLP
4195-1169-SE26,2026-09-30T12:23:53.063,Región de los Lagos,MARCOS AURELIO MACÍAS DEMARCHI,Plancha de cinc,"PLANCHA DE ZINC EN V DE 2,5MTS","Artículos para estructuras, obras y construcciones / Materiales estructurales básicos / Plancha",30102212,8.0,,7546.21848739496,60369.74789915968,CLP
5963-53-SE26,2026-09-30T14:27:05.27,Región de la Araucanía,COMERCIAL 77 SPA,Llave de tuercas de boca abierta,,"Herramientas y maquinaria en general / Herramientas manuales / Llaves, destornilladores y guías",27111706,5.0,,3100.0,15500.0,CLP
5963-53-SE26,2026-09-30T14:27:05.27,Región de la Araucanía,COMERCIAL 77 SPA,Silicona VMQ y PMQ y PVMQ,,"Resinas, cauchos, espumas y elastómeros / Caucho y elastómeros / Elastómeros",13101708,2.0,,3353.0,6706.0,CLP
5963-53-SE26,2026-09-30T14:27:05.27,Región de la Araucanía,COMERCIAL 77 SPA,Sello mecánico,,"Artículos de fabricación y producción / Juntas, empaquetaduras y sellos industriales / Sellos mecánicos",31181604,3.0,,1672.0,5016.0,CLP
5963-53-SE26,2026-09-30T14:27:05.27,Región de la Araucanía,COMERCIAL 77 SPA,Tubería de bronce,,"Equipamiento para el acondicionamiento, distribución y filtrado de fluidos / Control y distribución de líquidos y gases / Tuberías",40142108,2.0,,1336.0,2672.0,CLP
5963-53-SE26,2026-09-30T14:27:05.27,Región de la Araucanía,COMERCIAL 77 SPA,Cloruro de polivinilo (PVC),,"Resinas, cauchos, espumas y elastómeros / Caucho y elastómeros / Plásticos termoplásticos",13102030,2.0,,1008.0,2016.0,CLP
5963-53-SE26,2026-09-30T14:27:05.27,Región de la Araucanía,COMERCIAL 77 SPA,Gomas,,Artículos de fabricación y producción / Cintas adhesivas y selladores / Adhesivos y selladores,31201603,12.0,,126.0,1512.0,CLP
5963-53-SE26,2026-09-30T14:27:05.27,Región de la Araucanía,COMERCIAL 77 SPA,Gomas,,Artículos de fabricación y producción / Cintas adhesivas y selladores / Adhesivos y selladores,31201603,126.0,,6.0,756.0,CLP
5963-53-SE26,2026-09-30T14:27:05.27,Región de la Araucanía,COMERCIAL 77 SPA,Boquillas de ducha,,"Equipamiento para el acondicionamiento, distribución y filtrado de fluidos / Control y distribución de líquidos y gases / Materiales y accesorios de gasfitería",40141703,4.0,,2092.4,8369.6,CLP
5963-53-SE26,2026-09-30T14:27:05.27,Región de la Araucanía,COMERCIAL 77 SPA,Cloruro de polivinilo (PVC),,"Resinas, cauchos, espumas y elastómeros / Caucho y elastómeros / Plásticos termoplásticos",13102030,6.0,,2513.0,15078.0,CLP
5963-53-SE26,2026-09-30T14:27:05.27,Región de la Araucanía,COMERCIAL 77 SPA,Cemento,,"Artículos para estructuras, obras y construcciones / Hormigón, cemento y yeso / Cemento y cal",30111601,2.0,,3941.0,7882.0,CLP
5963-53-SE26,2026-09-30T14:27:05.27,Región de la Araucanía,COMERCIAL 77 SPA,Enchufes eléctricos,,"Artículos eléctricos y de iluminación / Equipamiento y artículos eléctricos / Conectores, enchufes y terminales",39121402,3.0,,1420.0,4260.0,CLP
5963-53-SE26,2026-09-30T14:27:05.27,Región de la Araucanía,COMERCIAL 77 SPA,Aceite de motor,,"Combustibles, lubricantes y anticorrosivos / Lubricantes y anticorrosivos / Lubricantes",15121501,5.0,,2941.7,14708.5,CLP
5963-53-SE26,2026-09-30T14:27:05.27,Región de la Araucanía,COMERCIAL 77 SPA,Tornillos de banco,,Herramientas y maquinaria en general / Herramientas manuales / Prensas y herramientas especiales,27112102,50.0,,46.0,2300.0,CLP
5963-53-SE26,2026-09-30T14:27:05.27,Región de la Araucanía,COMERCIAL 77 SPA,Clavos de acabado,,Artículos de fabricación y producción / Artículos de ferretería / Clavos,31162003,1.2,,3151.0,3781.2,CLP
5963-53-SE26,2026-09-30T14:27:05.27,Región de la Araucanía,COMERCIAL 77 SPA,Tapas para cerradura,,"Equipos y suministros de defensa, orden público, protección y seguridad / Seguridad, vigilancia y detección / Cerraduras, elementos de seguridad y accesorios",46171517,1.0,,14277.0,14277.0,CLP
5963-53-SE26,2026-09-30T14:27:05.27,Región de la Araucanía,COMERCIAL 77 SPA,Cloruro de polivinilo (PVC),,"Resinas, cauchos, espumas y elastómeros / Caucho y elastómeros / Plásticos termoplásticos",13102030,3.0,,1336.0,4008.0,CLP
5963-53-SE26,2026-09-30T14:27:05.27,Región de la Araucanía,COMERCIAL 77 SPA,Cinta para reparar tubería o manguito,,Artículos de fabricación y producción / Cintas adhesivas y selladores / Cinta adhesiva,31201519,3.0,,252.0,756.0,CLP
5963-53-SE26,2026-09-30T14:27:05.27,Región de la Araucanía,COMERCIAL 77 SPA,Clavos de acabado,,Artículos de fabricación y producción / Artículos de ferretería / Clavos,31162003,2.0,,3151.0,6302.0,CLP
5963-53-SE26,2026-09-30T14:27:05.27,Región de la Araucanía,COMERCIAL 77 SPA,Pintura,,"Educación, formación, entrenamiento y capacitación / Servicios educativos especializados / Bellas artes",86131502,1.0,,2310.9,2310.9,CLP
5963-53-SE26,2026-09-30T14:27:05.27,Región de la Araucanía,COMERCIAL 77 SPA,Raticidas,,Artículos para plantas y animales / Productos para el control de plagas / Pesticidas o repelentes de plagas,10191506,2.0,,3773.0,7546.0,CLP
5963-53-SE26,2026-09-30T14:27:05.27,Región de la Araucanía,COMERCIAL 77 SPA,Aleación ferrosa,,"Productos derivados de minerales, plantas y animales / Minerales y metales / Metales base",11101712,1.0,,13437.0,13437.0,CLP
5963-53-SE26,2026-09-30T14:27:05.27,Región de la Araucanía,COMERCIAL 77 SPA,Aleación ferrosa,,"Productos derivados de minerales, plantas y animales / Minerales y metales / Metales base",11101712,2.0,,12563.0,25126.0,CLP
5963-53-SE26,2026-09-30T14:27:05.27,Región de la Araucanía,COMERCIAL 77 SPA,Brochas,,"Artículos de fabricación y producción / Pinturas, diluyentes y accesorios para pintado / Accesorios para pintar",31211904,4.0,,1008.0,4032.0,CLP
5963-53-SE26,2026-09-30T14:27:05.27,Región de la Araucanía,COMERCIAL 77 SPA,Discos de acabado o pulido,,Equipamiento y suministros médicos / Equipos y suministros odontológicos / Rellenos y acabados dentales y suministros para pulir,42151805,10.0,,832.0,8320.0,CLP
5963-53-SE26,2026-09-30T14:27:05.27,Región de la Araucanía,COMERCIAL 77 SPA,Lubricantes anticorrosivos,,"Combustibles, lubricantes y anticorrosivos / Lubricantes y anticorrosivos / Anticorrosivos",15121802,1.0,,19319.0,19319.0,CLP
5963-53-SE26,2026-09-30T14:27:05.27,Región de la Araucanía,COMERCIAL 77 SPA,Soldadura,,Maquinaria para fabricación y transformación industrial / Maquinaria y suministros para talleres / Maquinaria para soldadura directa o indirecta,23171509,2.0,,4193.0,8386.0,CLP
5963-53-SE26,2026-09-30T14:27:05.27,Región de la Araucanía,COMERCIAL 77 SPA,Pernos de anclaje,,Artículos de fabricación y producción / Artículos de ferretería / Pernos,31161601,100.0,,50.6,5060.0,CLP
652-331-AG26,2026-09-29T18:33:49.633,Región del Biobío,SERVICIOS ROVEN  SPA,Cañerías o tuberías de riego,tubos pvc hidraulica 32 mm según se detalla en anexo,"Maquinaria para agricultura, pesca y silvicultura / Maquinaria para agricultura, silvicultura y paisaje / Maquinaria agrícola para preparación del suelo",21101510,64.0,,770.0,0.0,CLP
652-331-AG26,2026-09-29T18:33:49.633,Región del Biobío,SERVICIOS ROVEN  SPA,Codo de tubería,codo pvc 32 mm,"Equipamiento para el acondicionamiento, distribución y filtrado de fluidos / Control y distribución de líquidos y gases / Accesorios para tuberías",40142317,64.0,,530.0,0.0,CLP
652-331-AG26,2026-09-29T18:33:49.633,Región del Biobío,SERVICIOS ROVEN  SPA,Distribuidores de pegamento o recambios,pegamento tipo vinilit para pvc,"Equipos, accesorios y suministros de oficina / Suministros de oficina / Suministros de escritorio",44121631,2.0,,7800.0,0.0,CLP
1079694-336-AG26,2026-09-30T09:48:12.623,Región de Los Ríos,DAAM SPA,Enchufes eléctricos,"Adquisición e instalación de materiales de construcción destinados a la Sección Labocar dependiente de la Prefectura Valdivia N°23.

Se solicita a los proveedores ofertar conforme estricto apego a l","Artículos eléctricos y de iluminación / Equipamiento y artículos eléctricos / Conectores, enchufes y terminales",39121402,1.0,,5039500.0,0.0,CLP
1161266-652-AG26,2026-09-29T15:22:53.817,Región del Biobío,BERTA ELENA RAMÍREZ ERICES,Termos domésticos,TERMO DE ACERO INOXIDABLE 15 LITROS - ASISTENCIA SOCIAL,"Muebles, accesorios, electrodomésticos y productos electrónicos / Utensilios y baterías de cocina, vajillas y otros productos de uso doméstico / Platos, utensilios para servir y recipientes para almacenar",52152010,1.0,,37815.0,0.0,CLP
2292-7128-CM26,2026-09-15T10:15:56.113,Región del Maule,COMERCIAL GRAN VIA SPA,LIJA ISESA MADERA 22X28CM GRANO 100 25 UNIDADES REGIÓN VII,(2151867) LIJA ISESA MADERA 22X28CM GRANO 100 25 UNIDADES REGIÓN VII,,0,20.0,,3257.0,65140.0,CLP
2292-7128-CM26,2026-09-15T10:15:56.113,Región del Maule,COMERCIAL GRAN VIA SPA,LIJA ISESA MADERA 22X28CM GRANO 120 25 UNIDADES REGIÓN VII,(2151884) LIJA ISESA MADERA 22X28CM GRANO 120 25 UNIDADES REGIÓN VII,,0,20.0,,3364.0,67280.0,CLP
2292-7128-CM26,2026-09-15T10:15:56.113,Región del Maule,COMERCIAL GRAN VIA SPA,"DISCO DE LIJA TPL TRASLAPADO 4 1/2"" GRANO 80 PACK 10 UNIDADES REGIÓN VII","(2106239) DISCO DE LIJA TPL TRASLAPADO 4 1/2"" GRANO 80 PACK 10 UNIDADES REGIÓN VII",,0,5.0,,7140.0,35700.0,CLP
2292-7128-CM26,2026-09-15T10:15:56.113,Región del Maule,COMERCIAL GRAN VIA SPA,"DISCO DE LIJA TPL TRASLAPADO 4 1/2"" GRANO 120 PACK 10 UNIDADES REGIÓN VII","(2106188) DISCO DE LIJA TPL TRASLAPADO 4 1/2"" GRANO 120 PACK 10 UNIDADES REGIÓN VII",,0,5.0,,7140.0,35700.0,CLP
2292-7128-CM26,2026-09-15T10:15:56.113,Región del Maule,COMERCIAL GRAN VIA SPA,"DISCO DE CORTE BOSCH UNIVERSAL 7"" UNIDAD REGIÓN VII","(2102771) DISCO DE CORTE BOSCH UNIVERSAL 7"" UNIDAD REGIÓN VII",,0,15.0,,908.0,13620.0,CLP
2292-7128-CM26,2026-09-15T10:15:56.113,Región del Maule,COMERCIAL GRAN VIA SPA,"PLANCHA FIBROCEMENTO GAUMED 8MMX1,2X2,4 M UNIDAD REGIÓN VII","(2181481) PLANCHA FIBROCEMENTO GAUMED 8MMX1,2X2,4 M UNIDAD REGIÓN VII",,0,5.0,,17812.0,89060.0,CLP
2292-7128-CM26,2026-09-15T10:15:56.113,Región del Maule,COMERCIAL GRAN VIA SPA,RODILLO HELA ESPUMA 5X18CM UNIDAD REGIÓN VII,(2193347) RODILLO HELA ESPUMA 5X18CM UNIDAD REGIÓN VII,,0,30.0,,3460.0,103800.0,CLP
2292-7128-CM26,2026-09-15T10:15:56.113,Región del Maule,COMERCIAL GRAN VIA SPA,"TORNILLO AUTOPERFORANTE SERVIPER CABEZA LENTEJA 8MMX1 1/4"" 100 UNIDADES REGIÓN VII","(2210500) TORNILLO AUTOPERFORANTE SERVIPER CABEZA LENTEJA 8MMX1 1/4"" 100 UNIDADES REGIÓN VII",,0,10.0,,1406.0,14060.0,CLP
2292-7128-CM26,2026-09-15T10:15:56.113,Región del Maule,COMERCIAL GRAN VIA SPA,"TORNILLO AUTOPERFORANTE IMPORPER HEXAGONAL CON GOLILLA 12MMX2"" 100 UNIDADES REGIÓN VII","(2209599) TORNILLO AUTOPERFORANTE IMPORPER HEXAGONAL CON GOLILLA 12MMX2"" 100 UNIDADES REGIÓN VII",,0,10.0,,4714.0,47140.0,CLP
2292-7128-CM26,2026-09-15T10:15:56.113,Región del Maule,COMERCIAL GRAN VIA SPA,"TORNILLO AUTOPERFORANTE TPL CABEZA LENTEJA 8MMX1/2"" 100 UNIDADES REGIÓN VII","(2210823) TORNILLO AUTOPERFORANTE TPL CABEZA LENTEJA 8MMX1/2"" 100 UNIDADES REGIÓN VII",,0,10.0,,1149.0,11490.0,CLP
2292-7128-CM26,2026-09-15T10:15:56.113,Región del Maule,COMERCIAL GRAN VIA SPA,KIT INSTALACIÓN WC HOFFENS DESCARGA AL PISO REGIÓN VII,(2150269) KIT INSTALACIÓN WC HOFFENS DESCARGA AL PISO REGIÓN VII,,0,50.0,,5869.0,293450.0,CLP
2292-7128-CM26,2026-09-15T10:15:56.113,Región del Maule,COMERCIAL GRAN VIA SPA,CINTA DE ENMASCARAR 3M ROLLO 50MM X 50M BEIGE UNIDAD REGIÓN VII,(2092503) CINTA DE ENMASCARAR 3M ROLLO 50MM X 50M BEIGE UNIDAD REGIÓN VII,,0,50.0,,2168.0,108400.0,CLP
2292-7128-CM26,2026-09-15T10:15:56.113,Región del Maule,COMERCIAL GRAN VIA SPA,SILICONA SELLANTE AKFIX CARTUCHO BAÑO Y COCINA 290 ML BLANCO UNIDAD REGIÓN VII,(2199739) SILICONA SELLANTE AKFIX CARTUCHO BAÑO Y COCINA 290 ML BLANCO UNIDAD REGIÓN VII,,0,30.0,,2626.0,78780.0,CLP
2292-7128-CM26,2026-09-15T10:15:56.113,Región del Maule,COMERCIAL GRAN VIA SPA,ADHESIVO MONTAJE INBOMED CARTUCHO 310 GR UNIDAD REGIÓN VII,(2062770) ADHESIVO MONTAJE INBOMED CARTUCHO 310 GR UNIDAD REGIÓN VII,,0,10.0,,1476.0,14760.0,CLP
2292-7128-CM26,2026-09-15T10:15:56.113,Región del Maule,COMERCIAL GRAN VIA SPA,TOMACORRIENTE W ANT ENERGÍA POSITIVA HEMBRA TRIPLE PLÁSTICO BLANCO UNIDAD REGIÓN VII,(2208766) TOMACORRIENTE W ANT ENERGÍA POSITIVA HEMBRA TRIPLE PLÁSTICO BLANCO UNIDAD REGIÓN VII,,0,80.0,,1510.0,120800.0,CLP
2292-7128-CM26,2026-09-15T10:15:56.113,Región del Maule,COMERCIAL GRAN VIA SPA,RODILLO LIZCAL CHIPORRO 5X23CM UNIDAD REGIÓN VII,(2193670) RODILLO LIZCAL CHIPORRO 5X23CM UNIDAD REGIÓN VII,,0,40.0,,3282.0,131280.0,CLP
2292-7128-CM26,2026-09-15T10:15:56.113,Región del Maule,COMERCIAL GRAN VIA SPA,RODILLO LIZCAL LANA 5X23CM UNIDAD REGIÓN VII,(2193857) RODILLO LIZCAL LANA 5X23CM UNIDAD REGIÓN VII,,0,40.0,,3295.0,131800.0,CLP
2292-7128-CM26,2026-09-15T10:15:56.113,Región del Maule,COMERCIAL GRAN VIA SPA,"PLANCHA ZINC QRUBBER ACANALADA 0,3X851X3660MM UNIDAD REGIÓN VII","(2185476) PLANCHA ZINC QRUBBER ACANALADA 0,3X851X3660MM UNIDAD REGIÓN VII",,0,12.0,,11213.0,134556.0,CLP
2292-7128-CM26,2026-09-15T10:15:56.113,Región del Maule,COMERCIAL GRAN VIA SPA,"PLANCHA ZINC SWADOWTRAIL 5V 0,35X895X3500MM UNIDAD REGIÓN VII","(2185663) PLANCHA ZINC SWADOWTRAIL 5V 0,35X895X3500MM UNIDAD REGIÓN VII",,0,12.0,,10779.0,129348.0,CLP
2292-7128-CM26,2026-09-15T10:15:56.113,Región del Maule,COMERCIAL GRAN VIA SPA,"PERFIL METALCON PERFIMET ESTRUCTURAL U 60X25X0,85 MM 6 M UNIDAD REGIÓN VII","(2175021) PERFIL METALCON PERFIMET ESTRUCTURAL U 60X25X0,85 MM 6 M UNIDAD REGIÓN VII",,0,12.0,,4577.0,54924.0,CLP
2292-7128-CM26,2026-09-15T10:15:56.113,Región del Maule,COMERCIAL GRAN VIA SPA,"PERFIL METALCON CINTAC OMEGA 35X38X15X0,85 MM X6 M UNIDAD REGIÓN VII","(2174511) PERFIL METALCON CINTAC OMEGA 35X38X15X0,85 MM X6 M UNIDAD REGIÓN VII",,0,32.0,,7231.0,231392.0,CLP
2292-7128-CM26,2026-09-15T10:15:56.113,Región del Maule,COMERCIAL GRAN VIA SPA,PERFIL ACERO AZA REDONDO 12 MMX6 M UNIDAD REGIÓN VII,(2170278) PERFIL ACERO AZA REDONDO 12 MMX6 M UNIDAD REGIÓN VII,,0,18.0,,7143.0,128574.0,CLP
2292-7128-CM26,2026-09-15T10:15:56.113,Región del Maule,COMERCIAL GRAN VIA SPA,SELLADOR FULLSELLO ACRÍLICO CARTUCHO 290 ML BLANCO UNIDAD REGIÓN VII,(2195421) SELLADOR FULLSELLO ACRÍLICO CARTUCHO 290 ML BLANCO UNIDAD REGIÓN VII,,0,30.0,,1506.0,45180.0,CLP
2292-7128-CM26,2026-09-15T10:15:56.113,Región del Maule,COMERCIAL GRAN VIA SPA,PUERTA INTERIOR IGAL MDF 70 CMX200 CM BLANCA UNIDAD REGIÓN VII,(2190202) PUERTA INTERIOR IGAL MDF 70 CMX200 CM BLANCA UNIDAD REGIÓN VII,,0,18.0,,23107.0,415926.0,CLP
2297-1252-SE26,2026-09-29T09:52:16.92,Región de los Lagos,HESS Y BUSCHMANN LTDA,Perfiles de acero,MATERIALES DE CONSTRUCCION SEGUN COTIZACION ADJUNTA DE CONTRATO SUMINISTRO.,"Artículos para estructuras, obras y construcciones / Materiales estructurales básicos / Perfiles",30102304,1.0,,18334590.0,18334590.0,CLP
2760-100-SE26,2026-09-24T13:06:20.873,Región del Biobío,FERNANDO ALBERTO VELOSO OLIVA,Materiales para guarniciones exteriores,LISTADO MATERIALES DE CONSTRUCCION Y OTROS PROGRAMA HABITABILIDAD 2025-2026,"Artículos para estructuras, obras y construcciones / Materiales para terminaciones exteriores / Materiales para acabado",30151902,1.0,,16110269.0,16110269.0,CLP
3880-477-SE26,2026-09-28T10:28:15.947,Región del Maule,HUALA SPA,Brochas,"SEGUNDA REMESA DE MATERIALES DE CONSTRUCCION, DEPENDENCIAS MUNICIPALES. SEGUN BASES ADMINISTRATIVAS Y TECNICAS ADJUNTAS.-","Artículos de fabricación y producción / Pinturas, diluyentes y accesorios para pintado / Accesorios para pintar",31211904,1.0,,15571496.0,15571496.0,CLP
3962-719-SE26,2026-09-28T17:19:16.87,Región del Biobío,SOC. EXP E IMP M&M LTDA,Tablero de partículas,Terciado liso de 18 mm,"Productos derivados de minerales, plantas y animales / Productos no comestibles de origen vegetal / Madera",11121611,3.0,,24000.0,72000.0,CLP
3962-719-SE26,2026-09-28T17:19:16.87,Región del Biobío,SOC. EXP E IMP M&M LTDA,Tablero de partículas,OSB de 8 mm,"Productos derivados de minerales, plantas y animales / Productos no comestibles de origen vegetal / Madera",11121611,4.0,,13000.0,52000.0,CLP
3962-724-SE26,2026-09-28T17:17:02.683,Región del Biobío,SOC. EXP E IMP M&M LTDA,Tanques de almacenamiento de agua,Estanque de agua de 1000 litros ,Equipamiento para manejo y estiba de materiales / Recipientes para almacenamiento / Tanques y cilindros,24111810,1.0,,95000.0,95000.0,CLP
3962-733-SE26,2026-09-28T17:06:36.367,Región del Biobío,SOC. EXP E IMP M&M LTDA,Taza de WC,Kit sala de baño ,"Artículos para estructuras, obras y construcciones / Artefactos sanitarios / Loza sanitaria",30181505,1.0,,80000.0,80000.0,CLP
4189-623-SE26,2026-09-29T16:13:48.287,Región del Biobío,DANIEL ABRAHAM YÉVENES PINO,Materiales para guarniciones exteriores,"ITEM 33, CLAVO VERDE CTE. 3""","Artículos para estructuras, obras y construcciones / Materiales para terminaciones exteriores / Materiales para acabado",30151902,50.0,,1697.0,84850.0,CLP
4189-623-SE26,2026-09-29T16:13:48.287,Región del Biobío,DANIEL ABRAHAM YÉVENES PINO,Materiales para guarniciones exteriores,"ITEM 34, CLAVO CTE. 4""","Artículos para estructuras, obras y construcciones / Materiales para terminaciones exteriores / Materiales para acabado",30151902,50.0,,1664.0,83200.0,CLP
4189-623-SE26,2026-09-29T16:13:48.287,Región del Biobío,DANIEL ABRAHAM YÉVENES PINO,Materiales para guarniciones exteriores,"ITEM 129, PINO VERDE 1X4X3.20 MT","Artículos para estructuras, obras y construcciones / Materiales para terminaciones exteriores / Materiales para acabado",30151902,250.0,,1891.0,472750.0,CLP
4189-623-SE26,2026-09-29T16:13:48.287,Región del Biobío,DANIEL ABRAHAM YÉVENES PINO,Materiales para guarniciones exteriores,"ITEM 130, PINO VERDE 2X2X3.20 MT","Artículos para estructuras, obras y construcciones / Materiales para terminaciones exteriores / Materiales para acabado",30151902,250.0,,1891.0,472750.0,CLP
4189-623-SE26,2026-09-29T16:13:48.287,Región del Biobío,DANIEL ABRAHAM YÉVENES PINO,Materiales para guarniciones exteriores,"ITEM 131, PINO VERDE 2X3X3.20 MT","Artículos para estructuras, obras y construcciones / Materiales para terminaciones exteriores / Materiales para acabado",30151902,250.0,,2395.0,598750.0,CLP
4189-623-SE26,2026-09-29T16:13:48.287,Región del Biobío,DANIEL ABRAHAM YÉVENES PINO,Materiales para guarniciones exteriores,"ITEM 132, PINO VERDE 2X4X3.20 MT","Artículos para estructuras, obras y construcciones / Materiales para terminaciones exteriores / Materiales para acabado",30151902,250.0,,3571.0,892750.0,CLP
4189-623-SE26,2026-09-29T16:13:48.287,Región del Biobío,DANIEL ABRAHAM YÉVENES PINO,Materiales para guarniciones exteriores,"ITEM 133, PINO VERDE 2X5X3.20 MT","Artículos para estructuras, obras y construcciones / Materiales para terminaciones exteriores / Materiales para acabado",30151902,250.0,,4076.0,1019000.0,CLP
4189-623-SE26,2026-09-29T16:13:48.287,Región del Biobío,DANIEL ABRAHAM YÉVENES PINO,Materiales para guarniciones exteriores,"ITEM 134, PINO VERDE 2X6X3.20 MT","Artículos para estructuras, obras y construcciones / Materiales para terminaciones exteriores / Materiales para acabado",30151902,250.0,,4916.0,1229000.0,CLP
4189-623-SE26,2026-09-29T16:13:48.287,Región del Biobío,DANIEL ABRAHAM YÉVENES PINO,Materiales para guarniciones exteriores,"ITEM 274, APOYOS DE HORMIGÓN 40 CM","Artículos para estructuras, obras y construcciones / Materiales para terminaciones exteriores / Materiales para acabado",30151902,150.0,,2101.0,315150.0,CLP
539119-3161-SE26,2026-09-29T15:39:20.527,Región de Valparaíso,BRUNO NICOLÁS MORAGA SEPÚLVEDA,Perfiles de montaje,"SUMINISTRO DE  ART. DE FERRETERIA PARA LA COMISION COMPLEJO VILLA ALEMANA SEGUN SOLICITUD DE PEDIDO ADJUNTA, CORRESPONDIENTE AL MES DE SEPTIEMBRE DE 2026, DESDE LICITACION 539119-35-LQ25. LINEA 3",Artículos de fabricación y producción / Artículos de ferretería / Accesorios de Ferretería,31162301,1.0,,61292.0,61292.0,CLP
1078177-887-AG26,2026-09-28T11:07:34.987,Región de la Araucanía,VICTORINA DEL CARMEN MONTENEGRO RÍOS,Clavo-tornillo,REQUERIMIENTOS CONFORME AL DETALLE ESTABLECIDO EN EL ANEXO ADJUNTO,Artículos de fabricación y producción / Artículos de ferretería / Tornillos,31161503,1.0,,4500.0,0.0,CLP
1078177-887-AG26,2026-09-28T11:07:34.987,Región de la Araucanía,VICTORINA DEL CARMEN MONTENEGRO RÍOS,Carpintería o chapistería de acabados,REQUERIMIENTOS CONFORME AL DETALLE ESTABLECIDO EN EL ANEXO ADJUNTO,"Servicios de construcción y mantenimiento / Servicios de atención, mantenimiento y reparaciones de edificios / Acabados de interiores",72101903,1.0,,174000.0,0.0,CLP
2481-96-SE26,2026-09-30T09:09:01.283,Región del Ñuble,FERRETERIA MULTICOMERCIAL LTDA,Tubos microcentrífugos,Tubo pvc HID 32 mm.,Equipamiento para laboratorios / Suministros para laboratorios / Tubos de ensayo,41121702,6.0,,2880.0,17280.0,CLP
2481-96-SE26,2026-09-30T09:09:01.283,Región del Ñuble,FERRETERIA MULTICOMERCIAL LTDA,Tubería de plástico,Copla pvc HID. 32 mm.,"Equipamiento para el acondicionamiento, distribución y filtrado de fluidos / Control y distribución de líquidos y gases / Tuberías",40142115,10.0,,500.0,5000.0,CLP
2481-96-SE26,2026-09-30T09:09:01.283,Región del Ñuble,FERRETERIA MULTICOMERCIAL LTDA,Tubería de plástico,Tee pvc HID. 32 mm.,"Equipamiento para el acondicionamiento, distribución y filtrado de fluidos / Control y distribución de líquidos y gases / Tuberías",40142115,10.0,,300.0,3000.0,CLP
2481-96-SE26,2026-09-30T09:09:01.283,Región del Ñuble,FERRETERIA MULTICOMERCIAL LTDA,Tubería de plástico,Codo pvc HID. 25 mm. ,"Equipamiento para el acondicionamiento, distribución y filtrado de fluidos / Control y distribución de líquidos y gases / Tuberías",40142115,10.0,,130.0,1300.0,CLP
2481-96-SE26,2026-09-30T09:09:01.283,Región del Ñuble,FERRETERIA MULTICOMERCIAL LTDA,Tubería de plástico,Tee pvc HID. 25 mm.,"Equipamiento para el acondicionamiento, distribución y filtrado de fluidos / Control y distribución de líquidos y gases / Tuberías",40142115,10.0,,160.0,1600.0,CLP
2481-96-SE26,2026-09-30T09:09:01.283,Región del Ñuble,FERRETERIA MULTICOMERCIAL LTDA,Tubería de plástico,Copla pvc HID 25 mm.,"Equipamiento para el acondicionamiento, distribución y filtrado de fluidos / Control y distribución de líquidos y gases / Tuberías",40142115,10.0,,230.0,2300.0,CLP
2481-96-SE26,2026-09-30T09:09:01.283,Región del Ñuble,FERRETERIA MULTICOMERCIAL LTDA,Tubería de plástico,Codo pvc HID. 32 mm.,"Equipamiento para el acondicionamiento, distribución y filtrado de fluidos / Control y distribución de líquidos y gases / Tuberías",40142115,10.0,,180.0,1800.0,CLP
2481-96-SE26,2026-09-30T09:09:01.283,Región del Ñuble,FERRETERIA MULTICOMERCIAL LTDA,Tubería de plástico,"Terminal pvc HID, HE 32 mm.","Equipamiento para el acondicionamiento, distribución y filtrado de fluidos / Control y distribución de líquidos y gases / Tuberías",40142115,10.0,,110.0,1100.0,CLP
2481-96-SE26,2026-09-30T09:09:01.283,Región del Ñuble,FERRETERIA MULTICOMERCIAL LTDA,Tubería de plástico,Terminales pvc HID. 25 mm. ,"Equipamiento para el acondicionamiento, distribución y filtrado de fluidos / Control y distribución de líquidos y gases / Tuberías",40142115,10.0,,100.0,1000.0,CLP
2481-96-SE26,2026-09-30T09:09:01.283,Región del Ñuble,FERRETERIA MULTICOMERCIAL LTDA,Tubería de plástico,Terminales pvc HID. 25 mm,"Equipamiento para el acondicionamiento, distribución y filtrado de fluidos / Control y distribución de líquidos y gases / Tuberías",40142115,10.0,,125.0,1250.0,CLP
2481-96-SE26,2026-09-30T09:09:01.283,Región del Ñuble,FERRETERIA MULTICOMERCIAL LTDA,Tubería de plástico,"Terminal pvc HID, HI 32 mm. ","Equipamiento para el acondicionamiento, distribución y filtrado de fluidos / Control y distribución de líquidos y gases / Tuberías",40142115,10.0,,180.0,1800.0,CLP
2481-96-SE26,2026-09-30T09:09:01.283,Región del Ñuble,FERRETERIA MULTICOMERCIAL LTDA,Tubería de plástico,Tee pvc  25 mm. HI,"Equipamiento para el acondicionamiento, distribución y filtrado de fluidos / Control y distribución de líquidos y gases / Tuberías",40142115,10.0,,390.0,3900.0,CLP
2481-96-SE26,2026-09-30T09:09:01.283,Región del Ñuble,FERRETERIA MULTICOMERCIAL LTDA,Pegamento de purpurina,Pegamento pvc 240 cc.,"Instrumentos musicales, juegos, juguetes, artesanías y materiales educativos / Equipos de arte y manualidades, accesorios y suministros / Purpurina",60123601,5.0,,4780.0,23900.0,CLP
2713-1091-AG26,2026-09-29T15:48:48.377,Región Aysén del General Carlos Ibáñez del Campo,ARROYO Y SAUL  COMPAÑÍA LIMITADA,Grapas de ferretería,Materiales de construcción ,Artículos de fabricación y producción / Artículos de ferretería / Cerrojos,31162404,1.0,,811050.0,0.0,CLP
3371-35-SE26,2026-09-30T14:48:04.133,Región del Libertador General Bernardo O´Higgins,RODRIGO JORGE RUIZ RODRIGO,Sets de construcción,ELEMENTOS DE FERRETERÍA,"Instrumentos musicales, juegos, juguetes, artesanías y materiales educativos / Juguetes y juegos / Sistemas de construcción y bloques infantiles",60141302,1.0,,2383500.0,2383500.0,CLP
3756-686-AG26,2026-09-29T12:43:54.657,Región del Maule,SOLANGELA ,Grapas de ferretería,ADQUISICION DE MATERIALES DE CONSTRUCCION PARA SALA DE ESPERA DOM,Artículos de fabricación y producción / Artículos de ferretería / Cerrojos,31162404,1.0,,4579495.0,0.0,CLP
3962-720-SE26,2026-09-28T17:13:12.787,Región del Biobío,SOC. EXP E IMP M&M LTDA,Plancha de cinc,Zinc acanalado de 0.30x3.66,"Artículos para estructuras, obras y construcciones / Materiales estructurales básicos / Plancha",30102212,7.0,,12000.0,84000.0,CLP
3962-720-SE26,2026-09-28T17:13:12.787,Región del Biobío,SOC. EXP E IMP M&M LTDA,Cartones para techar,Fieltro liso de 40 metros ,"Artículos para estructuras, obras y construcciones / Materiales para terminaciones exteriores / Materiales para techumbres",30151504,1.0,,12000.0,12000.0,CLP
3962-723-SE26,2026-09-28T17:10:23.877,Región del Biobío,SOC. EXP E IMP M&M LTDA,Tablero de partículas,Terciado liso de 18 mm,"Productos derivados de minerales, plantas y animales / Productos no comestibles de origen vegetal / Madera",11121611,4.0,,24000.0,96000.0,CLP
3962-731-SE26,2026-09-28T17:08:24.843,Región del Biobío,SOC. EXP E IMP M&M LTDA,Tablero de partículas,Terciado liso de 18 mm,"Productos derivados de minerales, plantas y animales / Productos no comestibles de origen vegetal / Madera",11121611,4.0,,24000.0,96000.0,CLP
4022-489-SE26,2026-09-25T12:04:06.73,Región de Arica y Parinacota,MARIO ADÁN QUISPE CASTILLO,Pinturas aceitosas,"ADQ, PINTURAS, PORCELANATO Y MATERIALES DE FERRETERÍA.","Artículos de fabricación y producción / Pinturas, diluyentes y accesorios para pintado / Pinturas",31211505,1.0,,12551500.0,12551500.0,CLP
4034-601-AG26,2026-09-29T13:48:23.413,Región del Biobío,DIEGO ALEXANDER CID GONZÁLEZ,Cemento,MATERIAL DE FERRETERIA PARA ESCUELA F-860,"Artículos para estructuras, obras y construcciones / Hormigón, cemento y yeso / Cemento y cal",30111601,1.0,,165600.0,0.0,CLP
4157-896-AG26,2026-09-28T11:01:33.84,Región del Ñuble,COMERCIALIZADORA Y AGROFERRETERÍA LAS QUILAS SPA,Pernos de anclaje,"PERNO ANCLAJE 1/4

",Artículos de fabricación y producción / Artículos de ferretería / Pernos,31161601,2.0,,2000.0,0.0,CLP
4157-896-AG26,2026-09-28T11:01:33.84,Región del Ñuble,COMERCIALIZADORA Y AGROFERRETERÍA LAS QUILAS SPA,Pernos de anclaje,"TEFLON DE AGUA 3/4

",Artículos de fabricación y producción / Artículos de ferretería / Pernos,31161601,3.0,,400.0,0.0,CLP
4157-896-AG26,2026-09-28T11:01:33.84,Región del Ñuble,COMERCIALIZADORA Y AGROFERRETERÍA LAS QUILAS SPA,Pernos de anclaje,"TORNILLOS 1/4 CAJA

",Artículos de fabricación y producción / Artículos de ferretería / Pernos,31161601,3.0,,1500.0,0.0,CLP
4157-896-AG26,2026-09-28T11:01:33.84,Región del Ñuble,COMERCIALIZADORA Y AGROFERRETERÍA LAS QUILAS SPA,Pernos de anclaje,"PERNO ANCLAJE 3/8 X 3

",Artículos de fabricación y producción / Artículos de ferretería / Pernos,31161601,12.0,,1500.0,0.0,CLP
4157-896-AG26,2026-09-28T11:01:33.84,Región del Ñuble,COMERCIALIZADORA Y AGROFERRETERÍA LAS QUILAS SPA,Pernos de anclaje,"CANALETA 4MTS PVC CAFE

",Artículos de fabricación y producción / Artículos de ferretería / Pernos,31161601,5.0,,7000.0,0.0,CLP
4157-896-AG26,2026-09-28T11:01:33.84,Región del Ñuble,COMERCIALIZADORA Y AGROFERRETERÍA LAS QUILAS SPA,Pernos de anclaje,"CLAVO VULCANITA 5/8 KILO

",Artículos de fabricación y producción / Artículos de ferretería / Pernos,31161601,1.0,,3500.0,0.0,CLP
4157-896-AG26,2026-09-28T11:01:33.84,Región del Ñuble,COMERCIALIZADORA Y AGROFERRETERÍA LAS QUILAS SPA,Pernos de anclaje,"DISCO LIJA FLAX MADERA

",Artículos de fabricación y producción / Artículos de ferretería / Pernos,31161601,2.0,,1800.0,0.0,CLP
4157-896-AG26,2026-09-28T11:01:33.84,Región del Ñuble,COMERCIALIZADORA Y AGROFERRETERÍA LAS QUILAS SPA,Pernos de anclaje,"BROCHA 3""

",Artículos de fabricación y producción / Artículos de ferretería / Pernos,31161601,3.0,,1800.0,0.0,CLP
4157-896-AG26,2026-09-28T11:01:33.84,Región del Ñuble,COMERCIALIZADORA Y AGROFERRETERÍA LAS QUILAS SPA,Pernos de anclaje,"PROBADOR DE CORRIENTE TIPO LAPIZ

",Artículos de fabricación y producción / Artículos de ferretería / Pernos,31161601,1.0,,5000.0,0.0,CLP
4157-896-AG26,2026-09-28T11:01:33.84,Región del Ñuble,COMERCIALIZADORA Y AGROFERRETERÍA LAS QUILAS SPA,Pernos de anclaje,"TORNILLOS CABEZAS DE LENTEJA 8 X 1/2

",Artículos de fabricación y producción / Artículos de ferretería / Pernos,31161601,1.0,,1500.0,0.0,CLP
4157-896-AG26,2026-09-28T11:01:33.84,Región del Ñuble,COMERCIALIZADORA Y AGROFERRETERÍA LAS QUILAS SPA,Pernos de anclaje,"GUARDAPOLVO MADERA

",Artículos de fabricación y producción / Artículos de ferretería / Pernos,31161601,5.0,,2800.0,0.0,CLP
4157-896-AG26,2026-09-28T11:01:33.84,Región del Ñuble,COMERCIALIZADORA Y AGROFERRETERÍA LAS QUILAS SPA,Pernos de anclaje,"CUARTO RODON MADERA

",Artículos de fabricación y producción / Artículos de ferretería / Pernos,31161601,3.0,,2800.0,0.0,CLP
4157-896-AG26,2026-09-28T11:01:33.84,Región del Ñuble,COMERCIALIZADORA Y AGROFERRETERÍA LAS QUILAS SPA,Pernos de anclaje,"CADENA METRO ESLABON CORTO

",Artículos de fabricación y producción / Artículos de ferretería / Pernos,31161601,2.0,,5000.0,0.0,CLP
4157-896-AG26,2026-09-28T11:01:33.84,Región del Ñuble,COMERCIALIZADORA Y AGROFERRETERÍA LAS QUILAS SPA,Pernos de anclaje,"CANCAMO DE ANCLAJE 1/4X4



",Artículos de fabricación y producción / Artículos de ferretería / Pernos,31161601,2.0,,1000.0,0.0,CLP
4157-896-AG26,2026-09-28T11:01:33.84,Región del Ñuble,COMERCIALIZADORA Y AGROFERRETERÍA LAS QUILAS SPA,Pernos de anclaje,"PUNTILLA 1 1/2, KILO

",Artículos de fabricación y producción / Artículos de ferretería / Pernos,31161601,2.0,,5000.0,0.0,CLP
4157-896-AG26,2026-09-28T11:01:33.84,Región del Ñuble,COMERCIALIZADORA Y AGROFERRETERÍA LAS QUILAS SPA,Pernos de anclaje,"TERCIADO RANURADO 12MM

",Artículos de fabricación y producción / Artículos de ferretería / Pernos,31161601,2.0,,23500.0,0.0,CLP
4157-896-AG26,2026-09-28T11:01:33.84,Región del Ñuble,COMERCIALIZADORA Y AGROFERRETERÍA LAS QUILAS SPA,Pernos de anclaje,"ALARGADOR 5MTS

",Artículos de fabricación y producción / Artículos de ferretería / Pernos,31161601,1.0,,10000.0,0.0,CLP
4157-896-AG26,2026-09-28T11:01:33.84,Región del Ñuble,COMERCIALIZADORA Y AGROFERRETERÍA LAS QUILAS SPA,Pernos de anclaje,"DISCO CORTE 180

",Artículos de fabricación y producción / Artículos de ferretería / Pernos,31161601,1.0,,2500.0,0.0,CLP
4157-896-AG26,2026-09-28T11:01:33.84,Región del Ñuble,COMERCIALIZADORA Y AGROFERRETERÍA LAS QUILAS SPA,Pernos de anclaje,"SILCONA ROJA ALTA TEMPERATURA

",Artículos de fabricación y producción / Artículos de ferretería / Pernos,31161601,4.0,,3000.0,0.0,CLP
4157-896-AG26,2026-09-28T11:01:33.84,Región del Ñuble,COMERCIALIZADORA Y AGROFERRETERÍA LAS QUILAS SPA,Pernos de anclaje,"PERNO ANCLAJE 5/16

",Artículos de fabricación y producción / Artículos de ferretería / Pernos,31161601,8.0,,1500.0,0.0,CLP
